[
  {
    "post_id": "insta_17921226178134867",
    "comment_text": 1527125784,
    "comment_date": "이 신발 너무 귀여웡~😍",
    "metadata": {
      "id": "17921226178134867",
      "text": "이 신발 너무 귀여웡~😍",
      "created_at": 1527125784,
      "owner": {
        "id": "1191170084",
        "profile_pic_url": "https://scontent-icn1-1.cdninstagram.com/vp/ff83f50c109b05a0ff845eca416cbe99/5B91163B/t51.2885-19/928864_972225666162457_295443143_a.jpg",
        "username": "paranbora"
      }
    }
  },
  {
    "post_id": "insta_17947980532058506",
    "comment_text": 1527127166,
    "comment_date": "☆신고 놀러가즈아ㅋ",
    "metadata": {
      "id": "17947980532058506",
      "text": "☆신고 놀러가즈아ㅋ",
      "created_at": 1527127166,
      "owner": {
        "id": "1301828245",
        "profile_pic_url": "https://scontent-icn1-1.cdninstagram.com/vp/288c58c5b309557cb7e1a78b4f657da3/5B809C7A/t51.2885-19/s150x150/31108373_585069175189342_3744965560874565632_n.jpg",
        "username": "dong_dong3499"
      }
    }
  },
  {
    "post_id": "insta_17857968529255008",
    "comment_text": 1527078573,
    "comment_date": "너무 예뻐❤다리짱길어😂😙💜💜",
    "metadata": {
      "id": "17857968529255008",
      "text": "너무 예뻐❤다리짱길어😂😙💜💜",
      "created_at": 1527078573,
      "owner": {
        "id": "6798262690",
        "profile_pic_url": "https://scontent-icn1-1.cdninstagram.com/vp/ea1b278633aa8a574dce3758b3ae144a/5BC4BD8C/t51.2885-19/s150x150/31720098_1676563759127001_2981387944071266304_n.jpg",
        "username": "hannah4everk5208"
      }
    }
  },
  {
    "post_id": "insta_17946579577008388",
    "comment_text": 1527078777,
    "comment_date": "다리 비율봐 저런저런 ,,",
    "metadata": {
      "id": "17946579577008388",
      "text": "다리 비율봐 저런저런 ,,",
      "created_at": 1527078777,
      "owner": {
        "id": "7158976870",
        "profile_pic_url": "https://scontent-icn1-1.cdninstagram.com/vp/27f8c40d318ee28710c2da231aa8ec14/5B8C5405/t51.2885-19/s150x150/32164123_168172810522474_168929932859146240_n.jpg",
        "username": "j0elless_"
      }
    }
  },
  {
    "post_id": "insta_17874438106229114",
    "comment_text": 1527079010,
    "comment_date": "헤어롤말고싶다",
    "metadata": {
      "id": "17874438106229114",
      "text": "헤어롤말고싶다",
      "created_at": 1527079010,
      "owner": {
        "id": "6639268657",
        "profile_pic_url": "https://scontent-icn1-1.cdninstagram.com/vp/6abd769470a3a8fc1d216f38f7819e14/5BC317B1/t51.2885-19/s150x150/32247611_181404599181699_1585179391372034048_n.jpg",
        "username": "shlee0730"
      }
    }
  },
  {
    "post_id": "insta_17905529239195477",
    "comment_text": 1527088208,
    "comment_date": "🙊",
    "metadata": {
      "id": "17905529239195477",
      "text": "🙊",
      "created_at": 1527088208,
      "owner": {
        "id": "254522677",
        "profile_pic_url": "https://scontent-icn1-1.cdninstagram.com/vp/c1ff4bba4c130301d3dc6b74448888e6/5B85324E/t51.2885-19/s150x150/21296341_336689336781106_4307985066996269056_a.jpg",
        "username": "kimta_tt"
      }
    }
  },
  {
    "post_id": "insta_17922675340189317",
    "comment_text": 1527118211,
    "comment_date": "Ooooooooooooo",
    "metadata": {
      "id": "17922675340189317",
      "text": "Ooooooooooooo",
      "created_at": 1527118211,
      "owner": {
        "id": "6412758939",
        "profile_pic_url": "https://scontent-icn1-1.cdninstagram.com/vp/96ab627da14c7ab3869c4a31839d3711/5B7F77BC/t51.2885-19/s150x150/31758415_468760953556254_620661600776355840_n.jpg",
        "username": "n_froz"
      }
    }
  },
  {
    "post_id": "insta_17932588216114220",
    "comment_text": 1527072101,
    "comment_date": "#박스티 #전사티 #와이드슬랙스 #휠라 #디스럽터2 #disruptor2 #dailylook #fashion #패션스타그램",
    "metadata": {
      "id": "17932588216114220",
      "text": "#박스티 #전사티 #와이드슬랙스 #휠라 #디스럽터2 #disruptor2 #dailylook #fashion #패션스타그램",
      "created_at": 1527072101,
      "owner": {
        "id": "4011101029",
        "profile_pic_url": "https://scontent-icn1-1.cdninstagram.com/vp/4ccc9561e4c33270c874d104ba4355b8/5B8C8A97/t51.2885-19/s150x150/27894306_186603858779672_1603810791998357504_n.jpg",
        "username": "yu1ife_527"
      }
    }
  },
  {
    "post_id": "insta_17916440722164710",
    "comment_text": 1527079013,
    "comment_date": "kr style 🔥",
    "metadata": {
      "id": "17916440722164710",
      "text": "kr style 🔥",
      "created_at": 1527079013,
      "owner": {
        "id": "53999066",
        "profile_pic_url": "https://scontent-icn1-1.cdninstagram.com/vp/7c7c591856998a3939db933098441862/5BC048EC/t51.2885-19/s150x150/26156313_207881793113477_2446391832540610560_n.jpg",
        "username": "audrianica"
      }
    }
  },
  {
    "post_id": "insta_17918152231152201",
    "comment_text": 1527079090,
    "comment_date": "우리 top 머델 율이 🔥",
    "metadata": {
      "id": "17918152231152201",
      "text": "우리 top 머델 율이 🔥",
      "created_at": 1527079090,
      "owner": {
        "id": "53999066",
        "profile_pic_url": "https://scontent-icn1-1.cdninstagram.com/vp/7c7c591856998a3939db933098441862/5BC048EC/t51.2885-19/s150x150/26156313_207881793113477_2446391832540610560_n.jpg",
        "username": "audrianica"
      }
    }
  },
  {
    "post_id": "insta_17948098552062889",
    "comment_text": 1527079459,
    "comment_date": "Ahhh that disruptor 2 though!!!! 😭😍😭",
    "metadata": {
      "id": "17948098552062889",
      "text": "Ahhh that disruptor 2 though!!!! 😭😍😭",
      "created_at": 1527079459,
      "owner": {
        "id": "174779071",
        "profile_pic_url": "https://scontent-icn1-1.cdninstagram.com/vp/ce5fddce1cb366f9d2398a59ae1e2ba0/5B8DA787/t51.2885-19/s150x150/27576569_1826761600681867_8746530809009143808_n.jpg",
        "username": "jezreeljohn_"
      }
    }
  },
  {
    "post_id": "insta_17927812132086890",
    "comment_text": 1527079794,
    "comment_date": "@jezreeljohn_ haha Its crazy",
    "metadata": {
      "id": "17927812132086890",
      "text": "@jezreeljohn_ haha Its crazy",
      "created_at": 1527079794,
      "owner": {
        "id": "4011101029",
        "profile_pic_url": "https://scontent-icn1-1.cdninstagram.com/vp/4ccc9561e4c33270c874d104ba4355b8/5B8C8A97/t51.2885-19/s150x150/27894306_186603858779672_1603810791998357504_n.jpg",
        "username": "yu1ife_527"
      }
    }
  },
  {
    "post_id": "insta_17938670650076246",
    "comment_text": 1527079826,
    "comment_date": "@audrianica Thanks dud",
    "metadata": {
      "id": "17938670650076246",
      "text": "@audrianica Thanks dud",
      "created_at": 1527079826,
      "owner": {
        "id": "4011101029",
        "profile_pic_url": "https://scontent-icn1-1.cdninstagram.com/vp/4ccc9561e4c33270c874d104ba4355b8/5B8C8A97/t51.2885-19/s150x150/27894306_186603858779672_1603810791998357504_n.jpg",
        "username": "yu1ife_527"
      }
    }
  },
  {
    "post_id": "insta_17946129664056604",
    "comment_text": 1527056377,
    "comment_date": "좋아요~꾸욱~~👍",
    "metadata": {
      "id": "17946129664056604",
      "text": "좋아요~꾸욱~~👍",
      "created_at": 1527056377,
      "owner": {
        "id": "3632366502",
        "profile_pic_url": "https://scontent-icn1-1.cdninstagram.com/vp/f9c6bde8e8d465a5ba9597175fbdd1c0/5BC13DAC/t51.2885-19/s150x150/26865383_543703049330067_1549292195129851904_n.jpg",
        "username": "reieonman2"
      }
    }
  },
  {
    "post_id": "insta_17874623650226259",
    "comment_text": 1527059090,
    "comment_date": "다리 매우 역동적이시네여ㅎㅎ",
    "metadata": {
      "id": "17874623650226259",
      "text": "다리 매우 역동적이시네여ㅎㅎ",
      "created_at": 1527059090,
      "owner": {
        "id": "2595927253",
        "profile_pic_url": "https://scontent-icn1-1.cdninstagram.com/vp/bb107c22dabc32d50bef66a39409f594/5B857C86/t51.2885-19/s150x150/15877139_1185118658269721_2777132777080881152_n.jpg",
        "username": "hy.112"
      }
    }
  },
  {
    "post_id": "insta_17949094201008180",
    "comment_text": 1527059494,
    "comment_date": "@hy.112 똥꼬발랄한 역동적",
    "metadata": {
      "id": "17949094201008180",
      "text": "@hy.112 똥꼬발랄한 역동적",
      "created_at": 1527059494,
      "owner": {
        "id": "1436109285",
        "profile_pic_url": "https://scontent-icn1-1.cdninstagram.com/vp/a14217271aefb239f47a0955ab4d3c4b/5B90008B/t51.2885-19/s150x150/30592467_193448478121996_914148179379748864_n.jpg",
        "username": "wnsrb9412"
      }
    }
  },
  {
    "post_id": "insta_17916715684163117",
    "comment_text": 1527067621,
    "comment_date": "커플신발은 블루마운틴 사야지~",
    "metadata": {
      "id": "17916715684163117",
      "text": "커플신발은 블루마운틴 사야지~",
      "created_at": 1527067621,
      "owner": {
        "id": "1387199117",
        "profile_pic_url": "https://scontent-icn1-1.cdninstagram.com/vp/3491ed1e3a70c18da17685787a5a8ad3/5BBED74E/t51.2885-19/s150x150/30087527_209432623165726_841453714706268160_n.jpg",
        "username": "junghyuk_park"
      }
    }
  },
  {
    "post_id": "insta_17918672428151789",
    "comment_text": 1527068277,
    "comment_date": "@junghyuk_park 역시 신발은 블루마운틴~!!",
    "metadata": {
      "id": "17918672428151789",
      "text": "@junghyuk_park 역시 신발은 블루마운틴~!!",
      "created_at": 1527068277,
      "owner": {
        "id": "1436109285",
        "profile_pic_url": "https://scontent-icn1-1.cdninstagram.com/vp/a14217271aefb239f47a0955ab4d3c4b/5B90008B/t51.2885-19/s150x150/30592467_193448478121996_914148179379748864_n.jpg",
        "username": "wnsrb9412"
      }
    }
  },
  {
    "post_id": "insta_17889457147205069",
    "comment_text": 1527041374,
    "comment_date": "또놀러올게요!: D",
    "metadata": {
      "id": "17889457147205069",
      "text": "또놀러올게요!: D",
      "created_at": 1527041374,
      "owner": {
        "id": "3264699551",
        "profile_pic_url": "https://scontent-icn1-1.cdninstagram.com/vp/cf7ff26e3ef18eaf231594c01d9bb8da/5B9549FB/t51.2885-19/s150x150/31788356_227458764684592_4908122011202486272_n.jpg",
        "username": "dhdkdls15"
      }
    }
  },
  {
    "post_id": "insta_17946436162062619",
    "comment_text": 1527058892,
    "comment_date": "오늘은 비온후 맑음~^^*\n하지만 오후엔 미세먼지 많다고하던데... 건강에 유의하시구요,\n계속 소통하고싶은데 혹시 괜찮으세용?",
    "metadata": {
      "id": "17946436162062619",
      "text": "오늘은 비온후 맑음~^^*\n하지만 오후엔 미세먼지 많다고하던데... 건강에 유의하시구요,\n계속 소통하고싶은데 혹시 괜찮으세용?",
      "created_at": 1527058892,
      "owner": {
        "id": "7346287164",
        "profile_pic_url": "https://scontent-icn1-1.cdninstagram.com/vp/1058e7ddbbf0248b398dd4f86cb664d2/5BC3F603/t51.2885-19/s150x150/29088628_1920022321661978_6703921187111567360_n.jpg",
        "username": "jinsssmom"
      }
    }
  },
  {
    "post_id": "insta_17874527449230402",
    "comment_text": 1527060556,
    "comment_date": "@jinsssmom 네~^^! 소통해요!",
    "metadata": {
      "id": "17874527449230402",
      "text": "@jinsssmom 네~^^! 소통해요!",
      "created_at": 1527060556,
      "owner": {
        "id": "1585945898",
        "profile_pic_url": "https://scontent-icn1-1.cdninstagram.com/vp/15c858dfca63ca24a76eec097fa172e7/5B81CB7B/t51.2885-19/s150x150/31752456_434031577024689_3710762176496009216_n.jpg",
        "username": "da_eun060506"
      }
    }
  },
  {
    "post_id": "insta_17931363574123263",
    "comment_text": 1526995476,
    "comment_date": "😎😎😎알겠다! 난 신어야쥐~~",
    "metadata": {
      "id": "17931363574123263",
      "text": "😎😎😎알겠다! 난 신어야쥐~~",
      "created_at": 1526995476,
      "owner": {
        "id": "5949264131",
        "profile_pic_url": "https://scontent-icn1-1.cdninstagram.com/vp/4b84249530da74512aeac4d0fabd3f7e/5B907963/t51.2885-19/s150x150/21147271_112985852745021_7091868338665553920_a.jpg",
        "username": "kim_kyoungmin"
      }
    }
  },
  {
    "post_id": "insta_17940107071078480",
    "comment_text": 1526995607,
    "comment_date": "@kim_kyoungmin 🙄🙄🙄🙄",
    "metadata": {
      "id": "17940107071078480",
      "text": "@kim_kyoungmin 🙄🙄🙄🙄",
      "created_at": 1526995607,
      "owner": {
        "id": "3526712854",
        "profile_pic_url": "https://scontent-icn1-1.cdninstagram.com/vp/a3a00f5853f00290ab21cc488cde678f/5B928473/t51.2885-19/s150x150/29403654_156828291657452_6667568274680578048_n.jpg",
        "username": "yjyouu"
      }
    }
  },
  {
    "post_id": "insta_17873007952242619",
    "comment_text": 1526996084,
    "comment_date": "아직 나 과제하고있어 ㅠㅠ다하고 신는다",
    "metadata": {
      "id": "17873007952242619",
      "text": "아직 나 과제하고있어 ㅠㅠ다하고 신는다",
      "created_at": 1526996084,
      "owner": {
        "id": "5949264131",
        "profile_pic_url": "https://scontent-icn1-1.cdninstagram.com/vp/4b84249530da74512aeac4d0fabd3f7e/5B907963/t51.2885-19/s150x150/21147271_112985852745021_7091868338665553920_a.jpg",
        "username": "kim_kyoungmin"
      }
    }
  },
  {
    "post_id": "insta_17946453955036853",
    "comment_text": 1526996101,
    "comment_date": "@kim_kyoungmin 오케이!!!!",
    "metadata": {
      "id": "17946453955036853",
      "text": "@kim_kyoungmin 오케이!!!!",
      "created_at": 1526996101,
      "owner": {
        "id": "3526712854",
        "profile_pic_url": "https://scontent-icn1-1.cdninstagram.com/vp/a3a00f5853f00290ab21cc488cde678f/5B928473/t51.2885-19/s150x150/29403654_156828291657452_6667568274680578048_n.jpg",
        "username": "yjyouu"
      }
    }
  },
  {
    "post_id": "insta_17888726995203158",
    "comment_text": 1526996266,
    "comment_date": "👊good",
    "metadata": {
      "id": "17888726995203158",
      "text": "👊good",
      "created_at": 1526996266,
      "owner": {
        "id": "1441305414",
        "profile_pic_url": "https://scontent-icn1-1.cdninstagram.com/vp/3b6fd9072b0e0660735d2a53b7aa5da0/5B8378CD/t51.2885-19/s150x150/26072823_524707497895038_5281514862915092480_n.jpg",
        "username": "jeremy_jeong1"
      }
    }
  },
  {
    "post_id": "insta_17953142761029641",
    "comment_text": 1527001393,
    "comment_date": "모야 오늘 샀어?",
    "metadata": {
      "id": "17953142761029641",
      "text": "모야 오늘 샀어?",
      "created_at": 1527001393,
      "owner": {
        "id": "7798095794",
        "profile_pic_url": "https://scontent-icn1-1.cdninstagram.com/vp/0bac81c0dab34803cfc5edbe57d47df6/5B8D849E/t51.2885-19/s150x150/32621576_613907395630035_6468913573245485056_n.jpg",
        "username": "a18.ac8"
      }
    }
  },
  {
    "post_id": "insta_17919612577149983",
    "comment_text": 1527002625,
    "comment_date": "@a18.ac8 오늘 질렀다!!!!",
    "metadata": {
      "id": "17919612577149983",
      "text": "@a18.ac8 오늘 질렀다!!!!",
      "created_at": 1527002625,
      "owner": {
        "id": "3526712854",
        "profile_pic_url": "https://scontent-icn1-1.cdninstagram.com/vp/a3a00f5853f00290ab21cc488cde678f/5B928473/t51.2885-19/s150x150/29403654_156828291657452_6667568274680578048_n.jpg",
        "username": "yjyouu"
      }
    }
  },
  {
    "post_id": "insta_17913987010172025",
    "comment_text": 1527002662,
    "comment_date": "@yjyouu 맞아!! 인생 go!",
    "metadata": {
      "id": "17913987010172025",
      "text": "@yjyouu 맞아!! 인생 go!",
      "created_at": 1527002662,
      "owner": {
        "id": "5949264131",
        "profile_pic_url": "https://scontent-icn1-1.cdninstagram.com/vp/4b84249530da74512aeac4d0fabd3f7e/5B907963/t51.2885-19/s150x150/21147271_112985852745021_7091868338665553920_a.jpg",
        "username": "kim_kyoungmin"
      }
    }
  },
  {
    "post_id": "insta_17921065552141304",
    "comment_text": 1527004670,
    "comment_date": "@yjyouu 머싯다 !",
    "metadata": {
      "id": "17921065552141304",
      "text": "@yjyouu 머싯다 !",
      "created_at": 1527004670,
      "owner": {
        "id": "7798095794",
        "profile_pic_url": "https://scontent-icn1-1.cdninstagram.com/vp/0bac81c0dab34803cfc5edbe57d47df6/5B8D849E/t51.2885-19/s150x150/32621576_613907395630035_6468913573245485056_n.jpg",
        "username": "a18.ac8"
      }
    }
  },
  {
    "post_id": "insta_17931110209121155",
    "comment_text": 1527031161,
    "comment_date": "โอ้ยอยากได้มากกก",
    "metadata": {
      "id": "17931110209121155",
      "text": "โอ้ยอยากได้มากกก",
      "created_at": 1527031161,
      "owner": {
        "id": "5077563",
        "profile_pic_url": "https://scontent-icn1-1.cdninstagram.com/vp/bb5dce5a6aef885eb3ba34baab5f44b5/5B7EFA52/t51.2885-19/s150x150/30604438_406669813128158_8947471584096944128_n.jpg",
        "username": "puifaigodji"
      }
    }
  },
  {
    "post_id": "insta_17918916493154774",
    "comment_text": 1527044881,
    "comment_date": "@puifaigodji ควรมีเลยเทอจ๋า><~~💋",
    "metadata": {
      "id": "17918916493154774",
      "text": "@puifaigodji ควรมีเลยเทอจ๋า><~~💋",
      "created_at": 1527044881,
      "owner": {
        "id": "3617943",
        "profile_pic_url": "https://scontent-icn1-1.cdninstagram.com/vp/40a9ae7a8c26c198c867dba12653c5bd/5BA27345/t51.2885-19/s150x150/31738557_174909833345297_1527420310398173184_n.jpg",
        "username": "janzumekun"
      }
    }
  },
  {
    "post_id": "insta_17922131830139980",
    "comment_text": 1526985538,
    "comment_date": "อยากได้บ้างงงงง",
    "metadata": {
      "id": "17922131830139980",
      "text": "อยากได้บ้างงงงง",
      "created_at": 1526985538,
      "owner": {
        "id": "175759633",
        "profile_pic_url": "https://scontent-icn1-1.cdninstagram.com/vp/c4e63cb40296d7ae573d008dd45e0bc3/5B93824B/t51.2885-19/s150x150/29740553_598239840531898_5025198378695262208_n.jpg",
        "username": "borbiaiv96"
      }
    }
  },
  {
    "post_id": "insta_17933171749104144",
    "comment_text": 1526989544,
    "comment_date": "@borbiaiv96 ไปสอยไม่แพงด้วย นี่บินไปวันไหนนะ?!",
    "metadata": {
      "id": "17933171749104144",
      "text": "@borbiaiv96 ไปสอยไม่แพงด้วย นี่บินไปวันไหนนะ?!",
      "created_at": 1526989544,
      "owner": {
        "id": "3617943",
        "profile_pic_url": "https://scontent-icn1-1.cdninstagram.com/vp/40a9ae7a8c26c198c867dba12653c5bd/5BA27345/t51.2885-19/s150x150/31738557_174909833345297_1527420310398173184_n.jpg",
        "username": "janzumekun"
      }
    }
  },
  {
    "post_id": "insta_17946448666009648",
    "comment_text": 1526996021,
    "comment_date": "@janzumekun ไม่แพงแต่ได้โปรดมีไซส์ชั้นด้วย555 ไปเดือนหน้าค่ะ",
    "metadata": {
      "id": "17946448666009648",
      "text": "@janzumekun ไม่แพงแต่ได้โปรดมีไซส์ชั้นด้วย555 ไปเดือนหน้าค่ะ",
      "created_at": 1526996021,
      "owner": {
        "id": "175759633",
        "profile_pic_url": "https://scontent-icn1-1.cdninstagram.com/vp/c4e63cb40296d7ae573d008dd45e0bc3/5B93824B/t51.2885-19/s150x150/29740553_598239840531898_5025198378695262208_n.jpg",
        "username": "borbiaiv96"
      }
    }
  },
  {
    "post_id": "insta_17947393783024846",
    "comment_text": 1526969282,
    "comment_date": "오우쉣 어글리슈즈샀노 ㄷㄷ",
    "metadata": {
      "id": "17947393783024846",
      "text": "오우쉣 어글리슈즈샀노 ㄷㄷ",
      "created_at": 1526969282,
      "owner": {
        "id": "3972365732",
        "profile_pic_url": "https://scontent-icn1-1.cdninstagram.com/vp/169227c22a62412106bf312c13d6570a/5BC32A48/t51.2885-19/s150x150/29401089_161641214550883_1329826723583229952_n.jpg",
        "username": "jjin_cong"
      }
    }
  },
  {
    "post_id": "insta_17938926289078404",
    "comment_text": 1526969304,
    "comment_date": "@jjin_cong 존예롭다 ㅋㅋㅋㅋ",
    "metadata": {
      "id": "17938926289078404",
      "text": "@jjin_cong 존예롭다 ㅋㅋㅋㅋ",
      "created_at": 1526969304,
      "owner": {
        "id": "1648372066",
        "profile_pic_url": "https://scontent-icn1-1.cdninstagram.com/vp/b2a22ed25511bb611f4f12cdc543765c/5B8E48C3/t51.2885-19/s150x150/30084876_566662600359306_4864097733130059776_n.jpg",
        "username": "jbj_95.10.21"
      }
    }
  },
  {
    "post_id": "insta_17946975700003689",
    "comment_text": 1526970683,
    "comment_date": "맞팔해요😁",
    "metadata": {
      "id": "17946975700003689",
      "text": "맞팔해요😁",
      "created_at": 1526970683,
      "owner": {
        "id": "4876392694",
        "profile_pic_url": "https://scontent-icn1-1.cdninstagram.com/vp/6e1aaa9c332d894be17186301b955cba/5B9EF086/t51.2885-19/s150x150/24127210_1981119738813664_4434485082362740736_n.jpg",
        "username": "yunsoyun60"
      }
    }
  },
  {
    "post_id": "insta_17933107195101864",
    "comment_text": 1526973466,
    "comment_date": "@yunsoyun60 네에🤗",
    "metadata": {
      "id": "17933107195101864",
      "text": "@yunsoyun60 네에🤗",
      "created_at": 1526973466,
      "owner": {
        "id": "1648372066",
        "profile_pic_url": "https://scontent-icn1-1.cdninstagram.com/vp/b2a22ed25511bb611f4f12cdc543765c/5B8E48C3/t51.2885-19/s150x150/30084876_566662600359306_4864097733130059776_n.jpg",
        "username": "jbj_95.10.21"
      }
    }
  },
  {
    "post_id": "insta_17847618124264480",
    "comment_text": 1527061910,
    "comment_date": "와아....",
    "metadata": {
      "id": "17847618124264480",
      "text": "와아....",
      "created_at": 1527061910,
      "owner": {
        "id": "2533109686",
        "profile_pic_url": "https://scontent-icn1-1.cdninstagram.com/vp/b619e33adc7ece405e280a7d86d9c00e/5B8071C1/t51.2885-19/s150x150/31016747_165828370733623_865598148238639104_n.jpg",
        "username": "shkim_1995"
      }
    }
  },
  {
    "post_id": "insta_17874708793231000",
    "comment_text": 1526964435,
    "comment_date": "고마워 잘 신을게~~^",
    "metadata": {
      "id": "17874708793231000",
      "text": "고마워 잘 신을게~~^",
      "created_at": 1526964435,
      "owner": {
        "id": "835783169",
        "profile_pic_url": "https://scontent-icn1-1.cdninstagram.com/vp/138796d939df3f66f72ad14bf5ffa97b/5B9E3483/t51.2885-19/s150x150/32070034_1688731871248274_8033367045879889920_n.jpg",
        "username": "04.27_p"
      }
    }
  },
  {
    "post_id": "insta_17948568898020993",
    "comment_text": 1526964739,
    "comment_date": "고마워 잘 신을게~~^",
    "metadata": {
      "id": "17948568898020993",
      "text": "고마워 잘 신을게~~^",
      "created_at": 1526964739,
      "owner": {
        "id": "4010612332",
        "profile_pic_url": "https://scontent-icn1-1.cdninstagram.com/vp/3a2e8d0ea729b841b197c14a7943b4d3/5BC35D91/t51.2885-19/s150x150/32345070_239350456800302_3195112496042082304_n.jpg",
        "username": "sbzzzzy"
      }
    }
  },
  {
    "post_id": "insta_17941584937069322",
    "comment_text": 1526965031,
    "comment_date": "@04.27_p ㄴㄱㅅㅇ,,",
    "metadata": {
      "id": "17941584937069322",
      "text": "@04.27_p ㄴㄱㅅㅇ,,",
      "created_at": 1526965031,
      "owner": {
        "id": "4087204492",
        "profile_pic_url": "https://scontent-icn1-1.cdninstagram.com/vp/0b8063d0f7b5de3e9931cde028bb3d8d/5B7CEEF8/t51.2885-19/s150x150/29417655_1805971752780281_7142805851932196864_n.jpg",
        "username": "jae___kkyu"
      }
    }
  },
  {
    "post_id": "insta_17888258554205696",
    "comment_text": 1526965035,
    "comment_date": "@sbzzzzy ㄴㄱㅅㅇㄱㅇ,,",
    "metadata": {
      "id": "17888258554205696",
      "text": "@sbzzzzy ㄴㄱㅅㅇㄱㅇ,,",
      "created_at": 1526965035,
      "owner": {
        "id": "4087204492",
        "profile_pic_url": "https://scontent-icn1-1.cdninstagram.com/vp/0b8063d0f7b5de3e9931cde028bb3d8d/5B7CEEF8/t51.2885-19/s150x150/29417655_1805971752780281_7142805851932196864_n.jpg",
        "username": "jae___kkyu"
      }
    }
  },
  {
    "post_id": "insta_17947069969062968",
    "comment_text": 1526966241,
    "comment_date": "반가워요:)🌟",
    "metadata": {
      "id": "17947069969062968",
      "text": "반가워요:)🌟",
      "created_at": 1526966241,
      "owner": {
        "id": "5361107192",
        "profile_pic_url": "https://scontent-icn1-1.cdninstagram.com/vp/5610a024b7a615994ec58197d3070c29/5B7DBDC9/t51.2885-19/s150x150/30590471_154810075356377_1645789415802404864_n.jpg",
        "username": "jf_guesthouse"
      }
    }
  },
  {
    "post_id": "insta_17931171844124922",
    "comment_text": 1526966486,
    "comment_date": "살짝쿵 들렷다가요🎈",
    "metadata": {
      "id": "17931171844124922",
      "text": "살짝쿵 들렷다가요🎈",
      "created_at": 1526966486,
      "owner": {
        "id": "2117349148",
        "profile_pic_url": "https://scontent-icn1-1.cdninstagram.com/vp/f363182f183aad56e8cf881acbad1c17/5B807DE2/t51.2885-19/s150x150/18809140_1788505268127714_8002237698444099584_a.jpg",
        "username": "samba_jin"
      }
    }
  },
  {
    "post_id": "insta_17927454679088058",
    "comment_text": 1526975696,
    "comment_date": "@sbzzzzy 내가신을거야?",
    "metadata": {
      "id": "17927454679088058",
      "text": "@sbzzzzy 내가신을거야?",
      "created_at": 1526975696,
      "owner": {
        "id": "4010612332",
        "profile_pic_url": "https://scontent-icn1-1.cdninstagram.com/vp/3a2e8d0ea729b841b197c14a7943b4d3/5BC35D91/t51.2885-19/s150x150/32345070_239350456800302_3195112496042082304_n.jpg",
        "username": "sbzzzzy"
      }
    }
  },
  {
    "post_id": "insta_17946136294047227",
    "comment_text": 1526955660,
    "comment_date": "선팔했눈데 맞팔가능한가유!!??",
    "metadata": {
      "id": "17946136294047227",
      "text": "선팔했눈데 맞팔가능한가유!!??",
      "created_at": 1526955660,
      "owner": {
        "id": "4073260207",
        "profile_pic_url": "https://scontent-icn1-1.cdninstagram.com/vp/62fc227efcefda355c41258839e3d2ce/5B8C54F3/t51.2885-19/s150x150/30590175_1294634960670614_9120891681925758976_n.jpg",
        "username": "___aaa0___"
      }
    }
  },
  {
    "post_id": "insta_17934746713118376",
    "comment_text": 1526956729,
    "comment_date": "@___aaa0___ 네넹! 감사합니다 😊",
    "metadata": {
      "id": "17934746713118376",
      "text": "@___aaa0___ 네넹! 감사합니다 😊",
      "created_at": 1526956729,
      "owner": {
        "id": "2430198642",
        "profile_pic_url": "https://scontent-icn1-1.cdninstagram.com/vp/60032733c135b7acca5bff37aff37742/5B869E8E/t51.2885-19/s150x150/31571514_166362084040438_318580371706871808_n.jpg",
        "username": "parkgain_04"
      }
    }
  },
  {
    "post_id": "insta_17889993919202679",
    "comment_text": 1526956882,
    "comment_date": "사진 잘보고가요~🙇",
    "metadata": {
      "id": "17889993919202679",
      "text": "사진 잘보고가요~🙇",
      "created_at": 1526956882,
      "owner": {
        "id": "5501529517",
        "profile_pic_url": "https://scontent-icn1-1.cdninstagram.com/vp/86f42f0889c7d556968c2b8b82d0f6ee/5B7CE0DD/t51.2885-19/s150x150/29417864_1999073903676724_8201483645077159936_n.jpg",
        "username": "seyoung_style"
      }
    }
  },
  {
    "post_id": "insta_17887580905206661",
    "comment_text": 1526957043,
    "comment_date": "@seyoung_style 감사합니다 ☺❤",
    "metadata": {
      "id": "17887580905206661",
      "text": "@seyoung_style 감사합니다 ☺❤",
      "created_at": 1526957043,
      "owner": {
        "id": "2430198642",
        "profile_pic_url": "https://scontent-icn1-1.cdninstagram.com/vp/60032733c135b7acca5bff37aff37742/5B869E8E/t51.2885-19/s150x150/31571514_166362084040438_318580371706871808_n.jpg",
        "username": "parkgain_04"
      }
    }
  },
  {
    "post_id": "insta_17921570413134221",
    "comment_text": 1526983918,
    "comment_date": "내작품",
    "metadata": {
      "id": "17921570413134221",
      "text": "내작품",
      "created_at": 1526983918,
      "owner": {
        "id": "2531750830",
        "profile_pic_url": "https://scontent-icn1-1.cdninstagram.com/vp/2d6e431494de16e59ad2af9056182105/5BC3AF22/t51.2885-19/s150x150/31150061_171964370155554_5194721961934061568_n.jpg",
        "username": "ny_0113"
      }
    }
  },
  {
    "post_id": "insta_17885200303220359",
    "comment_text": 1526984353,
    "comment_date": "@ny_0113  쉿",
    "metadata": {
      "id": "17885200303220359",
      "text": "@ny_0113  쉿",
      "created_at": 1526984353,
      "owner": {
        "id": "2430198642",
        "profile_pic_url": "https://scontent-icn1-1.cdninstagram.com/vp/60032733c135b7acca5bff37aff37742/5B869E8E/t51.2885-19/s150x150/31571514_166362084040438_318580371706871808_n.jpg",
        "username": "parkgain_04"
      }
    }
  },
  {
    "post_id": "insta_17857143892248156",
    "comment_text": 1526949658,
    "comment_date": "애기신발은 다 왜이렇게 귀여운겨 ㅠㅠ❤️",
    "metadata": {
      "id": "17857143892248156",
      "text": "애기신발은 다 왜이렇게 귀여운겨 ㅠㅠ❤️",
      "created_at": 1526949658,
      "owner": {
        "id": "45319270",
        "profile_pic_url": "https://scontent-icn1-1.cdninstagram.com/vp/7385ee8ebfdbc7750d885d3fa893c9a6/5B7F5FF7/t51.2885-19/10175116_937733886294464_435705367_a.jpg",
        "username": "d4k300"
      }
    }
  },
  {
    "post_id": "insta_17847363097269184",
    "comment_text": 1526950238,
    "comment_date": "@d4k300 요게 특히 귀엽더라ㅜㅜ",
    "metadata": {
      "id": "17847363097269184",
      "text": "@d4k300 요게 특히 귀엽더라ㅜㅜ",
      "created_at": 1526950238,
      "owner": {
        "id": "1539458814",
        "profile_pic_url": "https://scontent-icn1-1.cdninstagram.com/vp/658bd89065e36f1844b82267bc8a390e/5B8F8D3F/t51.2885-19/s150x150/20214194_209290079598728_2146053780372717568_a.jpg",
        "username": "shim.t"
      }
    }
  },
  {
    "post_id": "insta_17946221272010504",
    "comment_text": 1526916820,
    "comment_date": "완전이뿐딩?!!!",
    "metadata": {
      "id": "17946221272010504",
      "text": "완전이뿐딩?!!!",
      "created_at": 1526916820,
      "owner": {
        "id": "580796203",
        "profile_pic_url": "https://scontent-icn1-1.cdninstagram.com/vp/1cbe9336f0a5717f4f7e3111b4591695/5B92F93E/t51.2885-19/s150x150/14553285_234770126960274_6781955988351090688_a.jpg",
        "username": "hyeonjin_jian"
      }
    }
  },
  {
    "post_id": "insta_17947313431027964",
    "comment_text": 1526921697,
    "comment_date": "@hyeonjin_jian 아 댓글 수정하려햇는데 삭제됏어 수정업나봐^^.. 나랑 같은 취향인가바 🙌🏻🙌🏻",
    "metadata": {
      "id": "17947313431027964",
      "text": "@hyeonjin_jian 아 댓글 수정하려햇는데 삭제됏어 수정업나봐^^.. 나랑 같은 취향인가바 🙌🏻🙌🏻",
      "created_at": 1526921697,
      "owner": {
        "id": "7273040918",
        "profile_pic_url": "https://scontent-icn1-1.cdninstagram.com/vp/d35155c6b2698e3770c92b09bcdf87e7/5BC00615/t51.2885-19/s150x150/28428131_993817327435152_2306700855916625920_n.jpg",
        "username": "juliecherish"
      }
    }
  },
  {
    "post_id": "insta_17922211411186240",
    "comment_text": 1526936179,
    "comment_date": "아빠운동화랰ㅋㅋㅋㅋㅋㅋㅋㅋㅋㅋㅋ",
    "metadata": {
      "id": "17922211411186240",
      "text": "아빠운동화랰ㅋㅋㅋㅋㅋㅋㅋㅋㅋㅋㅋ",
      "created_at": 1526936179,
      "owner": {
        "id": "928039854",
        "profile_pic_url": "https://scontent-icn1-1.cdninstagram.com/vp/adede53e6a9ed66d5a88903811728081/5B95DC98/t51.2885-19/s150x150/31680642_208314153297539_4814970488449138688_n.jpg",
        "username": "nabee__tokki"
      }
    }
  },
  {
    "post_id": "insta_17857584328251158",
    "comment_text": 1527088345,
    "comment_date": "이거산거구낭 ㅋㅋㅋㅋㅋ",
    "metadata": {
      "id": "17857584328251158",
      "text": "이거산거구낭 ㅋㅋㅋㅋㅋ",
      "created_at": 1527088345,
      "owner": {
        "id": "1436824376",
        "profile_pic_url": "https://scontent-icn1-1.cdninstagram.com/vp/39ee388f612f1ae15bb5f870affaadb7/5B9E27F8/t51.2885-19/s150x150/30884432_167174697314281_3497572627126419456_n.jpg",
        "username": "r_long_ming"
      }
    }
  },
  {
    "post_id": "insta_17932923661107638",
    "comment_text": 1526958675,
    "comment_date": "좋은하루되세요~😊",
    "metadata": {
      "id": "17932923661107638",
      "text": "좋은하루되세요~😊",
      "created_at": 1526958675,
      "owner": {
        "id": "2675187629",
        "profile_pic_url": "https://scontent-icn1-1.cdninstagram.com/vp/c82537e39174de170da2ae318e53cfad/5BC43CA7/t51.2885-19/s150x150/30855982_230237454415470_3700162442022617088_n.jpg",
        "username": "dureh5472"
      }
    }
  },
  {
    "post_id": "insta_17932510216114409",
    "comment_text": 1526888625,
    "comment_date": "이쁘네~",
    "metadata": {
      "id": "17932510216114409",
      "text": "이쁘네~",
      "created_at": 1526888625,
      "owner": {
        "id": "2111910894",
        "profile_pic_url": "https://scontent-icn1-1.cdninstagram.com/vp/1f7b01443b6d20ad66e762b0ceab3078/5B7DD7F3/t51.2885-19/s150x150/25009272_2085386551694880_1201459827667107840_n.jpg",
        "username": "hyun__min92"
      }
    }
  },
  {
    "post_id": "insta_17942287543069777",
    "comment_text": 1526944526,
    "comment_date": "이쁘네~2",
    "metadata": {
      "id": "17942287543069777",
      "text": "이쁘네~2",
      "created_at": 1526944526,
      "owner": {
        "id": "4509067846",
        "profile_pic_url": "https://scontent-icn1-1.cdninstagram.com/vp/be088733c13ce6f4bf7bb145fd20d29c/5BC4FC43/t51.2885-19/s150x150/21433864_286712631808579_8858757342380949504_a.jpg",
        "username": "joohwan0115"
      }
    }
  },
  {
    "post_id": "insta_17872897735241695",
    "comment_text": 1526978125,
    "comment_date": "휢라 신발 엄청이쁜",
    "metadata": {
      "id": "17872897735241695",
      "text": "휢라 신발 엄청이쁜",
      "created_at": 1526978125,
      "owner": {
        "id": "1802985798",
        "profile_pic_url": "https://scontent-icn1-1.cdninstagram.com/vp/88fd25f2f9964c793f6549b1798282cb/5B8D311F/t51.2885-19/s150x150/32811926_1046611075528850_4593806868438056960_n.jpg",
        "username": "jhs_0127"
      }
    }
  },
  {
    "post_id": "insta_17946899056006552",
    "comment_text": 1526978891,
    "comment_date": "@jhs_0127 예쁘쥬",
    "metadata": {
      "id": "17946899056006552",
      "text": "@jhs_0127 예쁘쥬",
      "created_at": 1526978891,
      "owner": {
        "id": "1421418232",
        "profile_pic_url": "https://scontent-icn1-1.cdninstagram.com/vp/19e9e417f88d998d6ea768dc87bf121b/5B933FCE/t51.2885-19/s150x150/30884742_1907978412826763_4431045462098706432_n.jpg",
        "username": "jung_eunha"
      }
    }
  },
  {
    "post_id": "insta_17945809669042387",
    "comment_text": 1526978903,
    "comment_date": "@hyun__min92 ㅇㅇ예뿜",
    "metadata": {
      "id": "17945809669042387",
      "text": "@hyun__min92 ㅇㅇ예뿜",
      "created_at": 1526978903,
      "owner": {
        "id": "1421418232",
        "profile_pic_url": "https://scontent-icn1-1.cdninstagram.com/vp/19e9e417f88d998d6ea768dc87bf121b/5B933FCE/t51.2885-19/s150x150/30884742_1907978412826763_4431045462098706432_n.jpg",
        "username": "jung_eunha"
      }
    }
  },
  {
    "post_id": "insta_17855565991259582",
    "comment_text": 1526978910,
    "comment_date": "@joohwan0115 ㅇㅇ예뿜2",
    "metadata": {
      "id": "17855565991259582",
      "text": "@joohwan0115 ㅇㅇ예뿜2",
      "created_at": 1526978910,
      "owner": {
        "id": "1421418232",
        "profile_pic_url": "https://scontent-icn1-1.cdninstagram.com/vp/19e9e417f88d998d6ea768dc87bf121b/5B933FCE/t51.2885-19/s150x150/30884742_1907978412826763_4431045462098706432_n.jpg",
        "username": "jung_eunha"
      }
    }
  },
  {
    "post_id": "insta_17875060081226784",
    "comment_text": 1526979012,
    "comment_date": "@jung_eunha  네 저두 저거 살려구용 ㅋㅋ",
    "metadata": {
      "id": "17875060081226784",
      "text": "@jung_eunha  네 저두 저거 살려구용 ㅋㅋ",
      "created_at": 1526979012,
      "owner": {
        "id": "1802985798",
        "profile_pic_url": "https://scontent-icn1-1.cdninstagram.com/vp/88fd25f2f9964c793f6549b1798282cb/5B8D311F/t51.2885-19/s150x150/32811926_1046611075528850_4593806868438056960_n.jpg",
        "username": "jhs_0127"
      }
    }
  },
  {
    "post_id": "insta_17932936435100350",
    "comment_text": 1526979490,
    "comment_date": "@jhs_0127 생각보다 블랙예쁨..에나멜이라서 맨질맨질",
    "metadata": {
      "id": "17932936435100350",
      "text": "@jhs_0127 생각보다 블랙예쁨..에나멜이라서 맨질맨질",
      "created_at": 1526979490,
      "owner": {
        "id": "1421418232",
        "profile_pic_url": "https://scontent-icn1-1.cdninstagram.com/vp/19e9e417f88d998d6ea768dc87bf121b/5B933FCE/t51.2885-19/s150x150/30884742_1907978412826763_4431045462098706432_n.jpg",
        "username": "jung_eunha"
      }
    }
  },
  {
    "post_id": "insta_17917854613156892",
    "comment_text": 1526979620,
    "comment_date": "@jung_eunha  블랙도여? 저 색깔들어간것도 이쁘더라구여 가격도 저렴하고 ~^^",
    "metadata": {
      "id": "17917854613156892",
      "text": "@jung_eunha  블랙도여? 저 색깔들어간것도 이쁘더라구여 가격도 저렴하고 ~^^",
      "created_at": 1526979620,
      "owner": {
        "id": "1802985798",
        "profile_pic_url": "https://scontent-icn1-1.cdninstagram.com/vp/88fd25f2f9964c793f6549b1798282cb/5B8D311F/t51.2885-19/s150x150/32811926_1046611075528850_4593806868438056960_n.jpg",
        "username": "jhs_0127"
      }
    }
  },
  {
    "post_id": "insta_17886077047208997",
    "comment_text": 1526979650,
    "comment_date": "@jung_eunha 커플 신발이군요",
    "metadata": {
      "id": "17886077047208997",
      "text": "@jung_eunha 커플 신발이군요",
      "created_at": 1526979650,
      "owner": {
        "id": "1802985798",
        "profile_pic_url": "https://scontent-icn1-1.cdninstagram.com/vp/88fd25f2f9964c793f6549b1798282cb/5B8D311F/t51.2885-19/s150x150/32811926_1046611075528850_4593806868438056960_n.jpg",
        "username": "jhs_0127"
      }
    }
  },
  {
    "post_id": "insta_17857065112254032",
    "comment_text": 1526979653,
    "comment_date": "@jhs_0127 마자용 꼭 매장가서 신어보세요🤗",
    "metadata": {
      "id": "17857065112254032",
      "text": "@jhs_0127 마자용 꼭 매장가서 신어보세요🤗",
      "created_at": 1526979653,
      "owner": {
        "id": "1421418232",
        "profile_pic_url": "https://scontent-icn1-1.cdninstagram.com/vp/19e9e417f88d998d6ea768dc87bf121b/5B933FCE/t51.2885-19/s150x150/30884742_1907978412826763_4431045462098706432_n.jpg",
        "username": "jung_eunha"
      }
    }
  },
  {
    "post_id": "insta_17888980000206190",
    "comment_text": 1526979684,
    "comment_date": "@jung_eunha  ㅋ 네 검정색 도 엄청이쁘네요!!?",
    "metadata": {
      "id": "17888980000206190",
      "text": "@jung_eunha  ㅋ 네 검정색 도 엄청이쁘네요!!?",
      "created_at": 1526979684,
      "owner": {
        "id": "1802985798",
        "profile_pic_url": "https://scontent-icn1-1.cdninstagram.com/vp/88fd25f2f9964c793f6549b1798282cb/5B8D311F/t51.2885-19/s150x150/32811926_1046611075528850_4593806868438056960_n.jpg",
        "username": "jhs_0127"
      }
    }
  },
  {
    "post_id": "insta_17915798173162457",
    "comment_text": 1526980411,
    "comment_date": "@jhs_0127 네네ㅋㅋ신으면 더이뻐여",
    "metadata": {
      "id": "17915798173162457",
      "text": "@jhs_0127 네네ㅋㅋ신으면 더이뻐여",
      "created_at": 1526980411,
      "owner": {
        "id": "1421418232",
        "profile_pic_url": "https://scontent-icn1-1.cdninstagram.com/vp/19e9e417f88d998d6ea768dc87bf121b/5B933FCE/t51.2885-19/s150x150/30884742_1907978412826763_4431045462098706432_n.jpg",
        "username": "jung_eunha"
      }
    }
  },
  {
    "post_id": "insta_17933497672103633",
    "comment_text": 1527048113,
    "comment_date": "좋겟다요 ㅠㅠ",
    "metadata": {
      "id": "17933497672103633",
      "text": "좋겟다요 ㅠㅠ",
      "created_at": 1527048113,
      "owner": {
        "id": "2072436778",
        "profile_pic_url": "https://scontent-icn1-1.cdninstagram.com/vp/c9495684bcffb1d93f9ebb0a4e3d6505/5B9EFAB1/t51.2885-19/s150x150/32743791_213270579455126_7598293116562440192_n.jpg",
        "username": "dbscjf940"
      }
    }
  },
  {
    "post_id": "insta_17857974736252758",
    "comment_text": 1527050572,
    "comment_date": "@dbscjf940 사!이것도사고 나이키도사😀",
    "metadata": {
      "id": "17857974736252758",
      "text": "@dbscjf940 사!이것도사고 나이키도사😀",
      "created_at": 1527050572,
      "owner": {
        "id": "1421418232",
        "profile_pic_url": "https://scontent-icn1-1.cdninstagram.com/vp/19e9e417f88d998d6ea768dc87bf121b/5B933FCE/t51.2885-19/s150x150/30884742_1907978412826763_4431045462098706432_n.jpg",
        "username": "jung_eunha"
      }
    }
  },
  {
    "post_id": "insta_17919229609176115",
    "comment_text": 1526874085,
    "comment_date": "👍",
    "metadata": {
      "id": "17919229609176115",
      "text": "👍",
      "created_at": 1526874085,
      "owner": {
        "id": "1457543557",
        "profile_pic_url": "https://scontent-icn1-1.cdninstagram.com/vp/36e372251cb1c3ec6c008730c6d002d4/5B93D973/t51.2885-19/s150x150/31492832_232430620854915_5380827945751281664_n.jpg",
        "username": "mycustomellow"
      }
    }
  },
  {
    "post_id": "insta_17941261132067157",
    "comment_text": 1527003120,
    "comment_date": "nice pic :) if you got two minutes, check out our profile!we are a canadian music duo 😀 follow and we'll follow you back!",
    "metadata": {
      "id": "17941261132067157",
      "text": "nice pic :) if you got two minutes, check out our profile!we are a canadian music duo 😀 follow and we'll follow you back!",
      "created_at": 1527003120,
      "owner": {
        "id": "1277956853",
        "profile_pic_url": "https://scontent-icn1-1.cdninstagram.com/vp/3623efa6efe0e2a52726990f24132d65/5BBF9B9E/t51.2885-19/s150x150/30855555_1267716433372820_6927517240375902208_n.jpg",
        "username": "kingdomstreet_"
      }
    }
  },
  {
    "post_id": "insta_17917548538159998",
    "comment_text": 1526869456,
    "comment_date": "😍",
    "metadata": {
      "id": "17917548538159998",
      "text": "😍",
      "created_at": 1526869456,
      "owner": {
        "id": "328711493",
        "profile_pic_url": "https://scontent-icn1-1.cdninstagram.com/vp/6dd78600e4c2772130330c21a0005479/5BA22D74/t51.2885-19/s150x150/20067083_324698934647231_8819500688460480512_a.jpg",
        "username": "asadul.h_"
      }
    }
  },
  {
    "post_id": "insta_17905890667194877",
    "comment_text": 1526869577,
    "comment_date": "잘어울린다 핑크핑쿠",
    "metadata": {
      "id": "17905890667194877",
      "text": "잘어울린다 핑크핑쿠",
      "created_at": 1526869577,
      "owner": {
        "id": "5897244265",
        "profile_pic_url": "https://scontent-icn1-1.cdninstagram.com/vp/6d1c9e53e9a5e18242f681e960dc86cf/5B88D39D/t51.2885-19/s150x150/32928619_609884282702389_3767767082687528960_n.jpg",
        "username": "je_natalie"
      }
    }
  },
  {
    "post_id": "insta_17937976741076994",
    "comment_text": 1526869577,
    "comment_date": "언니 너무 이뽀",
    "metadata": {
      "id": "17937976741076994",
      "text": "언니 너무 이뽀",
      "created_at": 1526869577,
      "owner": {
        "id": "1742468569",
        "profile_pic_url": "https://scontent-icn1-1.cdninstagram.com/vp/040859738fa7b508bc714e37f24f7ad9/5B9FFC1F/t51.2885-19/s150x150/21227574_1977365492509717_7004067679443091456_a.jpg",
        "username": "rho.in"
      }
    }
  },
  {
    "post_id": "insta_17945865472060403",
    "comment_text": 1526869588,
    "comment_date": "핑쿠핑쿠 공쥬",
    "metadata": {
      "id": "17945865472060403",
      "text": "핑쿠핑쿠 공쥬",
      "created_at": 1526869588,
      "owner": {
        "id": "1742468569",
        "profile_pic_url": "https://scontent-icn1-1.cdninstagram.com/vp/040859738fa7b508bc714e37f24f7ad9/5B9FFC1F/t51.2885-19/s150x150/21227574_1977365492509717_7004067679443091456_a.jpg",
        "username": "rho.in"
      }
    }
  },
  {
    "post_id": "insta_17946088906046960",
    "comment_text": 1526870242,
    "comment_date": "전 이거 흼색잇어욬ㅋㅋㅋ",
    "metadata": {
      "id": "17946088906046960",
      "text": "전 이거 흼색잇어욬ㅋㅋㅋ",
      "created_at": 1526870242,
      "owner": {
        "id": "2157184785",
        "profile_pic_url": "https://scontent-icn1-1.cdninstagram.com/vp/ff3b3d37cdd22627db4c7cc5c78b8cac/5B921DDF/t51.2885-19/s150x150/31973770_230782931025774_8208076338272141312_n.jpg",
        "username": "peregrination_"
      }
    }
  },
  {
    "post_id": "insta_17949407605058064",
    "comment_text": 1526870584,
    "comment_date": "크으 핑크핑크 이쁘네요!",
    "metadata": {
      "id": "17949407605058064",
      "text": "크으 핑크핑크 이쁘네요!",
      "created_at": 1526870584,
      "owner": {
        "id": "3942534811",
        "profile_pic_url": "https://scontent-icn1-1.cdninstagram.com/vp/e09892e64ada8dbd93c824d6ac0ea402/5B9F1079/t51.2885-19/s150x150/30084927_2019997844994144_290089852177743872_n.jpg",
        "username": "liveost"
      }
    }
  },
  {
    "post_id": "insta_17874178780235294",
    "comment_text": 1526875243,
    "comment_date": "양말 깨알ㅋㅋㅋㅋㅋㅋㅋㅋ",
    "metadata": {
      "id": "17874178780235294",
      "text": "양말 깨알ㅋㅋㅋㅋㅋㅋㅋㅋ",
      "created_at": 1526875243,
      "owner": {
        "id": "3177291548",
        "profile_pic_url": "https://scontent-icn1-1.cdninstagram.com/vp/640cb8dabece9b676bfb38b5c84539e1/5B7D87FE/t51.2885-19/s150x150/29717587_214419589313679_6050786433826816000_n.jpg",
        "username": "se_rin_e"
      }
    }
  },
  {
    "post_id": "insta_17932879189114082",
    "comment_text": 1526875424,
    "comment_date": "누나 오늘도 이렇게 이쁘시면,,🤭",
    "metadata": {
      "id": "17932879189114082",
      "text": "누나 오늘도 이렇게 이쁘시면,,🤭",
      "created_at": 1526875424,
      "owner": {
        "id": "1321665300",
        "profile_pic_url": "https://scontent-icn1-1.cdninstagram.com/vp/24f2f5ad4e2cd3fdb765fcd842ed0469/5B9E6D01/t51.2885-19/s150x150/31911267_1804658539843367_1926694772475428864_n.jpg",
        "username": "takhyeonjun_"
      }
    }
  },
  {
    "post_id": "insta_17946236869028258",
    "comment_text": 1526876476,
    "comment_date": "토끼 데테일ㅋㅋㅋㅋㅋ",
    "metadata": {
      "id": "17946236869028258",
      "text": "토끼 데테일ㅋㅋㅋㅋㅋ",
      "created_at": 1526876476,
      "owner": {
        "id": "5804203438",
        "profile_pic_url": "https://scontent-icn1-1.cdninstagram.com/vp/61320d15e1f473ea63a542d6fd8e8c49/5B855A68/t51.2885-19/s150x150/30602533_1743483152361788_5116315628843565056_n.jpg",
        "username": "x_hiyeo"
      }
    }
  },
  {
    "post_id": "insta_17873587354236465",
    "comment_text": 1526876622,
    "comment_date": "운동화자랑 맞니 ㅋㅋㅋ",
    "metadata": {
      "id": "17873587354236465",
      "text": "운동화자랑 맞니 ㅋㅋㅋ",
      "created_at": 1526876622,
      "owner": {
        "id": "2072489867",
        "profile_pic_url": "https://scontent-icn1-1.cdninstagram.com/vp/ea2e3b600291d264d874e2d979de39e0/5B86FAB9/t51.2885-19/s150x150/12534157_797180150408749_361540358_a.jpg",
        "username": "1991_kimdongchul"
      }
    }
  },
  {
    "post_id": "insta_17921867152187474",
    "comment_text": 1526880428,
    "comment_date": "Wow amazing views love it",
    "metadata": {
      "id": "17921867152187474",
      "text": "Wow amazing views love it",
      "created_at": 1526880428,
      "owner": {
        "id": "2102830152",
        "profile_pic_url": "https://scontent-icn1-1.cdninstagram.com/vp/6d156b7ea8339cf8d9b0e2187faaa7cc/5B8AACC8/t51.2885-19/s150x150/26295256_147216705986223_1610734687301402624_n.jpg",
        "username": "chiropractic_kurdistan"
      }
    }
  },
  {
    "post_id": "insta_17948757223047039",
    "comment_text": 1526889853,
    "comment_date": "앜ㅋㅋㅋ 같은 운동화에요!ㅋㅋㅋ😆",
    "metadata": {
      "id": "17948757223047039",
      "text": "앜ㅋㅋㅋ 같은 운동화에요!ㅋㅋㅋ😆",
      "created_at": 1526889853,
      "owner": {
        "id": "1696468603",
        "profile_pic_url": "https://scontent-icn1-1.cdninstagram.com/vp/2f990d41ae88f60d8ec5cc44685c5b7b/5B89708B/t51.2885-19/s150x150/23498343_503689473328934_5389605179572092928_n.jpg",
        "username": "wonnn_tae"
      }
    }
  },
  {
    "post_id": "insta_17934002992102179",
    "comment_text": 1526908020,
    "comment_date": "@je_natalie 흫 핑크는 사랑이에여\\\\정은언니 장미랑 찍은거 넘 죠아여🌹🌹",
    "metadata": {
      "id": "17934002992102179",
      "text": "@je_natalie 흫 핑크는 사랑이에여\\\\정은언니 장미랑 찍은거 넘 죠아여🌹🌹",
      "created_at": 1526908020,
      "owner": {
        "id": "1015218167",
        "profile_pic_url": "https://scontent-icn1-1.cdninstagram.com/vp/a188de8c87ca674dfc8568b381a96536/5BC2AD87/t51.2885-19/s150x150/26298863_149750709062232_7574205664361185280_n.jpg",
        "username": "acid_rose_"
      }
    }
  },
  {
    "post_id": "insta_17918105446159671",
    "comment_text": 1526908034,
    "comment_date": "@rho.in 꺅 인혜 사릉행🌹🌹💞💞💞",
    "metadata": {
      "id": "17918105446159671",
      "text": "@rho.in 꺅 인혜 사릉행🌹🌹💞💞💞",
      "created_at": 1526908034,
      "owner": {
        "id": "1015218167",
        "profile_pic_url": "https://scontent-icn1-1.cdninstagram.com/vp/a188de8c87ca674dfc8568b381a96536/5BC2AD87/t51.2885-19/s150x150/26298863_149750709062232_7574205664361185280_n.jpg",
        "username": "acid_rose_"
      }
    }
  },
  {
    "post_id": "insta_17927787067082396",
    "comment_text": 1526908049,
    "comment_date": "@peregrination_ 앜ㅋㅋㅋㅋㄱ이거 음청 많이 신고 다니드라구욬",
    "metadata": {
      "id": "17927787067082396",
      "text": "@peregrination_ 앜ㅋㅋㅋㅋㄱ이거 음청 많이 신고 다니드라구욬",
      "created_at": 1526908049,
      "owner": {
        "id": "1015218167",
        "profile_pic_url": "https://scontent-icn1-1.cdninstagram.com/vp/a188de8c87ca674dfc8568b381a96536/5BC2AD87/t51.2885-19/s150x150/26298863_149750709062232_7574205664361185280_n.jpg",
        "username": "acid_rose_"
      }
    }
  },
  {
    "post_id": "insta_17930533102120115",
    "comment_text": 1526908061,
    "comment_date": "@liveost 그져 핑크는 사랑이에여ㅜㅜ🌹🌹",
    "metadata": {
      "id": "17930533102120115",
      "text": "@liveost 그져 핑크는 사랑이에여ㅜㅜ🌹🌹",
      "created_at": 1526908061,
      "owner": {
        "id": "1015218167",
        "profile_pic_url": "https://scontent-icn1-1.cdninstagram.com/vp/a188de8c87ca674dfc8568b381a96536/5BC2AD87/t51.2885-19/s150x150/26298863_149750709062232_7574205664361185280_n.jpg",
        "username": "acid_rose_"
      }
    }
  },
  {
    "post_id": "insta_17943275509070971",
    "comment_text": 1526908096,
    "comment_date": "@se_rin_e ㅋㅋㅋㅋ저 양말 전남친이 사준양말....물건은 죄가없져🐰",
    "metadata": {
      "id": "17943275509070971",
      "text": "@se_rin_e ㅋㅋㅋㅋ저 양말 전남친이 사준양말....물건은 죄가없져🐰",
      "created_at": 1526908096,
      "owner": {
        "id": "1015218167",
        "profile_pic_url": "https://scontent-icn1-1.cdninstagram.com/vp/a188de8c87ca674dfc8568b381a96536/5BC2AD87/t51.2885-19/s150x150/26298863_149750709062232_7574205664361185280_n.jpg",
        "username": "acid_rose_"
      }
    }
  },
  {
    "post_id": "insta_17947698496005023",
    "comment_text": 1526908113,
    "comment_date": "@takhyeonjun_ 앜ㅋㅋㅋㅋㅋ동생ㅋㅋㅋㅋㅋ거마워용🐣🐣",
    "metadata": {
      "id": "17947698496005023",
      "text": "@takhyeonjun_ 앜ㅋㅋㅋㅋㅋ동생ㅋㅋㅋㅋㅋ거마워용🐣🐣",
      "created_at": 1526908113,
      "owner": {
        "id": "1015218167",
        "profile_pic_url": "https://scontent-icn1-1.cdninstagram.com/vp/a188de8c87ca674dfc8568b381a96536/5BC2AD87/t51.2885-19/s150x150/26298863_149750709062232_7574205664361185280_n.jpg",
        "username": "acid_rose_"
      }
    }
  },
  {
    "post_id": "insta_17938918405078865",
    "comment_text": 1526908129,
    "comment_date": "@x_hiyeo 토끼가 포인트여!!!!🐰🐰",
    "metadata": {
      "id": "17938918405078865",
      "text": "@x_hiyeo 토끼가 포인트여!!!!🐰🐰",
      "created_at": 1526908129,
      "owner": {
        "id": "1015218167",
        "profile_pic_url": "https://scontent-icn1-1.cdninstagram.com/vp/a188de8c87ca674dfc8568b381a96536/5BC2AD87/t51.2885-19/s150x150/26298863_149750709062232_7574205664361185280_n.jpg",
        "username": "acid_rose_"
      }
    }
  },
  {
    "post_id": "insta_17917383364159637",
    "comment_text": 1526908153,
    "comment_date": "@1991_kimdongchul ㅋㅋㅋㅋㅋㅋㅋ분명 초점은 운동화였는데 내 자세가 역동적인 이유...ㅋㅋㅋㅋㅋㅋㅋㅋ",
    "metadata": {
      "id": "17917383364159637",
      "text": "@1991_kimdongchul ㅋㅋㅋㅋㅋㅋㅋ분명 초점은 운동화였는데 내 자세가 역동적인 이유...ㅋㅋㅋㅋㅋㅋㅋㅋ",
      "created_at": 1526908153,
      "owner": {
        "id": "1015218167",
        "profile_pic_url": "https://scontent-icn1-1.cdninstagram.com/vp/a188de8c87ca674dfc8568b381a96536/5BC2AD87/t51.2885-19/s150x150/26298863_149750709062232_7574205664361185280_n.jpg",
        "username": "acid_rose_"
      }
    }
  },
  {
    "post_id": "insta_17914361635172308",
    "comment_text": 1526908160,
    "comment_date": "@chiropractic_kurdistan thank  you!!",
    "metadata": {
      "id": "17914361635172308",
      "text": "@chiropractic_kurdistan thank  you!!",
      "created_at": 1526908160,
      "owner": {
        "id": "1015218167",
        "profile_pic_url": "https://scontent-icn1-1.cdninstagram.com/vp/a188de8c87ca674dfc8568b381a96536/5BC2AD87/t51.2885-19/s150x150/26298863_149750709062232_7574205664361185280_n.jpg",
        "username": "acid_rose_"
      }
    }
  },
  {
    "post_id": "insta_17927284714095325",
    "comment_text": 1526908194,
    "comment_date": "@wonnn_tae  앜ㅋㅋㅋㅋ이거 신고다시는 사람 많이봤는뎈ㅋㅋㅋㅋㅋㄱㄱ완전 국민운동화네옄ㅋㅋㅋ",
    "metadata": {
      "id": "17927284714095325",
      "text": "@wonnn_tae  앜ㅋㅋㅋㅋ이거 신고다시는 사람 많이봤는뎈ㅋㅋㅋㅋㅋㄱㄱ완전 국민운동화네옄ㅋㅋㅋ",
      "created_at": 1526908194,
      "owner": {
        "id": "1015218167",
        "profile_pic_url": "https://scontent-icn1-1.cdninstagram.com/vp/a188de8c87ca674dfc8568b381a96536/5BC2AD87/t51.2885-19/s150x150/26298863_149750709062232_7574205664361185280_n.jpg",
        "username": "acid_rose_"
      }
    }
  },
  {
    "post_id": "insta_17947991893055985",
    "comment_text": 1526910270,
    "comment_date": "오아 팔로 감사해요 우와아🙊",
    "metadata": {
      "id": "17947991893055985",
      "text": "오아 팔로 감사해요 우와아🙊",
      "created_at": 1526910270,
      "owner": {
        "id": "3942534811",
        "profile_pic_url": "https://scontent-icn1-1.cdninstagram.com/vp/e09892e64ada8dbd93c824d6ac0ea402/5B9F1079/t51.2885-19/s150x150/30084927_2019997844994144_290089852177743872_n.jpg",
        "username": "liveost"
      }
    }
  },
  {
    "post_id": "insta_17918084254152389",
    "comment_text": 1526910494,
    "comment_date": "@liveost 꺅 사진 넘나 이뻐여🌹🌹",
    "metadata": {
      "id": "17918084254152389",
      "text": "@liveost 꺅 사진 넘나 이뻐여🌹🌹",
      "created_at": 1526910494,
      "owner": {
        "id": "1015218167",
        "profile_pic_url": "https://scontent-icn1-1.cdninstagram.com/vp/a188de8c87ca674dfc8568b381a96536/5BC2AD87/t51.2885-19/s150x150/26298863_149750709062232_7574205664361185280_n.jpg",
        "username": "acid_rose_"
      }
    }
  },
  {
    "post_id": "insta_17873943112235936",
    "comment_text": 1526910602,
    "comment_date": "@acid_rose_ 오아 진짜요? 크으 감사합니다!ㅎㅎ 일년전쯤부터 몰래 구경만했는데!🙊 장미님도 넘나 이쁘세요! 옷도 짱 잘입으셔요!!😆",
    "metadata": {
      "id": "17873943112235936",
      "text": "@acid_rose_ 오아 진짜요? 크으 감사합니다!ㅎㅎ 일년전쯤부터 몰래 구경만했는데!🙊 장미님도 넘나 이쁘세요! 옷도 짱 잘입으셔요!!😆",
      "created_at": 1526910602,
      "owner": {
        "id": "3942534811",
        "profile_pic_url": "https://scontent-icn1-1.cdninstagram.com/vp/e09892e64ada8dbd93c824d6ac0ea402/5B9F1079/t51.2885-19/s150x150/30084927_2019997844994144_290089852177743872_n.jpg",
        "username": "liveost"
      }
    }
  },
  {
    "post_id": "insta_17886450145210921",
    "comment_text": 1526911205,
    "comment_date": "@liveost 으앗 그러셨군여!! 감사합니다ㅎㅎ담에 시간되시면 촬영해여🌹🌹",
    "metadata": {
      "id": "17886450145210921",
      "text": "@liveost 으앗 그러셨군여!! 감사합니다ㅎㅎ담에 시간되시면 촬영해여🌹🌹",
      "created_at": 1526911205,
      "owner": {
        "id": "1015218167",
        "profile_pic_url": "https://scontent-icn1-1.cdninstagram.com/vp/a188de8c87ca674dfc8568b381a96536/5BC2AD87/t51.2885-19/s150x150/26298863_149750709062232_7574205664361185280_n.jpg",
        "username": "acid_rose_"
      }
    }
  },
  {
    "post_id": "insta_17932628515118654",
    "comment_text": 1526911706,
    "comment_date": "@acid_rose_ 우왔 정말요?!! 막 잘찍는분들이랑만 촬영하셔서 문의도 못드렸는데!! 😆신나라!!",
    "metadata": {
      "id": "17932628515118654",
      "text": "@acid_rose_ 우왔 정말요?!! 막 잘찍는분들이랑만 촬영하셔서 문의도 못드렸는데!! 😆신나라!!",
      "created_at": 1526911706,
      "owner": {
        "id": "3942534811",
        "profile_pic_url": "https://scontent-icn1-1.cdninstagram.com/vp/e09892e64ada8dbd93c824d6ac0ea402/5B9F1079/t51.2885-19/s150x150/30084927_2019997844994144_290089852177743872_n.jpg",
        "username": "liveost"
      }
    }
  },
  {
    "post_id": "insta_17858042404252364",
    "comment_text": 1527000727,
    "comment_date": "nice pic :) if you got two minutes, check out our profile!we are a canadian music duo 😀 follow and we'll follow you back!",
    "metadata": {
      "id": "17858042404252364",
      "text": "nice pic :) if you got two minutes, check out our profile!we are a canadian music duo 😀 follow and we'll follow you back!",
      "created_at": 1527000727,
      "owner": {
        "id": "1277956853",
        "profile_pic_url": "https://scontent-icn1-1.cdninstagram.com/vp/3623efa6efe0e2a52726990f24132d65/5BBF9B9E/t51.2885-19/s150x150/30855555_1267716433372820_6927517240375902208_n.jpg",
        "username": "kingdomstreet_"
      }
    }
  },
  {
    "post_id": "insta_17946976000057684",
    "comment_text": 1526865756,
    "comment_date": "피드보다가 소통하고지내고싶어서 댓글남길게용",
    "metadata": {
      "id": "17946976000057684",
      "text": "피드보다가 소통하고지내고싶어서 댓글남길게용",
      "created_at": 1526865756,
      "owner": {
        "id": "4754317586",
        "profile_pic_url": "https://scontent-icn1-1.cdninstagram.com/vp/9e0af845ac0e68c9d4d5d83bbc396673/5B8EAE5B/t51.2885-19/s150x150/30603879_187003838610793_8196392536873369600_n.jpg",
        "username": "ethanshop11"
      }
    }
  },
  {
    "post_id": "insta_17931701629122558",
    "comment_text": 1526895967,
    "comment_date": "@ethanshop11 안녕하세요!^-^",
    "metadata": {
      "id": "17931701629122558",
      "text": "@ethanshop11 안녕하세요!^-^",
      "created_at": 1526895967,
      "owner": {
        "id": "1585945898",
        "profile_pic_url": "https://scontent-icn1-1.cdninstagram.com/vp/15c858dfca63ca24a76eec097fa172e7/5B81CB7B/t51.2885-19/s150x150/31752456_434031577024689_3710762176496009216_n.jpg",
        "username": "da_eun060506"
      }
    }
  },
  {
    "post_id": "insta_17869736392246301",
    "comment_text": 1526819669,
    "comment_date": "구경왔어요 반가워요",
    "metadata": {
      "id": "17869736392246301",
      "text": "구경왔어요 반가워요",
      "created_at": 1526819669,
      "owner": {
        "id": "3970957593",
        "profile_pic_url": "https://scontent-icn1-1.cdninstagram.com/vp/010f18c5124acf28e1baf12743d6fcfd/5BA0B648/t51.2885-19/s150x150/14515754_804692916301148_1893127047551647744_a.jpg",
        "username": "awesomedew_"
      }
    }
  },
  {
    "post_id": "insta_17905760734199357",
    "comment_text": 1526843784,
    "comment_date": "구경잘하고가요~🙇",
    "metadata": {
      "id": "17905760734199357",
      "text": "구경잘하고가요~🙇",
      "created_at": 1526843784,
      "owner": {
        "id": "1430882005",
        "profile_pic_url": "https://scontent-icn1-1.cdninstagram.com/vp/3c83d31acb9c6c5af778b2be3eba01e3/5BBED6CC/t51.2885-19/s150x150/31520519_121979822012064_455612892423651328_n.jpg",
        "username": "yeolmi_label"
      }
    }
  },
  {
    "post_id": "insta_17874230353228986",
    "comment_text": 1526851940,
    "comment_date": "행복한 하루 되세요👍",
    "metadata": {
      "id": "17874230353228986",
      "text": "행복한 하루 되세요👍",
      "created_at": 1526851940,
      "owner": {
        "id": "3474945955",
        "profile_pic_url": "https://scontent-icn1-1.cdninstagram.com/vp/9f39b3d808e0d84c6575851e44485480/5BA1A287/t51.2885-19/s150x150/13703013_1033006810086203_1007246811_a.jpg",
        "username": "a0_salon"
      }
    }
  },
  {
    "post_id": "insta_17921026954184427",
    "comment_text": 1526862144,
    "comment_date": "✨패션 & 쥬얼리 골드스타✨ 구경 한번 하러오세요 ~ 피드가 마음에든다면 팔로우하고 소통해요 :) 💖",
    "metadata": {
      "id": "17921026954184427",
      "text": "✨패션 & 쥬얼리 골드스타✨ 구경 한번 하러오세요 ~ 피드가 마음에든다면 팔로우하고 소통해요 :) 💖",
      "created_at": 1526862144,
      "owner": {
        "id": "2281122643",
        "profile_pic_url": "https://scontent-icn1-1.cdninstagram.com/vp/5da9d81569180a5d26a05ac5eff51593/5B7D0E66/t51.2885-19/s150x150/28433459_174915359707792_1438016584697249792_n.jpg",
        "username": "goldstar______"
      }
    }
  },
  {
    "post_id": "insta_17932771156113062",
    "comment_text": 1526881936,
    "comment_date": "저희 인스타에도 놀러오세요",
    "metadata": {
      "id": "17932771156113062",
      "text": "저희 인스타에도 놀러오세요",
      "created_at": 1526881936,
      "owner": {
        "id": "3089611452",
        "profile_pic_url": "https://scontent-icn1-1.cdninstagram.com/vp/81947d5c0f8d7ddf1c63b2e3dc0ffd23/5BA223A9/t51.2885-19/s150x150/20686582_312786499192991_5965601925083693056_a.jpg",
        "username": "jamsil4ever"
      }
    }
  },
  {
    "post_id": "insta_17945541637009005",
    "comment_text": 1526819986,
    "comment_date": "👏",
    "metadata": {
      "id": "17945541637009005",
      "text": "👏",
      "created_at": 1526819986,
      "owner": {
        "id": "6802761271",
        "profile_pic_url": "https://scontent-icn1-1.cdninstagram.com/vp/cf26e35f68c27ab88d8e31355bfae359/5B80A35E/t51.2885-19/s150x150/31375859_442237386224417_7384764659913457664_n.jpg",
        "username": "seung_jae_24"
      }
    }
  },
  {
    "post_id": "insta_17846946721266546",
    "comment_text": 1526785935,
    "comment_date": "우앙~~~선팔하고 갑니다 ^^",
    "metadata": {
      "id": "17846946721266546",
      "text": "우앙~~~선팔하고 갑니다 ^^",
      "created_at": 1526785935,
      "owner": {
        "id": "7637770520",
        "profile_pic_url": "https://scontent-icn1-1.cdninstagram.com/vp/31994b1fd61daee8def903e9b3514761/5BC4C794/t51.2885-19/s150x150/30923421_147452282768130_1152401817858998272_n.jpg",
        "username": "yunamgil9900"
      }
    }
  },
  {
    "post_id": "insta_17874214513233138",
    "comment_text": 1526788103,
    "comment_date": "좋은하루 되세요~~~~",
    "metadata": {
      "id": "17874214513233138",
      "text": "좋은하루 되세요~~~~",
      "created_at": 1526788103,
      "owner": {
        "id": "7719608883",
        "profile_pic_url": "https://scontent-icn1-1.cdninstagram.com/vp/eaa47c6a315d1a1e1580b37c91793c1d/5BBE7CC8/t51.2885-19/s150x150/31816110_132038837656878_1868153736870756352_n.jpg",
        "username": "_oqbpqdwm"
      }
    }
  },
  {
    "post_id": "insta_17913291217175082",
    "comment_text": 1526748457,
    "comment_date": "미친 필라.. 야 우리 한국가면 운동화 커플로 맞추실",
    "metadata": {
      "id": "17913291217175082",
      "text": "미친 필라.. 야 우리 한국가면 운동화 커플로 맞추실",
      "created_at": 1526748457,
      "owner": {
        "id": "2074879794",
        "profile_pic_url": "https://scontent-icn1-1.cdninstagram.com/vp/f1bcee2c76bff84b9f34ce0f36c41a85/5B85AAE8/t51.2885-19/s150x150/32362283_2083424808580995_6200180905508601856_n.jpg",
        "username": "m_m1005"
      }
    }
  },
  {
    "post_id": "insta_17884552396218091",
    "comment_text": 1526748606,
    "comment_date": "@m_m1005 각임",
    "metadata": {
      "id": "17884552396218091",
      "text": "@m_m1005 각임",
      "created_at": 1526748606,
      "owner": {
        "id": "4266614415",
        "profile_pic_url": "https://scontent-icn1-1.cdninstagram.com/vp/f19c5478dbefc1e1d90d9dd0e804c509/5B8CEB9A/t51.2885-19/s150x150/31908288_808209916035531_7567683417219792896_n.jpg",
        "username": "yewon.18"
      }
    }
  },
  {
    "post_id": "insta_17931295753113938",
    "comment_text": 1526748688,
    "comment_date": "@yewon.18 개졓아",
    "metadata": {
      "id": "17931295753113938",
      "text": "@yewon.18 개졓아",
      "created_at": 1526748688,
      "owner": {
        "id": "2074879794",
        "profile_pic_url": "https://scontent-icn1-1.cdninstagram.com/vp/f1bcee2c76bff84b9f34ce0f36c41a85/5B85AAE8/t51.2885-19/s150x150/32362283_2083424808580995_6200180905508601856_n.jpg",
        "username": "m_m1005"
      }
    }
  },
  {
    "post_id": "insta_17868871828245021",
    "comment_text": 1526748707,
    "comment_date": "@m_m1005 벌써설렘",
    "metadata": {
      "id": "17868871828245021",
      "text": "@m_m1005 벌써설렘",
      "created_at": 1526748707,
      "owner": {
        "id": "4266614415",
        "profile_pic_url": "https://scontent-icn1-1.cdninstagram.com/vp/f19c5478dbefc1e1d90d9dd0e804c509/5B8CEB9A/t51.2885-19/s150x150/31908288_808209916035531_7567683417219792896_n.jpg",
        "username": "yewon.18"
      }
    }
  },
  {
    "post_id": "insta_17921759212139413",
    "comment_text": 1526748747,
    "comment_date": "@yewon.18 옷이랑 화장품도 사눈거야",
    "metadata": {
      "id": "17921759212139413",
      "text": "@yewon.18 옷이랑 화장품도 사눈거야",
      "created_at": 1526748747,
      "owner": {
        "id": "2074879794",
        "profile_pic_url": "https://scontent-icn1-1.cdninstagram.com/vp/f1bcee2c76bff84b9f34ce0f36c41a85/5B85AAE8/t51.2885-19/s150x150/32362283_2083424808580995_6200180905508601856_n.jpg",
        "username": "m_m1005"
      }
    }
  },
  {
    "post_id": "insta_17916822580156262",
    "comment_text": 1526748764,
    "comment_date": "@m_m1005 엄마한테 옷산다고 해서 한 삼십만원ㄴ 들고갈각임",
    "metadata": {
      "id": "17916822580156262",
      "text": "@m_m1005 엄마한테 옷산다고 해서 한 삼십만원ㄴ 들고갈각임",
      "created_at": 1526748764,
      "owner": {
        "id": "2074879794",
        "profile_pic_url": "https://scontent-icn1-1.cdninstagram.com/vp/f1bcee2c76bff84b9f34ce0f36c41a85/5B85AAE8/t51.2885-19/s150x150/32362283_2083424808580995_6200180905508601856_n.jpg",
        "username": "m_m1005"
      }
    }
  },
  {
    "post_id": "insta_17933097649102005",
    "comment_text": 1526750685,
    "comment_date": "사진 잘 봤어요 ^^🙈🙊",
    "metadata": {
      "id": "17933097649102005",
      "text": "사진 잘 봤어요 ^^🙈🙊",
      "created_at": 1526750685,
      "owner": {
        "id": "6987078",
        "profile_pic_url": "https://scontent-icn1-1.cdninstagram.com/vp/8fe960c4f140898b0bb445a06ffcb759/5B8A0A4B/t51.2885-19/s150x150/18513604_174922906368930_4600477764397563904_a.jpg",
        "username": "jeremy_je_kim"
      }
    }
  },
  {
    "post_id": "insta_17938168999079089",
    "comment_text": 1526756231,
    "comment_date": "@jeremy_je_kim 감사합니당☺️",
    "metadata": {
      "id": "17938168999079089",
      "text": "@jeremy_je_kim 감사합니당☺️",
      "created_at": 1526756231,
      "owner": {
        "id": "4266614415",
        "profile_pic_url": "https://scontent-icn1-1.cdninstagram.com/vp/f19c5478dbefc1e1d90d9dd0e804c509/5B8CEB9A/t51.2885-19/s150x150/31908288_808209916035531_7567683417219792896_n.jpg",
        "username": "yewon.18"
      }
    }
  },
  {
    "post_id": "insta_17947767721005100",
    "comment_text": 1526746079,
    "comment_date": "lfl",
    "metadata": {
      "id": "17947767721005100",
      "text": "lfl",
      "created_at": 1526746079,
      "owner": {
        "id": "2236869553",
        "profile_pic_url": "https://scontent-icn1-1.cdninstagram.com/vp/29c04c590a634121a0e8469612cf8cbe/5B80EE34/t51.2885-19/s150x150/31954985_2061589067457567_7739719367348191232_n.jpg",
        "username": "putridwintyas"
      }
    }
  },
  {
    "post_id": "insta_17918451226177181",
    "comment_text": 1526746244,
    "comment_date": "잘보고다녀갑니다^^",
    "metadata": {
      "id": "17918451226177181",
      "text": "잘보고다녀갑니다^^",
      "created_at": 1526746244,
      "owner": {
        "id": "4160261911",
        "profile_pic_url": "https://scontent-icn1-1.cdninstagram.com/vp/95147ed1806d526dc9705b4bc4966f74/5B8A5493/t51.2885-19/s150x150/29088028_447126022383736_7214552687906390016_n.jpg",
        "username": "hepink0342"
      }
    }
  },
  {
    "post_id": "insta_17874454363230934",
    "comment_text": 1526746284,
    "comment_date": "좋은 하루 되세요🌿",
    "metadata": {
      "id": "17874454363230934",
      "text": "좋은 하루 되세요🌿",
      "created_at": 1526746284,
      "owner": {
        "id": "2314943399",
        "profile_pic_url": "https://scontent-icn1-1.cdninstagram.com/vp/94ff743429751119113fa59cf318786b/5BA1ED09/t51.2885-19/s150x150/30841969_954193688081749_2467876135128530944_n.jpg",
        "username": "yuna5790"
      }
    }
  },
  {
    "post_id": "insta_17945877814049592",
    "comment_text": 1526746329,
    "comment_date": "안녕하세용👧🏻💕",
    "metadata": {
      "id": "17945877814049592",
      "text": "안녕하세용👧🏻💕",
      "created_at": 1526746329,
      "owner": {
        "id": "4207743553",
        "profile_pic_url": "https://scontent-icn1-1.cdninstagram.com/vp/aaf2747d1034982bca89b37f7b3e9946/5B8C9221/t51.2885-19/s150x150/18645851_140809556464985_6781206306104541184_a.jpg",
        "username": "yoona_sua2"
      }
    }
  },
  {
    "post_id": "insta_17888204095201465",
    "comment_text": 1527072219,
    "comment_date": "😀",
    "metadata": {
      "id": "17888204095201465",
      "text": "😀",
      "created_at": 1527072219,
      "owner": {
        "id": "2215491126",
        "profile_pic_url": "https://scontent-icn1-1.cdninstagram.com/vp/010e8e2cc4053bce2e8a33252524a624/5B93D6D3/t51.2885-19/s150x150/31920868_1612323738865800_1516181841273421824_n.jpg",
        "username": "nicoleshiiiiiiii"
      }
    }
  },
  {
    "post_id": "insta_17947656634032222",
    "comment_text": 1527072220,
    "comment_date": "😊👍",
    "metadata": {
      "id": "17947656634032222",
      "text": "😊👍",
      "created_at": 1527072220,
      "owner": {
        "id": "1554236069",
        "profile_pic_url": "https://scontent-icn1-1.cdninstagram.com/vp/f67ba6769e5447620174e8e890b23155/5B90932C/t51.2885-19/s150x150/29094925_1775504559180162_5002517111671619584_n.jpg",
        "username": "magic_peach"
      }
    }
  },
  {
    "post_id": "insta_17913896782168878",
    "comment_text": 1527072225,
    "comment_date": "😀😄",
    "metadata": {
      "id": "17913896782168878",
      "text": "😀😄",
      "created_at": 1527072225,
      "owner": {
        "id": "1054698694",
        "profile_pic_url": "https://scontent-icn1-1.cdninstagram.com/vp/6357e9450f81e9a94b4173b6931eea36/5B89D6D0/t51.2885-19/s150x150/28153140_482097105519181_5202268584545353728_n.jpg",
        "username": "taylor_zhany"
      }
    }
  },
  {
    "post_id": "insta_17945899666056381",
    "comment_text": 1526740930,
    "comment_date": "#abc마트 #창원 #마산 #진해 #부산 #명동 #아디다스 #나이키 #리복 #수페르가 #FILA #커플신발 #신스타그램 #슈스타그램 #데일리룩 #친구추가 #instasize #instagood #selfie #OOTD #인친 #맞팔 #소통 #좋아요 #like4like #l4l #대학생 #고등학생 #휠라 #디스럽터2",
    "metadata": {
      "id": "17945899666056381",
      "text": "#abc마트 #창원 #마산 #진해 #부산 #명동 #아디다스 #나이키 #리복 #수페르가 #FILA #커플신발 #신스타그램 #슈스타그램 #데일리룩 #친구추가 #instasize #instagood #selfie #OOTD #인친 #맞팔 #소통 #좋아요 #like4like #l4l #대학생 #고등학생 #휠라 #디스럽터2",
      "created_at": 1526740930,
      "owner": {
        "id": "7248574955",
        "profile_pic_url": "https://scontent-icn1-1.cdninstagram.com/vp/818651d38eed773e52579f88414e7029/5B958AAF/t51.2885-19/s150x150/28435364_895178410644189_8981700308782546944_n.jpg",
        "username": "abcmart_changwonhapseong"
      }
    }
  },
  {
    "post_id": "insta_17913308815175887",
    "comment_text": 1526741054,
    "comment_date": "l4l? 😊",
    "metadata": {
      "id": "17913308815175887",
      "text": "l4l? 😊",
      "created_at": 1526741054,
      "owner": {
        "id": "1364279543",
        "profile_pic_url": "https://scontent-icn1-1.cdninstagram.com/vp/f94d8caf4c3b0400d75b051d6910f61f/5BBE8C9E/t51.2885-19/s150x150/31673260_589648038068499_1638945857862631424_n.jpg",
        "username": "bungadewara"
      }
    }
  },
  {
    "post_id": "insta_17948586622021606",
    "comment_text": 1526741375,
    "comment_date": "좋은하루되세요😊",
    "metadata": {
      "id": "17948586622021606",
      "text": "좋은하루되세요😊",
      "created_at": 1526741375,
      "owner": {
        "id": "2243383569",
        "profile_pic_url": "https://scontent-icn1-1.cdninstagram.com/vp/65f49e980296f7cc439b889508b30bba/5B9FCBB2/t51.2885-19/s150x150/31007014_238135026735914_3846366538982490112_n.jpg",
        "username": "youbin_refresh"
      }
    }
  },
  {
    "post_id": "insta_17886403471214353",
    "comment_text": 1526960003,
    "comment_date": "#휠라 #휠라키즈 #디스럽터2",
    "metadata": {
      "id": "17886403471214353",
      "text": "#휠라 #휠라키즈 #디스럽터2",
      "created_at": 1526960003,
      "owner": {
        "id": "1585945898",
        "profile_pic_url": "https://scontent-icn1-1.cdninstagram.com/vp/15c858dfca63ca24a76eec097fa172e7/5B81CB7B/t51.2885-19/s150x150/31752456_434031577024689_3710762176496009216_n.jpg",
        "username": "da_eun060506"
      }
    }
  }
]