[
  {
    "file_url": "http://pbs.twimg.com/media/Ddui1DVVwAEizfF.jpg",
    "video_url": "",
    "post_id": "twi_998570778286157824",
    "file_path": "Ddui/1DVVwAEizfF.jpg",
    "metadata": {
      "id": 998570774704275457,
      "id_str": "998570774704275457",
      "indices": [
        37,
        60
      ],
      "media_url": "http://pbs.twimg.com/media/Ddui1DVVwAEizfF.jpg",
      "media_url_https": "https://pbs.twimg.com/media/Ddui1DVVwAEizfF.jpg",
      "url": "https://t.co/tvtzNmzFjz",
      "display_url": "pic.twitter.com/tvtzNmzFjz",
      "expanded_url": "https://twitter.com/sweet_rain_1120/status/998570778286157824/photo/1",
      "type": "photo",
      "sizes": {
        "thumb": {
          "w": 150,
          "h": 150,
          "resize": "crop"
        },
        "medium": {
          "w": 360,
          "h": 360,
          "resize": "fit"
        },
        "large": {
          "w": 360,
          "h": 360,
          "resize": "fit"
        },
        "small": {
          "w": 360,
          "h": 360,
          "resize": "fit"
        }
      }
    }
  },
  {
    "file_url": "http://pbs.twimg.com/media/DG2ou5SUwAABbKu.jpg",
    "video_url": "",
    "post_id": "twi_996027074644066305",
    "file_path": "DG2o/u5SUwAABbKu.jpg",
    "metadata": {
      "id": 895557424521723904,
      "id_str": "895557424521723904",
      "indices": [
        95,
        118
      ],
      "media_url": "http://pbs.twimg.com/media/DG2ou5SUwAABbKu.jpg",
      "media_url_https": "https://pbs.twimg.com/media/DG2ou5SUwAABbKu.jpg",
      "url": "https://t.co/UHDQ93b4te",
      "display_url": "pic.twitter.com/UHDQ93b4te",
      "expanded_url": "https://twitter.com/apink_fashion/status/895557434856529921/photo/1",
      "type": "photo",
      "sizes": {
        "thumb": {
          "w": 150,
          "h": 150,
          "resize": "crop"
        },
        "large": {
          "w": 530,
          "h": 859,
          "resize": "fit"
        },
        "small": {
          "w": 420,
          "h": 680,
          "resize": "fit"
        },
        "medium": {
          "w": 530,
          "h": 859,
          "resize": "fit"
        }
      },
      "source_status_id": 895557434856529921,
      "source_status_id_str": "895557434856529921",
      "source_user_id": 339567665,
      "source_user_id_str": "339567665"
    }
  },
  {
    "file_url": "http://pbs.twimg.com/media/DG2ou5TUMAAXIkN.jpg",
    "video_url": "",
    "post_id": "twi_996027074644066305",
    "file_path": "DG2o/u5TUMAAXIkN.jpg",
    "metadata": {
      "id": 895557424525881344,
      "id_str": "895557424525881344",
      "indices": [
        95,
        118
      ],
      "media_url": "http://pbs.twimg.com/media/DG2ou5TUMAAXIkN.jpg",
      "media_url_https": "https://pbs.twimg.com/media/DG2ou5TUMAAXIkN.jpg",
      "url": "https://t.co/UHDQ93b4te",
      "display_url": "pic.twitter.com/UHDQ93b4te",
      "expanded_url": "https://twitter.com/apink_fashion/status/895557434856529921/photo/1",
      "type": "photo",
      "sizes": {
        "thumb": {
          "w": 150,
          "h": 150,
          "resize": "crop"
        },
        "small": {
          "w": 550,
          "h": 550,
          "resize": "fit"
        },
        "medium": {
          "w": 550,
          "h": 550,
          "resize": "fit"
        },
        "large": {
          "w": 550,
          "h": 550,
          "resize": "fit"
        }
      },
      "source_status_id": 895557434856529921,
      "source_status_id_str": "895557434856529921",
      "source_user_id": 339567665,
      "source_user_id_str": "339567665"
    }
  }
]