[
  {
    "post_id": "twi_998942992403648512",
    "post": "@SVT_0526_17_13 나 디스럽ㅂ터2 삿어 히히히히",
    "hash_tag": [],
    "like_count": 0,
    "post_date": "Tue May 22 15:05:43 +0000 2018",
    "comment_count": 0,
    "extended": false,
    "url": "https://twitter.com/p1edis_boos/status/998942992403648512",
    "metadata": {
      "created_at": "Tue May 22 15:05:43 +0000 2018",
      "id": 998942992403648512,
      "id_str": "998942992403648512",
      "text": "@SVT_0526_17_13 나 디스럽ㅂ터2 삿어 히히히히",
      "truncated": false,
      "entities": {
        "hashtags": [],
        "symbols": [],
        "user_mentions": [
          {
            "screen_name": "SVT_0526_17_13",
            "name": "[중콘F1]☁️안개☁️",
            "id": 837256273099804672,
            "id_str": "837256273099804672",
            "indices": [
              0,
              15
            ]
          }
        ],
        "urls": []
      },
      "metadata": {
        "result_type": "recent",
        "iso_language_code": "ko"
      },
      "source": "<a href=\"http://twitter.com\" rel=\"nofollow\">Twitter Web Client</a>",
      "in_reply_to_status_id": 998942361840336896,
      "in_reply_to_status_id_str": "998942361840336896",
      "in_reply_to_user_id": 837256273099804672,
      "in_reply_to_user_id_str": "837256273099804672",
      "in_reply_to_screen_name": "SVT_0526_17_13",
      "user": {
        "id": 982954220151128067,
        "id_str": "982954220151128067",
        "name": "깽",
        "screen_name": "p1edis_boos",
        "location": "",
        "description": "",
        "url": null,
        "entities": {
          "description": {
            "urls": []
          }
        },
        "protected": false,
        "followers_count": 244,
        "friends_count": 244,
        "listed_count": 0,
        "created_at": "Sun Apr 08 12:12:03 +0000 2018",
        "favourites_count": 144,
        "utc_offset": null,
        "time_zone": null,
        "geo_enabled": false,
        "verified": false,
        "statuses_count": 1473,
        "lang": "ko",
        "contributors_enabled": false,
        "is_translator": false,
        "is_translation_enabled": false,
        "profile_background_color": "000000",
        "profile_background_image_url": "http://abs.twimg.com/images/themes/theme1/bg.png",
        "profile_background_image_url_https": "https://abs.twimg.com/images/themes/theme1/bg.png",
        "profile_background_tile": false,
        "profile_image_url": "http://pbs.twimg.com/profile_images/999167829164244992/3zwvOaF8_normal.jpg",
        "profile_image_url_https": "https://pbs.twimg.com/profile_images/999167829164244992/3zwvOaF8_normal.jpg",
        "profile_link_color": "800000",
        "profile_sidebar_border_color": "000000",
        "profile_sidebar_fill_color": "000000",
        "profile_text_color": "000000",
        "profile_use_background_image": false,
        "has_extended_profile": false,
        "default_profile": false,
        "default_profile_image": false,
        "following": false,
        "follow_request_sent": false,
        "notifications": false,
        "translator_type": "none"
      },
      "geo": null,
      "coordinates": null,
      "place": null,
      "contributors": null,
      "is_quote_status": false,
      "retweet_count": 0,
      "favorite_count": 0,
      "favorited": false,
      "retweeted": false,
      "lang": "ko"
    }
  },
  {
    "post_id": "twi_998938483950407682",
    "post": "나 휠라 디스럽터2 삿다 콘샤투도 안가는주제 키 174데게 생김 거인갱  ~ ~  ㅠㅜ",
    "hash_tag": [],
    "like_count": 0,
    "post_date": "Tue May 22 14:47:48 +0000 2018",
    "comment_count": 0,
    "extended": false,
    "url": "https://twitter.com/p1edis_boos/status/998938483950407682",
    "metadata": {
      "created_at": "Tue May 22 14:47:48 +0000 2018",
      "id": 998938483950407682,
      "id_str": "998938483950407682",
      "text": "나 휠라 디스럽터2 삿다 콘샤투도 안가는주제 키 174데게 생김 거인갱  ~ ~  ㅠㅜ",
      "truncated": false,
      "entities": {
        "hashtags": [],
        "symbols": [],
        "user_mentions": [],
        "urls": []
      },
      "metadata": {
        "result_type": "recent",
        "iso_language_code": "ko"
      },
      "source": "<a href=\"http://twitter.com\" rel=\"nofollow\">Twitter Web Client</a>",
      "in_reply_to_status_id": null,
      "in_reply_to_status_id_str": null,
      "in_reply_to_user_id": null,
      "in_reply_to_user_id_str": null,
      "in_reply_to_screen_name": null,
      "user": {
        "id": 982954220151128067,
        "id_str": "982954220151128067",
        "name": "깽",
        "screen_name": "p1edis_boos",
        "location": "",
        "description": "",
        "url": null,
        "entities": {
          "description": {
            "urls": []
          }
        },
        "protected": false,
        "followers_count": 244,
        "friends_count": 244,
        "listed_count": 0,
        "created_at": "Sun Apr 08 12:12:03 +0000 2018",
        "favourites_count": 144,
        "utc_offset": null,
        "time_zone": null,
        "geo_enabled": false,
        "verified": false,
        "statuses_count": 1473,
        "lang": "ko",
        "contributors_enabled": false,
        "is_translator": false,
        "is_translation_enabled": false,
        "profile_background_color": "000000",
        "profile_background_image_url": "http://abs.twimg.com/images/themes/theme1/bg.png",
        "profile_background_image_url_https": "https://abs.twimg.com/images/themes/theme1/bg.png",
        "profile_background_tile": false,
        "profile_image_url": "http://pbs.twimg.com/profile_images/999167829164244992/3zwvOaF8_normal.jpg",
        "profile_image_url_https": "https://pbs.twimg.com/profile_images/999167829164244992/3zwvOaF8_normal.jpg",
        "profile_link_color": "800000",
        "profile_sidebar_border_color": "000000",
        "profile_sidebar_fill_color": "000000",
        "profile_text_color": "000000",
        "profile_use_background_image": false,
        "has_extended_profile": false,
        "default_profile": false,
        "default_profile_image": false,
        "following": false,
        "follow_request_sent": false,
        "notifications": false,
        "translator_type": "none"
      },
      "geo": null,
      "coordinates": null,
      "place": null,
      "contributors": null,
      "is_quote_status": false,
      "retweet_count": 0,
      "favorite_count": 0,
      "favorited": false,
      "retweeted": false,
      "lang": "ko"
    }
  },
  {
    "post_id": "twi_998570778286157824",
    "post": "앗 음 휠라 디스럽터2 사버렸고 이 영광을 미농님께 돌립니다,,❤ https://t.co/tvtzNmzFjz",
    "hash_tag": [],
    "like_count": 1,
    "post_date": "Mon May 21 14:26:40 +0000 2018",
    "comment_count": 0,
    "extended": false,
    "url": "https://twitter.com/sweet_rain_1120/status/998570778286157824",
    "metadata": {
      "created_at": "Mon May 21 14:26:40 +0000 2018",
      "id": 998570778286157824,
      "id_str": "998570778286157824",
      "text": "앗 음 휠라 디스럽터2 사버렸고 이 영광을 미농님께 돌립니다,,❤ https://t.co/tvtzNmzFjz",
      "truncated": false,
      "entities": {
        "hashtags": [],
        "symbols": [],
        "user_mentions": [],
        "urls": [],
        "media": [
          {
            "id": 998570774704275457,
            "id_str": "998570774704275457",
            "indices": [
              37,
              60
            ],
            "media_url": "http://pbs.twimg.com/media/Ddui1DVVwAEizfF.jpg",
            "media_url_https": "https://pbs.twimg.com/media/Ddui1DVVwAEizfF.jpg",
            "url": "https://t.co/tvtzNmzFjz",
            "display_url": "pic.twitter.com/tvtzNmzFjz",
            "expanded_url": "https://twitter.com/sweet_rain_1120/status/998570778286157824/photo/1",
            "type": "photo",
            "sizes": {
              "thumb": {
                "w": 150,
                "h": 150,
                "resize": "crop"
              },
              "medium": {
                "w": 360,
                "h": 360,
                "resize": "fit"
              },
              "large": {
                "w": 360,
                "h": 360,
                "resize": "fit"
              },
              "small": {
                "w": 360,
                "h": 360,
                "resize": "fit"
              }
            }
          }
        ]
      },
      "extended_entities": {
        "media": [
          {
            "id": 998570774704275457,
            "id_str": "998570774704275457",
            "indices": [
              37,
              60
            ],
            "media_url": "http://pbs.twimg.com/media/Ddui1DVVwAEizfF.jpg",
            "media_url_https": "https://pbs.twimg.com/media/Ddui1DVVwAEizfF.jpg",
            "url": "https://t.co/tvtzNmzFjz",
            "display_url": "pic.twitter.com/tvtzNmzFjz",
            "expanded_url": "https://twitter.com/sweet_rain_1120/status/998570778286157824/photo/1",
            "type": "photo",
            "sizes": {
              "thumb": {
                "w": 150,
                "h": 150,
                "resize": "crop"
              },
              "medium": {
                "w": 360,
                "h": 360,
                "resize": "fit"
              },
              "large": {
                "w": 360,
                "h": 360,
                "resize": "fit"
              },
              "small": {
                "w": 360,
                "h": 360,
                "resize": "fit"
              }
            }
          }
        ]
      },
      "metadata": {
        "result_type": "recent",
        "iso_language_code": "ko"
      },
      "source": "<a href=\"http://twitter.com/download/android\" rel=\"nofollow\">Twitter for Android</a>",
      "in_reply_to_status_id": null,
      "in_reply_to_status_id_str": null,
      "in_reply_to_user_id": null,
      "in_reply_to_user_id_str": null,
      "in_reply_to_screen_name": null,
      "user": {
        "id": 4824086414,
        "id_str": "4824086414",
        "name": "🌸단비🌸",
        "screen_name": "sweet_rain_1120",
        "location": "MACUSA",
        "description": "쩜오디 쓰리디 이별은 블언블 | 마블🔥 | 토르로키버키블랙팬서+본체                           💥Girls can do anything💥",
        "url": null,
        "entities": {
          "description": {
            "urls": []
          }
        },
        "protected": false,
        "followers_count": 139,
        "friends_count": 162,
        "listed_count": 5,
        "created_at": "Thu Jan 28 05:29:23 +0000 2016",
        "favourites_count": 23559,
        "utc_offset": null,
        "time_zone": null,
        "geo_enabled": true,
        "verified": false,
        "statuses_count": 5720,
        "lang": "en",
        "contributors_enabled": false,
        "is_translator": false,
        "is_translation_enabled": false,
        "profile_background_color": "F5F8FA",
        "profile_background_image_url": null,
        "profile_background_image_url_https": null,
        "profile_background_tile": false,
        "profile_image_url": "http://pbs.twimg.com/profile_images/997847226931003393/-mMkpD5R_normal.jpg",
        "profile_image_url_https": "https://pbs.twimg.com/profile_images/997847226931003393/-mMkpD5R_normal.jpg",
        "profile_banner_url": "https://pbs.twimg.com/profile_banners/4824086414/1518972189",
        "profile_link_color": "1DA1F2",
        "profile_sidebar_border_color": "C0DEED",
        "profile_sidebar_fill_color": "DDEEF6",
        "profile_text_color": "333333",
        "profile_use_background_image": true,
        "has_extended_profile": true,
        "default_profile": true,
        "default_profile_image": false,
        "following": false,
        "follow_request_sent": false,
        "notifications": false,
        "translator_type": "none"
      },
      "geo": null,
      "coordinates": null,
      "place": null,
      "contributors": null,
      "is_quote_status": false,
      "retweet_count": 0,
      "favorite_count": 1,
      "favorited": false,
      "retweeted": false,
      "possibly_sensitive": false,
      "lang": "ko"
    }
  },
  {
    "post_id": "twi_998197095885516801",
    "post": "@KongMingly 헛그롬 더더욱 저 신발추천!-! 휠라 디스럽터2 가격도 육만구천원정도해욤( 커플신발신을려구 영업중)^o^(",
    "hash_tag": [],
    "like_count": 0,
    "post_date": "Sun May 20 13:41:47 +0000 2018",
    "comment_count": 0,
    "extended": false,
    "url": "https://twitter.com/VIXX_0217/status/998197095885516801",
    "metadata": {
      "created_at": "Sun May 20 13:41:47 +0000 2018",
      "id": 998197095885516801,
      "id_str": "998197095885516801",
      "text": "@KongMingly 헛그롬 더더욱 저 신발추천!-! 휠라 디스럽터2 가격도 육만구천원정도해욤( 커플신발신을려구 영업중)^o^(",
      "truncated": false,
      "entities": {
        "hashtags": [],
        "symbols": [],
        "user_mentions": [
          {
            "screen_name": "KongMingly",
            "name": "밀리👈첫C막B",
            "id": 736539626429521920,
            "id_str": "736539626429521920",
            "indices": [
              0,
              11
            ]
          }
        ],
        "urls": []
      },
      "metadata": {
        "result_type": "recent",
        "iso_language_code": "ko"
      },
      "source": "<a href=\"http://twitter.com/download/iphone\" rel=\"nofollow\">Twitter for iPhone</a>",
      "in_reply_to_status_id": 998196706305961984,
      "in_reply_to_status_id_str": "998196706305961984",
      "in_reply_to_user_id": 736539626429521920,
      "in_reply_to_user_id_str": "736539626429521920",
      "in_reply_to_screen_name": "KongMingly",
      "user": {
        "id": 868738750204878848,
        "id_str": "868738750204878848",
        "name": "‼️막콘1시이후에 하임이랑 만나요‼️",
        "screen_name": "VIXX_0217",
        "location": "빅스에 인생배팅",
        "description": "지방 별다섯, 알페스 못 먹어요, 6인지지합니다 @CHA_NNNNN @JUNGTW_LEO @jaehwany0406 @AceRavi @RedBeans93 @HSangHyuk",
        "url": null,
        "entities": {
          "description": {
            "urls": []
          }
        },
        "protected": false,
        "followers_count": 217,
        "friends_count": 755,
        "listed_count": 1,
        "created_at": "Sun May 28 08:00:33 +0000 2017",
        "favourites_count": 3804,
        "utc_offset": null,
        "time_zone": null,
        "geo_enabled": true,
        "verified": false,
        "statuses_count": 7037,
        "lang": "ko",
        "contributors_enabled": false,
        "is_translator": false,
        "is_translation_enabled": false,
        "profile_background_color": "000000",
        "profile_background_image_url": "http://abs.twimg.com/images/themes/theme1/bg.png",
        "profile_background_image_url_https": "https://abs.twimg.com/images/themes/theme1/bg.png",
        "profile_background_tile": false,
        "profile_image_url": "http://pbs.twimg.com/profile_images/995658790950260737/2h-hG9bp_normal.jpg",
        "profile_image_url_https": "https://pbs.twimg.com/profile_images/995658790950260737/2h-hG9bp_normal.jpg",
        "profile_banner_url": "https://pbs.twimg.com/profile_banners/868738750204878848/1524587439",
        "profile_link_color": "F58EA8",
        "profile_sidebar_border_color": "000000",
        "profile_sidebar_fill_color": "000000",
        "profile_text_color": "000000",
        "profile_use_background_image": false,
        "has_extended_profile": true,
        "default_profile": false,
        "default_profile_image": false,
        "following": false,
        "follow_request_sent": false,
        "notifications": false,
        "translator_type": "none"
      },
      "geo": null,
      "coordinates": null,
      "place": null,
      "contributors": null,
      "is_quote_status": false,
      "retweet_count": 0,
      "favorite_count": 0,
      "favorited": false,
      "retweeted": false,
      "lang": "ko"
    }
  },
  {
    "post_id": "twi_998185088683724800",
    "post": "암튼 디스럽터 2 큽니다,,",
    "hash_tag": [],
    "like_count": 0,
    "post_date": "Sun May 20 12:54:05 +0000 2018",
    "comment_count": 0,
    "extended": false,
    "url": "https://twitter.com/Pen_1013/status/998185088683724800",
    "metadata": {
      "created_at": "Sun May 20 12:54:05 +0000 2018",
      "id": 998185088683724800,
      "id_str": "998185088683724800",
      "text": "암튼 디스럽터 2 큽니다,,",
      "truncated": false,
      "entities": {
        "hashtags": [],
        "symbols": [],
        "user_mentions": [],
        "urls": []
      },
      "metadata": {
        "result_type": "recent",
        "iso_language_code": "ko"
      },
      "source": "<a href=\"http://twitter.com/download/android\" rel=\"nofollow\">Twitter for Android</a>",
      "in_reply_to_status_id": null,
      "in_reply_to_status_id_str": null,
      "in_reply_to_user_id": null,
      "in_reply_to_user_id_str": null,
      "in_reply_to_screen_name": null,
      "user": {
        "id": 817243351560822789,
        "id_str": "817243351560822789",
        "name": "펜 (신나라가라)",
        "screen_name": "Pen_1013",
        "location": "내 얘기 70% 아이돌 알페스 25% 아이돌 5%",
        "description": "rps, 2.5D +a",
        "url": "https://t.co/Y0NbEWQKO1",
        "entities": {
          "url": {
            "urls": [
              {
                "url": "https://t.co/Y0NbEWQKO1",
                "expanded_url": "https://o1o11o111o11.postype.com",
                "display_url": "o1o11o111o11.postype.com",
                "indices": [
                  0,
                  23
                ]
              }
            ]
          },
          "description": {
            "urls": []
          }
        },
        "protected": false,
        "followers_count": 467,
        "friends_count": 579,
        "listed_count": 4,
        "created_at": "Fri Jan 06 05:36:13 +0000 2017",
        "favourites_count": 22087,
        "utc_offset": null,
        "time_zone": null,
        "geo_enabled": true,
        "verified": false,
        "statuses_count": 216644,
        "lang": "ko",
        "contributors_enabled": false,
        "is_translator": false,
        "is_translation_enabled": false,
        "profile_background_color": "000000",
        "profile_background_image_url": "http://abs.twimg.com/images/themes/theme1/bg.png",
        "profile_background_image_url_https": "https://abs.twimg.com/images/themes/theme1/bg.png",
        "profile_background_tile": false,
        "profile_image_url": "http://pbs.twimg.com/profile_images/997677777401737217/WujmF5xl_normal.jpg",
        "profile_image_url_https": "https://pbs.twimg.com/profile_images/997677777401737217/WujmF5xl_normal.jpg",
        "profile_banner_url": "https://pbs.twimg.com/profile_banners/817243351560822789/1527066323",
        "profile_link_color": "981CEB",
        "profile_sidebar_border_color": "000000",
        "profile_sidebar_fill_color": "000000",
        "profile_text_color": "000000",
        "profile_use_background_image": false,
        "has_extended_profile": false,
        "default_profile": false,
        "default_profile_image": false,
        "following": false,
        "follow_request_sent": false,
        "notifications": false,
        "translator_type": "none"
      },
      "geo": null,
      "coordinates": null,
      "place": null,
      "contributors": null,
      "is_quote_status": false,
      "retweet_count": 0,
      "favorite_count": 0,
      "favorited": false,
      "retweeted": false,
      "lang": "ko"
    }
  },
  {
    "post_id": "twi_998184790795800577",
    "post": "새로 산 운동화가 휠라 디스럽터 2인가 그런데,, 뒷굽 4~5센치 된다 깔창만 깔면 스탠딩화 각임 ㅅㅂㅋㅋㄱㄱㅋㄱㅋㄱㄱ",
    "hash_tag": [],
    "like_count": 0,
    "post_date": "Sun May 20 12:52:54 +0000 2018",
    "comment_count": 0,
    "extended": false,
    "url": "https://twitter.com/Pen_1013/status/998184790795800577",
    "metadata": {
      "created_at": "Sun May 20 12:52:54 +0000 2018",
      "id": 998184790795800577,
      "id_str": "998184790795800577",
      "text": "새로 산 운동화가 휠라 디스럽터 2인가 그런데,, 뒷굽 4~5센치 된다 깔창만 깔면 스탠딩화 각임 ㅅㅂㅋㅋㄱㄱㅋㄱㅋㄱㄱ",
      "truncated": false,
      "entities": {
        "hashtags": [],
        "symbols": [],
        "user_mentions": [],
        "urls": []
      },
      "metadata": {
        "result_type": "recent",
        "iso_language_code": "ko"
      },
      "source": "<a href=\"http://twitter.com/download/android\" rel=\"nofollow\">Twitter for Android</a>",
      "in_reply_to_status_id": null,
      "in_reply_to_status_id_str": null,
      "in_reply_to_user_id": null,
      "in_reply_to_user_id_str": null,
      "in_reply_to_screen_name": null,
      "user": {
        "id": 817243351560822789,
        "id_str": "817243351560822789",
        "name": "펜 (신나라가라)",
        "screen_name": "Pen_1013",
        "location": "내 얘기 70% 아이돌 알페스 25% 아이돌 5%",
        "description": "rps, 2.5D +a",
        "url": "https://t.co/Y0NbEWQKO1",
        "entities": {
          "url": {
            "urls": [
              {
                "url": "https://t.co/Y0NbEWQKO1",
                "expanded_url": "https://o1o11o111o11.postype.com",
                "display_url": "o1o11o111o11.postype.com",
                "indices": [
                  0,
                  23
                ]
              }
            ]
          },
          "description": {
            "urls": []
          }
        },
        "protected": false,
        "followers_count": 467,
        "friends_count": 579,
        "listed_count": 4,
        "created_at": "Fri Jan 06 05:36:13 +0000 2017",
        "favourites_count": 22087,
        "utc_offset": null,
        "time_zone": null,
        "geo_enabled": true,
        "verified": false,
        "statuses_count": 216644,
        "lang": "ko",
        "contributors_enabled": false,
        "is_translator": false,
        "is_translation_enabled": false,
        "profile_background_color": "000000",
        "profile_background_image_url": "http://abs.twimg.com/images/themes/theme1/bg.png",
        "profile_background_image_url_https": "https://abs.twimg.com/images/themes/theme1/bg.png",
        "profile_background_tile": false,
        "profile_image_url": "http://pbs.twimg.com/profile_images/997677777401737217/WujmF5xl_normal.jpg",
        "profile_image_url_https": "https://pbs.twimg.com/profile_images/997677777401737217/WujmF5xl_normal.jpg",
        "profile_banner_url": "https://pbs.twimg.com/profile_banners/817243351560822789/1527066323",
        "profile_link_color": "981CEB",
        "profile_sidebar_border_color": "000000",
        "profile_sidebar_fill_color": "000000",
        "profile_text_color": "000000",
        "profile_use_background_image": false,
        "has_extended_profile": false,
        "default_profile": false,
        "default_profile_image": false,
        "following": false,
        "follow_request_sent": false,
        "notifications": false,
        "translator_type": "none"
      },
      "geo": null,
      "coordinates": null,
      "place": null,
      "contributors": null,
      "is_quote_status": false,
      "retweet_count": 0,
      "favorite_count": 0,
      "favorited": false,
      "retweeted": false,
      "lang": "ko"
    }
  },
  {
    "post_id": "twi_998152911401070592",
    "post": "@sweet_rain_1120 필라 디스럽터2 인가 구럴 거예요!!!",
    "hash_tag": [],
    "like_count": 0,
    "post_date": "Sun May 20 10:46:13 +0000 2018",
    "comment_count": 0,
    "extended": false,
    "url": "https://twitter.com/A1WAYS_L0Ve_U/status/998152911401070592",
    "metadata": {
      "created_at": "Sun May 20 10:46:13 +0000 2018",
      "id": 998152911401070592,
      "id_str": "998152911401070592",
      "text": "@sweet_rain_1120 필라 디스럽터2 인가 구럴 거예요!!!",
      "truncated": false,
      "entities": {
        "hashtags": [],
        "symbols": [],
        "user_mentions": [
          {
            "screen_name": "sweet_rain_1120",
            "name": "🌸단비🌸",
            "id": 4824086414,
            "id_str": "4824086414",
            "indices": [
              0,
              16
            ]
          }
        ],
        "urls": []
      },
      "metadata": {
        "result_type": "recent",
        "iso_language_code": "ko"
      },
      "source": "<a href=\"http://twitter.com/download/iphone\" rel=\"nofollow\">Twitter for iPhone</a>",
      "in_reply_to_status_id": 998149949446488064,
      "in_reply_to_status_id_str": "998149949446488064",
      "in_reply_to_user_id": 4824086414,
      "in_reply_to_user_id_str": "4824086414",
      "in_reply_to_screen_name": "sweet_rain_1120",
      "user": {
        "id": 835873879797051393,
        "id_str": "835873879797051393",
        "name": "미농 ☾",
        "screen_name": "A1WAYS_L0Ve_U",
        "location": "WAKANDA",
        "description": "혹시 말랑 자두 좋아해요?",
        "url": "https://t.co/xYlADX9D7o",
        "entities": {
          "url": {
            "urls": [
              {
                "url": "https://t.co/xYlADX9D7o",
                "expanded_url": "https://ask.fm/A1WAYS_L0Ve_U?utm_source=copy_link&utm_medium=iOS",
                "display_url": "ask.fm/A1WAYS_L0Ve_U?…",
                "indices": [
                  0,
                  23
                ]
              }
            ]
          },
          "description": {
            "urls": []
          }
        },
        "protected": false,
        "followers_count": 293,
        "friends_count": 221,
        "listed_count": 0,
        "created_at": "Sun Feb 26 15:27:17 +0000 2017",
        "favourites_count": 22888,
        "utc_offset": null,
        "time_zone": null,
        "geo_enabled": false,
        "verified": false,
        "statuses_count": 32452,
        "lang": "ko",
        "contributors_enabled": false,
        "is_translator": false,
        "is_translation_enabled": false,
        "profile_background_color": "F5F8FA",
        "profile_background_image_url": null,
        "profile_background_image_url_https": null,
        "profile_background_tile": false,
        "profile_image_url": "http://pbs.twimg.com/profile_images/998153640127811585/_e0VO3Aq_normal.jpg",
        "profile_image_url_https": "https://pbs.twimg.com/profile_images/998153640127811585/_e0VO3Aq_normal.jpg",
        "profile_banner_url": "https://pbs.twimg.com/profile_banners/835873879797051393/1525741222",
        "profile_link_color": "1DA1F2",
        "profile_sidebar_border_color": "C0DEED",
        "profile_sidebar_fill_color": "DDEEF6",
        "profile_text_color": "333333",
        "profile_use_background_image": true,
        "has_extended_profile": true,
        "default_profile": true,
        "default_profile_image": false,
        "following": false,
        "follow_request_sent": false,
        "notifications": false,
        "translator_type": "none"
      },
      "geo": null,
      "coordinates": null,
      "place": null,
      "contributors": null,
      "is_quote_status": false,
      "retweet_count": 0,
      "favorite_count": 0,
      "favorited": false,
      "retweeted": false,
      "lang": "ko"
    }
  },
  {
    "post_id": "twi_997833618226536449",
    "post": "휠라 레이 살까 코트디럭스 살까 코트디럭스 벨크로 살까 클래식 킥스 살까 디스럽터2살까",
    "hash_tag": [],
    "like_count": 0,
    "post_date": "Sat May 19 13:37:28 +0000 2018",
    "comment_count": 0,
    "extended": false,
    "url": "https://twitter.com/I_NCT_YOUo/status/997833618226536449",
    "metadata": {
      "created_at": "Sat May 19 13:37:28 +0000 2018",
      "id": 997833618226536449,
      "id_str": "997833618226536449",
      "text": "휠라 레이 살까 코트디럭스 살까 코트디럭스 벨크로 살까 클래식 킥스 살까 디스럽터2살까",
      "truncated": false,
      "entities": {
        "hashtags": [],
        "symbols": [],
        "user_mentions": [],
        "urls": []
      },
      "metadata": {
        "result_type": "recent",
        "iso_language_code": "ko"
      },
      "source": "<a href=\"http://twitter.com/download/iphone\" rel=\"nofollow\">Twitter for iPhone</a>",
      "in_reply_to_status_id": null,
      "in_reply_to_status_id_str": null,
      "in_reply_to_user_id": null,
      "in_reply_to_user_id_str": null,
      "in_reply_to_screen_name": null,
      "user": {
        "id": 2449844502,
        "id_str": "2449844502",
        "name": "말치",
        "screen_name": "I_NCT_YOUo",
        "location": "팔언팔신경안씀/rps X",
        "description": "TAEIL MARK @NCTsmtown",
        "url": null,
        "entities": {
          "description": {
            "urls": []
          }
        },
        "protected": false,
        "followers_count": 5,
        "friends_count": 204,
        "listed_count": 1,
        "created_at": "Thu Apr 17 14:29:37 +0000 2014",
        "favourites_count": 4747,
        "utc_offset": null,
        "time_zone": null,
        "geo_enabled": false,
        "verified": false,
        "statuses_count": 12599,
        "lang": "ko",
        "contributors_enabled": false,
        "is_translator": false,
        "is_translation_enabled": false,
        "profile_background_color": "C0DEED",
        "profile_background_image_url": "http://abs.twimg.com/images/themes/theme1/bg.png",
        "profile_background_image_url_https": "https://abs.twimg.com/images/themes/theme1/bg.png",
        "profile_background_tile": false,
        "profile_image_url": "http://pbs.twimg.com/profile_images/997419224950697984/0jw47dzU_normal.jpg",
        "profile_image_url_https": "https://pbs.twimg.com/profile_images/997419224950697984/0jw47dzU_normal.jpg",
        "profile_banner_url": "https://pbs.twimg.com/profile_banners/2449844502/1524315218",
        "profile_link_color": "1DA1F2",
        "profile_sidebar_border_color": "C0DEED",
        "profile_sidebar_fill_color": "DDEEF6",
        "profile_text_color": "333333",
        "profile_use_background_image": true,
        "has_extended_profile": true,
        "default_profile": true,
        "default_profile_image": false,
        "following": false,
        "follow_request_sent": false,
        "notifications": false,
        "translator_type": "none"
      },
      "geo": null,
      "coordinates": null,
      "place": null,
      "contributors": null,
      "is_quote_status": false,
      "retweet_count": 0,
      "favorite_count": 0,
      "favorited": false,
      "retweeted": false,
      "lang": "ko"
    }
  },
  {
    "post_id": "twi_996431945952149504",
    "post": "RT @HSW_dressroom: 🌟 신발정보 -화이트 재입고\n브랜드 : FILA\n이름 : 디스럽터 2\n가격 : 69,000원\n컬러 : White\n🔗 https://t.co/FKS60Shdrh\n#하성운 #워너원 https://t.co/fhTSkQwU…",
    "hash_tag": [
      {
        "text": "하성운",
        "indices": [
          108,
          112
        ]
      },
      {
        "text": "워너원",
        "indices": [
          113,
          117
        ]
      }
    ],
    "like_count": 0,
    "post_date": "Tue May 15 16:47:43 +0000 2018",
    "comment_count": 80,
    "extended": false,
    "url": "https://twitter.com/hagureumi_230/status/996431945952149504",
    "metadata": {
      "created_at": "Tue May 15 16:47:43 +0000 2018",
      "id": 996431945952149504,
      "id_str": "996431945952149504",
      "text": "RT @HSW_dressroom: 🌟 신발정보 -화이트 재입고\n브랜드 : FILA\n이름 : 디스럽터 2\n가격 : 69,000원\n컬러 : White\n🔗 https://t.co/FKS60Shdrh\n#하성운 #워너원 https://t.co/fhTSkQwU…",
      "truncated": false,
      "entities": {
        "hashtags": [
          {
            "text": "하성운",
            "indices": [
              108,
              112
            ]
          },
          {
            "text": "워너원",
            "indices": [
              113,
              117
            ]
          }
        ],
        "symbols": [],
        "user_mentions": [
          {
            "screen_name": "HSW_dressroom",
            "name": "성운이네 드레스룸🌹",
            "id": 923204615658553344,
            "id_str": "923204615658553344",
            "indices": [
              3,
              17
            ]
          }
        ],
        "urls": [
          {
            "url": "https://t.co/FKS60Shdrh",
            "expanded_url": "http://www.abcmart.co.kr/mobile/product/detail?prdtCode=0060266&ctgrId=000002",
            "display_url": "abcmart.co.kr/mobile/product…",
            "indices": [
              84,
              107
            ]
          }
        ]
      },
      "metadata": {
        "result_type": "recent",
        "iso_language_code": "ko"
      },
      "source": "<a href=\"http://twitter.com/download/android\" rel=\"nofollow\">Twitter for Android</a>",
      "in_reply_to_status_id": null,
      "in_reply_to_status_id_str": null,
      "in_reply_to_user_id": null,
      "in_reply_to_user_id_str": null,
      "in_reply_to_screen_name": null,
      "user": {
        "id": 877576649478348801,
        "id_str": "877576649478348801",
        "name": "하구름위를날아올라",
        "screen_name": "hagureumi_230",
        "location": "",
        "description": "하구름👍",
        "url": null,
        "entities": {
          "description": {
            "urls": []
          }
        },
        "protected": false,
        "followers_count": 26,
        "friends_count": 339,
        "listed_count": 0,
        "created_at": "Wed Jun 21 17:19:12 +0000 2017",
        "favourites_count": 428,
        "utc_offset": null,
        "time_zone": null,
        "geo_enabled": false,
        "verified": false,
        "statuses_count": 2764,
        "lang": "ko",
        "contributors_enabled": false,
        "is_translator": false,
        "is_translation_enabled": false,
        "profile_background_color": "F5F8FA",
        "profile_background_image_url": null,
        "profile_background_image_url_https": null,
        "profile_background_tile": false,
        "profile_image_url": "http://pbs.twimg.com/profile_images/981121112502280192/uYchOJc2_normal.jpg",
        "profile_image_url_https": "https://pbs.twimg.com/profile_images/981121112502280192/uYchOJc2_normal.jpg",
        "profile_banner_url": "https://pbs.twimg.com/profile_banners/877576649478348801/1502291275",
        "profile_link_color": "1DA1F2",
        "profile_sidebar_border_color": "C0DEED",
        "profile_sidebar_fill_color": "DDEEF6",
        "profile_text_color": "333333",
        "profile_use_background_image": true,
        "has_extended_profile": true,
        "default_profile": true,
        "default_profile_image": false,
        "following": false,
        "follow_request_sent": false,
        "notifications": false,
        "translator_type": "none"
      },
      "geo": null,
      "coordinates": null,
      "place": null,
      "contributors": null,
      "retweeted_status": {
        "created_at": "Thu Jan 18 13:13:28 +0000 2018",
        "id": 953978649996279808,
        "id_str": "953978649996279808",
        "text": "🌟 신발정보 -화이트 재입고\n브랜드 : FILA\n이름 : 디스럽터 2\n가격 : 69,000원\n컬러 : White\n🔗 https://t.co/FKS60Shdrh\n#하성운 #워너원 https://t.co/fhTSkQwUk0",
        "truncated": false,
        "entities": {
          "hashtags": [
            {
              "text": "하성운",
              "indices": [
                89,
                93
              ]
            },
            {
              "text": "워너원",
              "indices": [
                94,
                98
              ]
            }
          ],
          "symbols": [],
          "user_mentions": [],
          "urls": [
            {
              "url": "https://t.co/FKS60Shdrh",
              "expanded_url": "http://www.abcmart.co.kr/mobile/product/detail?prdtCode=0060266&ctgrId=000002",
              "display_url": "abcmart.co.kr/mobile/product…",
              "indices": [
                65,
                88
              ]
            }
          ],
          "media": [
            {
              "id": 953978642513641476,
              "id_str": "953978642513641476",
              "indices": [
                99,
                122
              ],
              "media_url": "http://pbs.twimg.com/media/DT02hV5VwAQ1nrz.jpg",
              "media_url_https": "https://pbs.twimg.com/media/DT02hV5VwAQ1nrz.jpg",
              "url": "https://t.co/fhTSkQwUk0",
              "display_url": "pic.twitter.com/fhTSkQwUk0",
              "expanded_url": "https://twitter.com/HSW_dressroom/status/953978649996279808/photo/1",
              "type": "photo",
              "sizes": {
                "thumb": {
                  "w": 150,
                  "h": 150,
                  "resize": "crop"
                },
                "large": {
                  "w": 358,
                  "h": 788,
                  "resize": "fit"
                },
                "small": {
                  "w": 309,
                  "h": 680,
                  "resize": "fit"
                },
                "medium": {
                  "w": 358,
                  "h": 788,
                  "resize": "fit"
                }
              }
            }
          ]
        },
        "extended_entities": {
          "media": [
            {
              "id": 953978642513641476,
              "id_str": "953978642513641476",
              "indices": [
                99,
                122
              ],
              "media_url": "http://pbs.twimg.com/media/DT02hV5VwAQ1nrz.jpg",
              "media_url_https": "https://pbs.twimg.com/media/DT02hV5VwAQ1nrz.jpg",
              "url": "https://t.co/fhTSkQwUk0",
              "display_url": "pic.twitter.com/fhTSkQwUk0",
              "expanded_url": "https://twitter.com/HSW_dressroom/status/953978649996279808/photo/1",
              "type": "photo",
              "sizes": {
                "thumb": {
                  "w": 150,
                  "h": 150,
                  "resize": "crop"
                },
                "large": {
                  "w": 358,
                  "h": 788,
                  "resize": "fit"
                },
                "small": {
                  "w": 309,
                  "h": 680,
                  "resize": "fit"
                },
                "medium": {
                  "w": 358,
                  "h": 788,
                  "resize": "fit"
                }
              }
            },
            {
              "id": 953978642387759104,
              "id_str": "953978642387759104",
              "indices": [
                99,
                122
              ],
              "media_url": "http://pbs.twimg.com/media/DT02hVbU8AAibnV.jpg",
              "media_url_https": "https://pbs.twimg.com/media/DT02hVbU8AAibnV.jpg",
              "url": "https://t.co/fhTSkQwUk0",
              "display_url": "pic.twitter.com/fhTSkQwUk0",
              "expanded_url": "https://twitter.com/HSW_dressroom/status/953978649996279808/photo/1",
              "type": "photo",
              "sizes": {
                "small": {
                  "w": 400,
                  "h": 400,
                  "resize": "fit"
                },
                "thumb": {
                  "w": 150,
                  "h": 150,
                  "resize": "crop"
                },
                "large": {
                  "w": 400,
                  "h": 400,
                  "resize": "fit"
                },
                "medium": {
                  "w": 400,
                  "h": 400,
                  "resize": "fit"
                }
              }
            }
          ]
        },
        "metadata": {
          "result_type": "recent",
          "iso_language_code": "ko"
        },
        "source": "<a href=\"http://twitter.com/download/iphone\" rel=\"nofollow\">Twitter for iPhone</a>",
        "in_reply_to_status_id": 942088209923633152,
        "in_reply_to_status_id_str": "942088209923633152",
        "in_reply_to_user_id": 923204615658553344,
        "in_reply_to_user_id_str": "923204615658553344",
        "in_reply_to_screen_name": "HSW_dressroom",
        "user": {
          "id": 923204615658553344,
          "id_str": "923204615658553344",
          "name": "성운이네 드레스룸🌹",
          "screen_name": "HSW_dressroom",
          "location": "옷 정보는 모멘트에서 확인하실 수 있습니다!",
          "description": "내가 보려고 정리하는 성운이 옷들 👔👖 #언제나_하성운편 ☁️☁️당분간 옷 질문 디엠은 받지 않겠습니다.",
          "url": "https://t.co/zjHqqzPDLk",
          "entities": {
            "url": {
              "urls": [
                {
                  "url": "https://t.co/zjHqqzPDLk",
                  "expanded_url": "https://blog.naver.com/hsw_dressroom",
                  "display_url": "blog.naver.com/hsw_dressroom",
                  "indices": [
                    0,
                    23
                  ]
                }
              ]
            },
            "description": {
              "urls": []
            }
          },
          "protected": false,
          "followers_count": 8363,
          "friends_count": 84,
          "listed_count": 25,
          "created_at": "Wed Oct 25 15:08:27 +0000 2017",
          "favourites_count": 1108,
          "utc_offset": null,
          "time_zone": null,
          "geo_enabled": false,
          "verified": false,
          "statuses_count": 467,
          "lang": "ko",
          "contributors_enabled": false,
          "is_translator": false,
          "is_translation_enabled": false,
          "profile_background_color": "F5F8FA",
          "profile_background_image_url": null,
          "profile_background_image_url_https": null,
          "profile_background_tile": false,
          "profile_image_url": "http://pbs.twimg.com/profile_images/998216176499998721/iiBtE_Ru_normal.jpg",
          "profile_image_url_https": "https://pbs.twimg.com/profile_images/998216176499998721/iiBtE_Ru_normal.jpg",
          "profile_banner_url": "https://pbs.twimg.com/profile_banners/923204615658553344/1527084410",
          "profile_link_color": "1DA1F2",
          "profile_sidebar_border_color": "C0DEED",
          "profile_sidebar_fill_color": "DDEEF6",
          "profile_text_color": "333333",
          "profile_use_background_image": true,
          "has_extended_profile": true,
          "default_profile": true,
          "default_profile_image": false,
          "following": false,
          "follow_request_sent": false,
          "notifications": false,
          "translator_type": "none"
        },
        "geo": null,
        "coordinates": null,
        "place": null,
        "contributors": null,
        "is_quote_status": false,
        "retweet_count": 80,
        "favorite_count": 143,
        "favorited": false,
        "retweeted": false,
        "possibly_sensitive": false,
        "lang": "ko"
      },
      "is_quote_status": false,
      "retweet_count": 80,
      "favorite_count": 0,
      "favorited": false,
      "retweeted": false,
      "possibly_sensitive": false,
      "lang": "ko"
    }
  },
  {
    "post_id": "twi_996027074644066305",
    "post": "RT @apink_fashion: 170810 #은지 #정은지\n휠라 디스럽터 2 화이트\nFS1HTZ3071X - 69,000\n\nhttps://t.co/ytdMymvcmV https://t.co/UHDQ93b4te",
    "hash_tag": [
      {
        "text": "은지",
        "indices": [
          26,
          29
        ]
      },
      {
        "text": "정은지",
        "indices": [
          30,
          34
        ]
      }
    ],
    "like_count": 0,
    "post_date": "Mon May 14 13:58:54 +0000 2018",
    "comment_count": 94,
    "extended": false,
    "url": "https://twitter.com/Moonlight__1227/status/996027074644066305",
    "metadata": {
      "created_at": "Mon May 14 13:58:54 +0000 2018",
      "id": 996027074644066305,
      "id_str": "996027074644066305",
      "text": "RT @apink_fashion: 170810 #은지 #정은지\n휠라 디스럽터 2 화이트\nFS1HTZ3071X - 69,000\n\nhttps://t.co/ytdMymvcmV https://t.co/UHDQ93b4te",
      "truncated": false,
      "entities": {
        "hashtags": [
          {
            "text": "은지",
            "indices": [
              26,
              29
            ]
          },
          {
            "text": "정은지",
            "indices": [
              30,
              34
            ]
          }
        ],
        "symbols": [],
        "user_mentions": [
          {
            "screen_name": "apink_fashion",
            "name": "에이핑크 패션봇",
            "id": 339567665,
            "id_str": "339567665",
            "indices": [
              3,
              17
            ]
          }
        ],
        "urls": [
          {
            "url": "https://t.co/ytdMymvcmV",
            "expanded_url": "http://www.fila.co.kr/product/view_heritage.asp?ProductNo=26926",
            "display_url": "fila.co.kr/product/view_h…",
            "indices": [
              71,
              94
            ]
          }
        ],
        "media": [
          {
            "id": 895557424521723904,
            "id_str": "895557424521723904",
            "indices": [
              95,
              118
            ],
            "media_url": "http://pbs.twimg.com/media/DG2ou5SUwAABbKu.jpg",
            "media_url_https": "https://pbs.twimg.com/media/DG2ou5SUwAABbKu.jpg",
            "url": "https://t.co/UHDQ93b4te",
            "display_url": "pic.twitter.com/UHDQ93b4te",
            "expanded_url": "https://twitter.com/apink_fashion/status/895557434856529921/photo/1",
            "type": "photo",
            "sizes": {
              "thumb": {
                "w": 150,
                "h": 150,
                "resize": "crop"
              },
              "large": {
                "w": 530,
                "h": 859,
                "resize": "fit"
              },
              "small": {
                "w": 420,
                "h": 680,
                "resize": "fit"
              },
              "medium": {
                "w": 530,
                "h": 859,
                "resize": "fit"
              }
            },
            "source_status_id": 895557434856529921,
            "source_status_id_str": "895557434856529921",
            "source_user_id": 339567665,
            "source_user_id_str": "339567665"
          }
        ]
      },
      "extended_entities": {
        "media": [
          {
            "id": 895557424521723904,
            "id_str": "895557424521723904",
            "indices": [
              95,
              118
            ],
            "media_url": "http://pbs.twimg.com/media/DG2ou5SUwAABbKu.jpg",
            "media_url_https": "https://pbs.twimg.com/media/DG2ou5SUwAABbKu.jpg",
            "url": "https://t.co/UHDQ93b4te",
            "display_url": "pic.twitter.com/UHDQ93b4te",
            "expanded_url": "https://twitter.com/apink_fashion/status/895557434856529921/photo/1",
            "type": "photo",
            "sizes": {
              "thumb": {
                "w": 150,
                "h": 150,
                "resize": "crop"
              },
              "large": {
                "w": 530,
                "h": 859,
                "resize": "fit"
              },
              "small": {
                "w": 420,
                "h": 680,
                "resize": "fit"
              },
              "medium": {
                "w": 530,
                "h": 859,
                "resize": "fit"
              }
            },
            "source_status_id": 895557434856529921,
            "source_status_id_str": "895557434856529921",
            "source_user_id": 339567665,
            "source_user_id_str": "339567665"
          },
          {
            "id": 895557424525881344,
            "id_str": "895557424525881344",
            "indices": [
              95,
              118
            ],
            "media_url": "http://pbs.twimg.com/media/DG2ou5TUMAAXIkN.jpg",
            "media_url_https": "https://pbs.twimg.com/media/DG2ou5TUMAAXIkN.jpg",
            "url": "https://t.co/UHDQ93b4te",
            "display_url": "pic.twitter.com/UHDQ93b4te",
            "expanded_url": "https://twitter.com/apink_fashion/status/895557434856529921/photo/1",
            "type": "photo",
            "sizes": {
              "thumb": {
                "w": 150,
                "h": 150,
                "resize": "crop"
              },
              "small": {
                "w": 550,
                "h": 550,
                "resize": "fit"
              },
              "medium": {
                "w": 550,
                "h": 550,
                "resize": "fit"
              },
              "large": {
                "w": 550,
                "h": 550,
                "resize": "fit"
              }
            },
            "source_status_id": 895557434856529921,
            "source_status_id_str": "895557434856529921",
            "source_user_id": 339567665,
            "source_user_id_str": "339567665"
          }
        ]
      },
      "metadata": {
        "result_type": "recent",
        "iso_language_code": "ko"
      },
      "source": "<a href=\"http://twitter.com/download/iphone\" rel=\"nofollow\">Twitter for iPhone</a>",
      "in_reply_to_status_id": null,
      "in_reply_to_status_id_str": null,
      "in_reply_to_user_id": null,
      "in_reply_to_user_id_str": null,
      "in_reply_to_screen_name": null,
      "user": {
        "id": 1157327191,
        "id_str": "1157327191",
        "name": "하얀달빛🌙",
        "screen_name": "Moonlight__1227",
        "location": "",
        "description": "아주 가끔 아이처럼 울어도 힘들때면 힘들다고 솔직하게 말을 해도 괜찮다고 말해줄 누군가가 여기 네 곁에 있으니 그래도 돼...📝",
        "url": null,
        "entities": {
          "description": {
            "urls": []
          }
        },
        "protected": false,
        "followers_count": 476,
        "friends_count": 364,
        "listed_count": 4,
        "created_at": "Thu Feb 07 14:38:49 +0000 2013",
        "favourites_count": 14030,
        "utc_offset": null,
        "time_zone": null,
        "geo_enabled": true,
        "verified": false,
        "statuses_count": 18744,
        "lang": "ko",
        "contributors_enabled": false,
        "is_translator": false,
        "is_translation_enabled": false,
        "profile_background_color": "000000",
        "profile_background_image_url": "http://abs.twimg.com/images/themes/theme1/bg.png",
        "profile_background_image_url_https": "https://abs.twimg.com/images/themes/theme1/bg.png",
        "profile_background_tile": false,
        "profile_image_url": "http://pbs.twimg.com/profile_images/986641187422404608/V9pk-WpQ_normal.jpg",
        "profile_image_url_https": "https://pbs.twimg.com/profile_images/986641187422404608/V9pk-WpQ_normal.jpg",
        "profile_banner_url": "https://pbs.twimg.com/profile_banners/1157327191/1522069428",
        "profile_link_color": "ABB8C2",
        "profile_sidebar_border_color": "000000",
        "profile_sidebar_fill_color": "000000",
        "profile_text_color": "000000",
        "profile_use_background_image": false,
        "has_extended_profile": true,
        "default_profile": false,
        "default_profile_image": false,
        "following": false,
        "follow_request_sent": false,
        "notifications": false,
        "translator_type": "none"
      },
      "geo": null,
      "coordinates": null,
      "place": null,
      "contributors": null,
      "retweeted_status": {
        "created_at": "Thu Aug 10 08:08:25 +0000 2017",
        "id": 895557434856529921,
        "id_str": "895557434856529921",
        "text": "170810 #은지 #정은지\n휠라 디스럽터 2 화이트\nFS1HTZ3071X - 69,000\n\nhttps://t.co/ytdMymvcmV https://t.co/UHDQ93b4te",
        "truncated": false,
        "entities": {
          "hashtags": [
            {
              "text": "은지",
              "indices": [
                7,
                10
              ]
            },
            {
              "text": "정은지",
              "indices": [
                11,
                15
              ]
            }
          ],
          "symbols": [],
          "user_mentions": [],
          "urls": [
            {
              "url": "https://t.co/ytdMymvcmV",
              "expanded_url": "http://www.fila.co.kr/product/view_heritage.asp?ProductNo=26926",
              "display_url": "fila.co.kr/product/view_h…",
              "indices": [
                52,
                75
              ]
            }
          ],
          "media": [
            {
              "id": 895557424521723904,
              "id_str": "895557424521723904",
              "indices": [
                76,
                99
              ],
              "media_url": "http://pbs.twimg.com/media/DG2ou5SUwAABbKu.jpg",
              "media_url_https": "https://pbs.twimg.com/media/DG2ou5SUwAABbKu.jpg",
              "url": "https://t.co/UHDQ93b4te",
              "display_url": "pic.twitter.com/UHDQ93b4te",
              "expanded_url": "https://twitter.com/apink_fashion/status/895557434856529921/photo/1",
              "type": "photo",
              "sizes": {
                "thumb": {
                  "w": 150,
                  "h": 150,
                  "resize": "crop"
                },
                "large": {
                  "w": 530,
                  "h": 859,
                  "resize": "fit"
                },
                "small": {
                  "w": 420,
                  "h": 680,
                  "resize": "fit"
                },
                "medium": {
                  "w": 530,
                  "h": 859,
                  "resize": "fit"
                }
              }
            }
          ]
        },
        "extended_entities": {
          "media": [
            {
              "id": 895557424521723904,
              "id_str": "895557424521723904",
              "indices": [
                76,
                99
              ],
              "media_url": "http://pbs.twimg.com/media/DG2ou5SUwAABbKu.jpg",
              "media_url_https": "https://pbs.twimg.com/media/DG2ou5SUwAABbKu.jpg",
              "url": "https://t.co/UHDQ93b4te",
              "display_url": "pic.twitter.com/UHDQ93b4te",
              "expanded_url": "https://twitter.com/apink_fashion/status/895557434856529921/photo/1",
              "type": "photo",
              "sizes": {
                "thumb": {
                  "w": 150,
                  "h": 150,
                  "resize": "crop"
                },
                "large": {
                  "w": 530,
                  "h": 859,
                  "resize": "fit"
                },
                "small": {
                  "w": 420,
                  "h": 680,
                  "resize": "fit"
                },
                "medium": {
                  "w": 530,
                  "h": 859,
                  "resize": "fit"
                }
              }
            },
            {
              "id": 895557424525881344,
              "id_str": "895557424525881344",
              "indices": [
                76,
                99
              ],
              "media_url": "http://pbs.twimg.com/media/DG2ou5TUMAAXIkN.jpg",
              "media_url_https": "https://pbs.twimg.com/media/DG2ou5TUMAAXIkN.jpg",
              "url": "https://t.co/UHDQ93b4te",
              "display_url": "pic.twitter.com/UHDQ93b4te",
              "expanded_url": "https://twitter.com/apink_fashion/status/895557434856529921/photo/1",
              "type": "photo",
              "sizes": {
                "thumb": {
                  "w": 150,
                  "h": 150,
                  "resize": "crop"
                },
                "small": {
                  "w": 550,
                  "h": 550,
                  "resize": "fit"
                },
                "medium": {
                  "w": 550,
                  "h": 550,
                  "resize": "fit"
                },
                "large": {
                  "w": 550,
                  "h": 550,
                  "resize": "fit"
                }
              }
            }
          ]
        },
        "metadata": {
          "result_type": "recent",
          "iso_language_code": "ko"
        },
        "source": "<a href=\"http://twitter.com/download/iphone\" rel=\"nofollow\">Twitter for iPhone</a>",
        "in_reply_to_status_id": null,
        "in_reply_to_status_id_str": null,
        "in_reply_to_user_id": null,
        "in_reply_to_user_id_str": null,
        "in_reply_to_screen_name": null,
        "user": {
          "id": 339567665,
          "id_str": "339567665",
          "name": "에이핑크 패션봇",
          "screen_name": "apink_fashion",
          "location": "천천히 굴러갑니다 :)",
          "description": "영앤리치프리티 에이핑크의 패션정보를 업로드합니다✨",
          "url": null,
          "entities": {
            "description": {
              "urls": []
            }
          },
          "protected": false,
          "followers_count": 7297,
          "friends_count": 27,
          "listed_count": 40,
          "created_at": "Thu Jul 21 09:25:21 +0000 2011",
          "favourites_count": 0,
          "utc_offset": null,
          "time_zone": null,
          "geo_enabled": true,
          "verified": false,
          "statuses_count": 358,
          "lang": "ko",
          "contributors_enabled": false,
          "is_translator": false,
          "is_translation_enabled": false,
          "profile_background_color": "C0DEED",
          "profile_background_image_url": "http://abs.twimg.com/images/themes/theme1/bg.png",
          "profile_background_image_url_https": "https://abs.twimg.com/images/themes/theme1/bg.png",
          "profile_background_tile": false,
          "profile_image_url": "http://pbs.twimg.com/profile_images/997142523201052673/cTN1TK9-_normal.jpg",
          "profile_image_url_https": "https://pbs.twimg.com/profile_images/997142523201052673/cTN1TK9-_normal.jpg",
          "profile_banner_url": "https://pbs.twimg.com/profile_banners/339567665/1524146026",
          "profile_link_color": "1DA1F2",
          "profile_sidebar_border_color": "C0DEED",
          "profile_sidebar_fill_color": "DDEEF6",
          "profile_text_color": "333333",
          "profile_use_background_image": true,
          "has_extended_profile": false,
          "default_profile": true,
          "default_profile_image": false,
          "following": false,
          "follow_request_sent": false,
          "notifications": false,
          "translator_type": "none"
        },
        "geo": null,
        "coordinates": null,
        "place": null,
        "contributors": null,
        "is_quote_status": false,
        "retweet_count": 94,
        "favorite_count": 127,
        "favorited": false,
        "retweeted": false,
        "possibly_sensitive": false,
        "lang": "ko"
      },
      "is_quote_status": false,
      "retweet_count": 94,
      "favorite_count": 0,
      "favorited": false,
      "retweeted": false,
      "possibly_sensitive": true,
      "lang": "ko"
    }
  }
]