[
  {
    "post_id": "insta_17943844561014976",
    "comment_text": 1526495855,
    "comment_date": "짱이시네요^^",
    "metadata": {
      "id": "17943844561014976",
      "text": "짱이시네요^^",
      "created_at": 1526495855,
      "owner": {
        "id": "4198098990",
        "profile_pic_url": "https://scontent-icn1-1.cdninstagram.com/vp/ae1eee29b48efa24b5ef2eb8d3ad3a09/5B92F113/t51.2885-19/s150x150/32121598_204829720126594_2528285077780037632_n.jpg",
        "username": "jihnngrst_gailoim"
      }
    }
  },
  {
    "post_id": "insta_17914031719174658",
    "comment_text": 1526500415,
    "comment_date": "우왕:)",
    "metadata": {
      "id": "17914031719174658",
      "text": "우왕:)",
      "created_at": 1526500415,
      "owner": {
        "id": "4051294642",
        "profile_pic_url": "https://scontent-icn1-1.cdninstagram.com/vp/f1961d34f361bdc359f1afb5bb74aa01/5BC43745/t51.2885-19/s150x150/29738624_566292653747231_6759273583161114624_n.jpg",
        "username": "lagomattina"
      }
    }
  },
  {
    "post_id": "insta_17945196331056972",
    "comment_text": 1526504819,
    "comment_date": "사진이 너무 예쁜 것 같아요! 소통해요! 우리~",
    "metadata": {
      "id": "17945196331056972",
      "text": "사진이 너무 예쁜 것 같아요! 소통해요! 우리~",
      "created_at": 1526504819,
      "owner": {
        "id": "5532299580",
        "profile_pic_url": "https://scontent-icn1-1.cdninstagram.com/vp/6980a3ecab4795aa940aad9ab1685c8e/5B936E8E/t51.2885-19/s150x150/31229376_194941611306319_523059465407168512_n.jpg",
        "username": "zziae0216"
      }
    }
  },
  {
    "post_id": "insta_17947283689036649",
    "comment_text": 1526524262,
    "comment_date": "즐거운하루되세요😀",
    "metadata": {
      "id": "17947283689036649",
      "text": "즐거운하루되세요😀",
      "created_at": 1526524262,
      "owner": {
        "id": "2243383569",
        "profile_pic_url": "https://scontent-icn1-1.cdninstagram.com/vp/65f49e980296f7cc439b889508b30bba/5B9FCBB2/t51.2885-19/s150x150/31007014_238135026735914_3846366538982490112_n.jpg",
        "username": "youbin_refresh"
      }
    }
  },
  {
    "post_id": "insta_17929175200127101",
    "comment_text": 1526493141,
    "comment_date": "사진 잘보고갑니다^^",
    "metadata": {
      "id": "17929175200127101",
      "text": "사진 잘보고갑니다^^",
      "created_at": 1526493141,
      "owner": {
        "id": "6776494051",
        "profile_pic_url": "https://scontent-icn1-1.cdninstagram.com/vp/8fdac5f8b146357ad553a965d8486cc2/5BC274C8/t51.2885-19/s150x150/30830498_2024127551182634_2045951145108570112_n.jpg",
        "username": "jung.g9"
      }
    }
  },
  {
    "post_id": "insta_17904160075199917",
    "comment_text": 1526498949,
    "comment_date": "ㅋㅋ이쁘댜ㅋㅋ어디서득템???ㅣ",
    "metadata": {
      "id": "17904160075199917",
      "text": "ㅋㅋ이쁘댜ㅋㅋ어디서득템???ㅣ",
      "created_at": 1526498949,
      "owner": {
        "id": "1643744030",
        "profile_pic_url": "https://scontent-icn1-1.cdninstagram.com/vp/1f8404f5885a0c239c25194996c6a6c0/5BA1BC3A/t51.2885-19/s150x150/26305153_145532082834146_7468015393991294976_n.jpg",
        "username": "llinjungll"
      }
    }
  },
  {
    "post_id": "insta_17846276062267184",
    "comment_text": 1526503746,
    "comment_date": "헐ㅜㅜㅜㅜㅜㅠ이뽀",
    "metadata": {
      "id": "17846276062267184",
      "text": "헐ㅜㅜㅜㅜㅜㅠ이뽀",
      "created_at": 1526503746,
      "owner": {
        "id": "1172766911",
        "profile_pic_url": "https://scontent-icn1-1.cdninstagram.com/vp/676a75a778ca35980b5bb0041693c061/5B9143DF/t51.2885-19/s150x150/29093737_846398982216844_7132492931079864320_n.jpg",
        "username": "88_8_4_"
      }
    }
  },
  {
    "post_id": "insta_17943873967010697",
    "comment_text": 1526520983,
    "comment_date": "거기는 싸나? 얼마고",
    "metadata": {
      "id": "17943873967010697",
      "text": "거기는 싸나? 얼마고",
      "created_at": 1526520983,
      "owner": {
        "id": "5525584109",
        "profile_pic_url": "https://scontent-icn1-1.cdninstagram.com/vp/9cc4f902e958cf7650b2f5747e3b2ca5/5B884967/t51.2885-19/s150x150/19367649_327738517662748_4045017344882245632_a.jpg",
        "username": "jun__hee"
      }
    }
  },
  {
    "post_id": "insta_17945836771031442",
    "comment_text": 1526529195,
    "comment_date": "@llinjungll  세비야 매장에서 ㅋ.ㅋ 넘 이뿌댜",
    "metadata": {
      "id": "17945836771031442",
      "text": "@llinjungll  세비야 매장에서 ㅋ.ㅋ 넘 이뿌댜",
      "created_at": 1526529195,
      "owner": {
        "id": "1633337918",
        "profile_pic_url": "https://scontent-icn1-1.cdninstagram.com/vp/6a4d44f4830585757eefb162f0310e4e/5B7E2EE0/t51.2885-19/s150x150/20225556_459759687737701_4789216795095465984_a.jpg",
        "username": "myjju_0513"
      }
    }
  },
  {
    "post_id": "insta_17920444327186175",
    "comment_text": 1526529223,
    "comment_date": "@88_8_4_  보자마자 이거 사야한다며 ㅋㅋ 핑쿠핑쿠🌸",
    "metadata": {
      "id": "17920444327186175",
      "text": "@88_8_4_  보자마자 이거 사야한다며 ㅋㅋ 핑쿠핑쿠🌸",
      "created_at": 1526529223,
      "owner": {
        "id": "1633337918",
        "profile_pic_url": "https://scontent-icn1-1.cdninstagram.com/vp/6a4d44f4830585757eefb162f0310e4e/5B7E2EE0/t51.2885-19/s150x150/20225556_459759687737701_4789216795095465984_a.jpg",
        "username": "myjju_0513"
      }
    }
  },
  {
    "post_id": "insta_17872163317235897",
    "comment_text": 1526529258,
    "comment_date": "@jun__hee  여기 그렇게 싼것도 아니야ㅋㅋ한국에 잘 없는 디자인이 많을뿐  ㅋㅋ",
    "metadata": {
      "id": "17872163317235897",
      "text": "@jun__hee  여기 그렇게 싼것도 아니야ㅋㅋ한국에 잘 없는 디자인이 많을뿐  ㅋㅋ",
      "created_at": 1526529258,
      "owner": {
        "id": "1633337918",
        "profile_pic_url": "https://scontent-icn1-1.cdninstagram.com/vp/6a4d44f4830585757eefb162f0310e4e/5B7E2EE0/t51.2885-19/s150x150/20225556_459759687737701_4789216795095465984_a.jpg",
        "username": "myjju_0513"
      }
    }
  },
  {
    "post_id": "insta_17919526507132896",
    "comment_text": 1526488613,
    "comment_date": "잘보고 갑니다아아~",
    "metadata": {
      "id": "17919526507132896",
      "text": "잘보고 갑니다아아~",
      "created_at": 1526488613,
      "owner": {
        "id": "2032283585",
        "profile_pic_url": "https://scontent-icn1-1.cdninstagram.com/vp/31abc6aa800107666bfc0a23b695d234/5BC09AD0/t51.2885-19/s150x150/22158555_488362461548794_2190152331314593792_n.jpg",
        "username": "kkot_yun"
      }
    }
  },
  {
    "post_id": "insta_17856208804254467",
    "comment_text": 1526539074,
    "comment_date": "><",
    "metadata": {
      "id": "17856208804254467",
      "text": "><",
      "created_at": 1526539074,
      "owner": {
        "id": "6417478045",
        "profile_pic_url": "https://scontent-icn1-1.cdninstagram.com/vp/3bef1d0ae5d1d412d7c5e29ed7e2f244/5BC41AEA/t51.2885-19/s150x150/31977780_662785664052529_4531758214647119872_n.jpg",
        "username": "sun._.10"
      }
    }
  },
  {
    "post_id": "insta_17915673754161176",
    "comment_text": 1526490132,
    "comment_date": "반가워요 좋은하루되세요 ^^ 제 인스타도 놀러오세용~",
    "metadata": {
      "id": "17915673754161176",
      "text": "반가워요 좋은하루되세요 ^^ 제 인스타도 놀러오세용~",
      "created_at": 1526490132,
      "owner": {
        "id": "4034278192",
        "profile_pic_url": "https://scontent-icn1-1.cdninstagram.com/vp/a9a6d5ed09f176f41cdf697292d1bf11/5B9F9C63/t51.2885-19/s150x150/26221494_140091833348528_3535043768652660736_n.jpg",
        "username": "home_in_shop"
      }
    }
  },
  {
    "post_id": "insta_17914922485164556",
    "comment_text": 1526524924,
    "comment_date": "좋은하루되세요💛",
    "metadata": {
      "id": "17914922485164556",
      "text": "좋은하루되세요💛",
      "created_at": 1526524924,
      "owner": {
        "id": "2243383569",
        "profile_pic_url": "https://scontent-icn1-1.cdninstagram.com/vp/65f49e980296f7cc439b889508b30bba/5B9FCBB2/t51.2885-19/s150x150/31007014_238135026735914_3846366538982490112_n.jpg",
        "username": "youbin_refresh"
      }
    }
  },
  {
    "post_id": "insta_17884875034208381",
    "comment_text": 1526484156,
    "comment_date": "I just saw your recent photos. It looks like your photos are getting better with time imo 😉👌",
    "metadata": {
      "id": "17884875034208381",
      "text": "I just saw your recent photos. It looks like your photos are getting better with time imo 😉👌",
      "created_at": 1526484156,
      "owner": {
        "id": "7251712697",
        "profile_pic_url": "https://scontent-icn1-1.cdninstagram.com/vp/9a1f541c4e67c2257649d80ab5d602c4/5B81F432/t51.2885-19/s150x150/29738540_1793524024073744_621948003611049984_n.jpg",
        "username": "sneakydropcop"
      }
    }
  },
  {
    "post_id": "insta_17946292324009610",
    "comment_text": 1526484764,
    "comment_date": "Your pic feels so lovely!!!!",
    "metadata": {
      "id": "17946292324009610",
      "text": "Your pic feels so lovely!!!!",
      "created_at": 1526484764,
      "owner": {
        "id": "7078434024",
        "profile_pic_url": "https://scontent-icn1-1.cdninstagram.com/vp/fa3e0f1030c0a24d92f84dece2569505/5B95CA40/t51.2885-19/s150x150/29401035_178024339507881_9045726176538001408_n.jpg",
        "username": "lynpilates"
      }
    }
  },
  {
    "post_id": "insta_17945434507025147",
    "comment_text": 1526490500,
    "comment_date": "5월 좋은 날씨에 VR하러 오세요!",
    "metadata": {
      "id": "17945434507025147",
      "text": "5월 좋은 날씨에 VR하러 오세요!",
      "created_at": 1526490500,
      "owner": {
        "id": "1989493207",
        "profile_pic_url": "https://scontent-icn1-1.cdninstagram.com/vp/746fc3157200c643d0349bc37475e5b8/5B92E8E0/t51.2885-19/s150x150/30086062_243701102867073_4501201364877049856_n.jpg",
        "username": "shopvr_official"
      }
    }
  },
  {
    "post_id": "insta_17919098644134243",
    "comment_text": 1526521080,
    "comment_date": "들렷다가요~",
    "metadata": {
      "id": "17919098644134243",
      "text": "들렷다가요~",
      "created_at": 1526521080,
      "owner": {
        "id": "362880552",
        "profile_pic_url": "https://scontent-icn1-1.cdninstagram.com/vp/a4abd7e5916a6a335431025a3346be53/5BA19B4B/t51.2885-19/s150x150/28762975_1239122112906328_6502436729293635584_n.jpg",
        "username": "frogdok"
      }
    }
  },
  {
    "post_id": "insta_17917675459179420",
    "comment_text": 1526521163,
    "comment_date": "안녕하세요",
    "metadata": {
      "id": "17917675459179420",
      "text": "안녕하세요",
      "created_at": 1526521163,
      "owner": {
        "id": "362880552",
        "profile_pic_url": "https://scontent-icn1-1.cdninstagram.com/vp/a4abd7e5916a6a335431025a3346be53/5BA19B4B/t51.2885-19/s150x150/28762975_1239122112906328_6502436729293635584_n.jpg",
        "username": "frogdok"
      }
    }
  },
  {
    "post_id": "insta_17931730978107228",
    "comment_text": 1526490953,
    "comment_date": "힝",
    "metadata": {
      "id": "17931730978107228",
      "text": "힝",
      "created_at": 1526490953,
      "owner": {
        "id": "2207369929",
        "profile_pic_url": "https://scontent-icn1-1.cdninstagram.com/vp/4029eec304bd0cc25ff5eb8ad3a0f063/5B864F8C/t51.2885-19/s150x150/27890844_1741009752659054_5476542619087536128_n.jpg",
        "username": "dxzdd"
      }
    }
  },
  {
    "post_id": "insta_17945659894050541",
    "comment_text": 1526492284,
    "comment_date": "글과 사진들이 참 좋아요. 자주 소통하고 싶네요!",
    "metadata": {
      "id": "17945659894050541",
      "text": "글과 사진들이 참 좋아요. 자주 소통하고 싶네요!",
      "created_at": 1526492284,
      "owner": {
        "id": "4039899731",
        "profile_pic_url": "https://scontent-icn1-1.cdninstagram.com/vp/5c196372b5344f2431338db81734d37d/5BC03CE1/t51.2885-19/s150x150/17596010_271614963293706_2810563690116415488_a.jpg",
        "username": "nolram486486"
      }
    }
  },
  {
    "post_id": "insta_17940575464069540",
    "comment_text": 1526521244,
    "comment_date": "들렷다가요~",
    "metadata": {
      "id": "17940575464069540",
      "text": "들렷다가요~",
      "created_at": 1526521244,
      "owner": {
        "id": "362880552",
        "profile_pic_url": "https://scontent-icn1-1.cdninstagram.com/vp/a4abd7e5916a6a335431025a3346be53/5BA19B4B/t51.2885-19/s150x150/28762975_1239122112906328_6502436729293635584_n.jpg",
        "username": "frogdok"
      }
    }
  },
  {
    "post_id": "insta_17946923185053793",
    "comment_text": 1526525284,
    "comment_date": "좋은하루보내세요😊💛💛",
    "metadata": {
      "id": "17946923185053793",
      "text": "좋은하루보내세요😊💛💛",
      "created_at": 1526525284,
      "owner": {
        "id": "2243383569",
        "profile_pic_url": "https://scontent-icn1-1.cdninstagram.com/vp/65f49e980296f7cc439b889508b30bba/5B9FCBB2/t51.2885-19/s150x150/31007014_238135026735914_3846366538982490112_n.jpg",
        "username": "youbin_refresh"
      }
    }
  },
  {
    "post_id": "insta_17945433022045673",
    "comment_text": 1526521327,
    "comment_date": "nice!✨✨✨✨✨",
    "metadata": {
      "id": "17945433022045673",
      "text": "nice!✨✨✨✨✨",
      "created_at": 1526521327,
      "owner": {
        "id": "362880552",
        "profile_pic_url": "https://scontent-icn1-1.cdninstagram.com/vp/a4abd7e5916a6a335431025a3346be53/5BA19B4B/t51.2885-19/s150x150/28762975_1239122112906328_6502436729293635584_n.jpg",
        "username": "frogdok"
      }
    }
  },
  {
    "post_id": "insta_17916475222156717",
    "comment_text": 1526488267,
    "comment_date": "멋진데요! 소통해요! 우리~",
    "metadata": {
      "id": "17916475222156717",
      "text": "멋진데요! 소통해요! 우리~",
      "created_at": 1526488267,
      "owner": {
        "id": "1618198724",
        "profile_pic_url": "https://scontent-icn1-1.cdninstagram.com/vp/0884870dfe7eda214d955e562ea1c11a/5B90D335/t51.2885-19/11055782_414323908748058_1428830298_a.jpg",
        "username": "shoegather"
      }
    }
  },
  {
    "post_id": "insta_17886334495206045",
    "comment_text": 1526525617,
    "comment_date": "좋은하루보내세요😊",
    "metadata": {
      "id": "17886334495206045",
      "text": "좋은하루보내세요😊",
      "created_at": 1526525617,
      "owner": {
        "id": "2243383569",
        "profile_pic_url": "https://scontent-icn1-1.cdninstagram.com/vp/65f49e980296f7cc439b889508b30bba/5B9FCBB2/t51.2885-19/s150x150/31007014_238135026735914_3846366538982490112_n.jpg",
        "username": "youbin_refresh"
      }
    }
  },
  {
    "post_id": "insta_17872892560228871",
    "comment_text": 1526483956,
    "comment_date": "역시 능럭자는 다르네 ㅋ 2개씩 사고",
    "metadata": {
      "id": "17872892560228871",
      "text": "역시 능럭자는 다르네 ㅋ 2개씩 사고",
      "created_at": 1526483956,
      "owner": {
        "id": "1578472189",
        "profile_pic_url": "https://scontent-icn1-1.cdninstagram.com/vp/c046237ae9bfd151f99d22b005c069bd/5B83DD9E/t51.2885-19/s150x150/31666641_169856297185927_5958092934975848448_n.jpg",
        "username": "jino_0622"
      }
    }
  },
  {
    "post_id": "insta_17945762506027977",
    "comment_text": 1526483989,
    "comment_date": "내속은 부글부글🤕내 눈밑에 좀 보고 결제해라 밝은데서 좀 봐라",
    "metadata": {
      "id": "17945762506027977",
      "text": "내속은 부글부글🤕내 눈밑에 좀 보고 결제해라 밝은데서 좀 봐라",
      "created_at": 1526483989,
      "owner": {
        "id": "1309388873",
        "profile_pic_url": "https://scontent-icn1-1.cdninstagram.com/vp/f2382151defa754c994ed50a9a9a6b0a/5BA3C517/t51.2885-19/s150x150/12798170_1705458749711846_2125510719_a.jpg",
        "username": "cho_hye_8"
      }
    }
  },
  {
    "post_id": "insta_17931207898116606",
    "comment_text": 1526484245,
    "comment_date": "@cho_hye_8 하트나 눌러주세용❤️❤️❤️",
    "metadata": {
      "id": "17931207898116606",
      "text": "@cho_hye_8 하트나 눌러주세용❤️❤️❤️",
      "created_at": 1526484245,
      "owner": {
        "id": "2031438144",
        "profile_pic_url": "https://scontent-icn1-1.cdninstagram.com/vp/16e964e302661e304b7cd7bae2479ef9/5B8DDA0B/t51.2885-19/s150x150/11356370_702941006478840_637107727_a.jpg",
        "username": "kkon_jo"
      }
    }
  },
  {
    "post_id": "insta_17919990835142485",
    "comment_text": 1526484265,
    "comment_date": "@jino_0622 ㅋㅋㅋㅋㅋ다 이유가 있지",
    "metadata": {
      "id": "17919990835142485",
      "text": "@jino_0622 ㅋㅋㅋㅋㅋ다 이유가 있지",
      "created_at": 1526484265,
      "owner": {
        "id": "2031438144",
        "profile_pic_url": "https://scontent-icn1-1.cdninstagram.com/vp/16e964e302661e304b7cd7bae2479ef9/5B8DDA0B/t51.2885-19/s150x150/11356370_702941006478840_637107727_a.jpg",
        "username": "kkon_jo"
      }
    }
  },
  {
    "post_id": "insta_17947994488015057",
    "comment_text": 1526486352,
    "comment_date": "@kkon_jo 잘해줄때 잘해야할낀데ㅋㅋㅋ 그러다 집에서 쫒겨난데이 ㅋ",
    "metadata": {
      "id": "17947994488015057",
      "text": "@kkon_jo 잘해줄때 잘해야할낀데ㅋㅋㅋ 그러다 집에서 쫒겨난데이 ㅋ",
      "created_at": 1526486352,
      "owner": {
        "id": "1578472189",
        "profile_pic_url": "https://scontent-icn1-1.cdninstagram.com/vp/c046237ae9bfd151f99d22b005c069bd/5B83DD9E/t51.2885-19/s150x150/31666641_169856297185927_5958092934975848448_n.jpg",
        "username": "jino_0622"
      }
    }
  },
  {
    "post_id": "insta_17945860522012938",
    "comment_text": 1526490278,
    "comment_date": "형님 👍👍 혜영이누나한테 잘하셔야겠네요~~ ㅎㅎㅎ",
    "metadata": {
      "id": "17945860522012938",
      "text": "형님 👍👍 혜영이누나한테 잘하셔야겠네요~~ ㅎㅎㅎ",
      "created_at": 1526490278,
      "owner": {
        "id": "1289359208",
        "profile_pic_url": "https://scontent-icn1-1.cdninstagram.com/vp/1997361d62cc4b179c46e3b5ace3153d/5BBF9FE4/t51.2885-19/s150x150/17882512_773115426171149_1050719330414624768_a.jpg",
        "username": "double.b_seyoung"
      }
    }
  },
  {
    "post_id": "insta_17944818142029987",
    "comment_text": 1526493761,
    "comment_date": "안녕하세요 잘보고 갑니다",
    "metadata": {
      "id": "17944818142029987",
      "text": "안녕하세요 잘보고 갑니다",
      "created_at": 1526493761,
      "owner": {
        "id": "6776494051",
        "profile_pic_url": "https://scontent-icn1-1.cdninstagram.com/vp/8fdac5f8b146357ad553a965d8486cc2/5BC274C8/t51.2885-19/s150x150/30830498_2024127551182634_2045951145108570112_n.jpg",
        "username": "jung.g9"
      }
    }
  },
  {
    "post_id": "insta_17945991184061931",
    "comment_text": 1526519120,
    "comment_date": "@double.b_seyoung 그래 세영아 ㅋ니도움도 있었단다 ㅋㅋ",
    "metadata": {
      "id": "17945991184061931",
      "text": "@double.b_seyoung 그래 세영아 ㅋ니도움도 있었단다 ㅋㅋ",
      "created_at": 1526519120,
      "owner": {
        "id": "2031438144",
        "profile_pic_url": "https://scontent-icn1-1.cdninstagram.com/vp/16e964e302661e304b7cd7bae2479ef9/5B8DDA0B/t51.2885-19/s150x150/11356370_702941006478840_637107727_a.jpg",
        "username": "kkon_jo"
      }
    }
  },
  {
    "post_id": "insta_17944855666000860",
    "comment_text": 1526567642,
    "comment_date": "@kkon_jo ㅋㅋ 아 형님 👍👍👍 ㅎㅎ 언제 울산 갈게요오~~~~~",
    "metadata": {
      "id": "17944855666000860",
      "text": "@kkon_jo ㅋㅋ 아 형님 👍👍👍 ㅎㅎ 언제 울산 갈게요오~~~~~",
      "created_at": 1526567642,
      "owner": {
        "id": "1289359208",
        "profile_pic_url": "https://scontent-icn1-1.cdninstagram.com/vp/1997361d62cc4b179c46e3b5ace3153d/5BBF9FE4/t51.2885-19/s150x150/17882512_773115426171149_1050719330414624768_a.jpg",
        "username": "double.b_seyoung"
      }
    }
  },
  {
    "post_id": "insta_17919186202135975",
    "comment_text": 1526484130,
    "comment_date": "素晴らしいです🌟更新がすごく楽しみです😀よろしくお願いします😀",
    "metadata": {
      "id": "17919186202135975",
      "text": "素晴らしいです🌟更新がすごく楽しみです😀よろしくお願いします😀",
      "created_at": 1526484130,
      "owner": {
        "id": "563439807",
        "profile_pic_url": "https://scontent-icn1-1.cdninstagram.com/vp/961be38c95f40d02b952d292bc48b51e/5B80FEFB/t51.2885-19/s150x150/25039019_309926246179357_1409091285628747776_n.jpg",
        "username": "mayu_emem"
      }
    }
  },
  {
    "post_id": "insta_17945528983002843",
    "comment_text": 1526491690,
    "comment_date": "オシャレですね😀更新楽しみにしています❗",
    "metadata": {
      "id": "17945528983002843",
      "text": "オシャレですね😀更新楽しみにしています❗",
      "created_at": 1526491690,
      "owner": {
        "id": "6410117120",
        "profile_pic_url": "https://scontent-icn1-1.cdninstagram.com/vp/587ed5999ba0fbf6d14cda2b45ef619b/5B86BAB3/t51.2885-19/s150x150/29716992_2064889507126992_3903684780218122240_n.jpg",
        "username": "0604___kae"
      }
    }
  },
  {
    "post_id": "insta_17872989685238210",
    "comment_text": 1526492782,
    "comment_date": "한국도 여름이다!!!!",
    "metadata": {
      "id": "17872989685238210",
      "text": "한국도 여름이다!!!!",
      "created_at": 1526492782,
      "owner": {
        "id": "2349617544",
        "profile_pic_url": "https://scontent-icn1-1.cdninstagram.com/vp/24264296d17cfa7a6240c156c82922ce/5B7D3A4D/t51.2885-19/s150x150/13261074_1060106510735409_1891380516_a.jpg",
        "username": "g.gyurin"
      }
    }
  },
  {
    "post_id": "insta_17917354468151861",
    "comment_text": 1526495190,
    "comment_date": "잘봤습니다~ ㅎㅎㅎ",
    "metadata": {
      "id": "17917354468151861",
      "text": "잘봤습니다~ ㅎㅎㅎ",
      "created_at": 1526495190,
      "owner": {
        "id": "4101605109",
        "profile_pic_url": "https://scontent-icn1-1.cdninstagram.com/vp/67ae6d820dd357880ab2c16c197ffaa4/5BC3DAC6/t51.2885-19/s150x150/30899932_430989294008610_2305034477325254656_n.jpg",
        "username": "yengesomoon00"
      }
    }
  },
  {
    "post_id": "insta_17931015958114724",
    "comment_text": 1526480311,
    "comment_date": "#나이키에어맥스 #나이키에어맥스97 #에어맥스97 #일본구매대행#나이키구매대행#맥스97 #선팔#맞팔#좋아요#오사카바잉#nike#airmax97 #정품#일상#데일리#나이키",
    "metadata": {
      "id": "17931015958114724",
      "text": "#나이키에어맥스 #나이키에어맥스97 #에어맥스97 #일본구매대행#나이키구매대행#맥스97 #선팔#맞팔#좋아요#오사카바잉#nike#airmax97 #정품#일상#데일리#나이키",
      "created_at": 1526480311,
      "owner": {
        "id": "7762483604",
        "profile_pic_url": "https://scontent-icn1-1.cdninstagram.com/vp/61c2d8112907e4f788375be654d1aa66/5B9EABE2/t51.2885-19/s150x150/32363066_1649666791813813_8281154214676135936_n.jpg",
        "username": "byingbying11"
      }
    }
  },
  {
    "post_id": "insta_17872682233235591",
    "comment_text": 1526478130,
    "comment_date": "와 누가",
    "metadata": {
      "id": "17872682233235591",
      "text": "와 누가",
      "created_at": 1526478130,
      "owner": {
        "id": "1384844026",
        "profile_pic_url": "https://scontent-icn1-1.cdninstagram.com/vp/ff596bb6c92d511a496a23e07909e7f5/5B85C3DE/t51.2885-19/s150x150/32027520_1920089734670411_6447643374777270272_n.jpg",
        "username": "m_yaaaaa"
      }
    }
  },
  {
    "post_id": "insta_17856374491248175",
    "comment_text": 1526478178,
    "comment_date": "@m_yaaaaa 아시는 분이 ㅋㅋㅋㅋ 어때? 이쁘나???",
    "metadata": {
      "id": "17856374491248175",
      "text": "@m_yaaaaa 아시는 분이 ㅋㅋㅋㅋ 어때? 이쁘나???",
      "created_at": 1526478178,
      "owner": {
        "id": "3119713539",
        "profile_pic_url": "https://scontent-icn1-1.cdninstagram.com/vp/f1f76787284b7e62eee7547dbda942c0/5BA3E8E5/t51.2885-19/s150x150/12599424_1039279142797435_1124521941_a.jpg",
        "username": "2seul___s2"
      }
    }
  },
  {
    "post_id": "insta_17925939931088815",
    "comment_text": 1526478239,
    "comment_date": "@2seul___s2 아니 별로 흥",
    "metadata": {
      "id": "17925939931088815",
      "text": "@2seul___s2 아니 별로 흥",
      "created_at": 1526478239,
      "owner": {
        "id": "1384844026",
        "profile_pic_url": "https://scontent-icn1-1.cdninstagram.com/vp/ff596bb6c92d511a496a23e07909e7f5/5B85C3DE/t51.2885-19/s150x150/32027520_1920089734670411_6447643374777270272_n.jpg",
        "username": "m_yaaaaa"
      }
    }
  },
  {
    "post_id": "insta_17854018162261122",
    "comment_text": 1526478269,
    "comment_date": "@m_yaaaaa 진심 별로임??",
    "metadata": {
      "id": "17854018162261122",
      "text": "@m_yaaaaa 진심 별로임??",
      "created_at": 1526478269,
      "owner": {
        "id": "3119713539",
        "profile_pic_url": "https://scontent-icn1-1.cdninstagram.com/vp/f1f76787284b7e62eee7547dbda942c0/5BA3E8E5/t51.2885-19/s150x150/12599424_1039279142797435_1124521941_a.jpg",
        "username": "2seul___s2"
      }
    }
  },
  {
    "post_id": "insta_17921721112141975",
    "comment_text": 1526514765,
    "comment_date": "슬이모야ㅎㅎ꽁냥꽁냥한데?ㅎㅎ",
    "metadata": {
      "id": "17921721112141975",
      "text": "슬이모야ㅎㅎ꽁냥꽁냥한데?ㅎㅎ",
      "created_at": 1526514765,
      "owner": {
        "id": "1315348139",
        "profile_pic_url": "https://scontent-icn1-1.cdninstagram.com/vp/5898a0a67b37176d0e3358e1f00216fd/5B96B010/t51.2885-19/s150x150/25021916_1749329085087408_2085806105153241088_n.jpg",
        "username": "so__0107"
      }
    }
  },
  {
    "post_id": "insta_17946460333033140",
    "comment_text": 1526515631,
    "comment_date": "@so__0107 미소야 ㅋㅋㅋ 오랜만이고 ㅋㅋㅋㅋㅋ 꽁냥은 무슨 ㅋㅋㅋ 남친이 사준거 아닙니다 ㅋㅋ",
    "metadata": {
      "id": "17946460333033140",
      "text": "@so__0107 미소야 ㅋㅋㅋ 오랜만이고 ㅋㅋㅋㅋㅋ 꽁냥은 무슨 ㅋㅋㅋ 남친이 사준거 아닙니다 ㅋㅋ",
      "created_at": 1526515631,
      "owner": {
        "id": "3119713539",
        "profile_pic_url": "https://scontent-icn1-1.cdninstagram.com/vp/f1f76787284b7e62eee7547dbda942c0/5BA3E8E5/t51.2885-19/s150x150/12599424_1039279142797435_1124521941_a.jpg",
        "username": "2seul___s2"
      }
    }
  },
  {
    "post_id": "insta_17920350802136624",
    "comment_text": 1526532639,
    "comment_date": "@2seul___s2 아니 이쀼당",
    "metadata": {
      "id": "17920350802136624",
      "text": "@2seul___s2 아니 이쀼당",
      "created_at": 1526532639,
      "owner": {
        "id": "1384844026",
        "profile_pic_url": "https://scontent-icn1-1.cdninstagram.com/vp/ff596bb6c92d511a496a23e07909e7f5/5B85C3DE/t51.2885-19/s150x150/32027520_1920089734670411_6447643374777270272_n.jpg",
        "username": "m_yaaaaa"
      }
    }
  },
  {
    "post_id": "insta_17946261397059050",
    "comment_text": 1526477988,
    "comment_date": "요즘커플템이 유행이구나ㅋㅋㅋ",
    "metadata": {
      "id": "17946261397059050",
      "text": "요즘커플템이 유행이구나ㅋㅋㅋ",
      "created_at": 1526477988,
      "owner": {
        "id": "1367747423",
        "profile_pic_url": "https://scontent-icn1-1.cdninstagram.com/vp/105cf9683baaf6b92532dd06516780d1/5B7E8953/t51.2885-19/s150x150/26154113_790177421155304_6608037511107182592_n.jpg",
        "username": "seung0929"
      }
    }
  },
  {
    "post_id": "insta_17914889788160236",
    "comment_text": 1526478022,
    "comment_date": "@seung0929 아니 ㅋㅋ 개나소나다 신고다니는거자낭 ㅋㅋ",
    "metadata": {
      "id": "17914889788160236",
      "text": "@seung0929 아니 ㅋㅋ 개나소나다 신고다니는거자낭 ㅋㅋ",
      "created_at": 1526478022,
      "owner": {
        "id": "487826777",
        "profile_pic_url": "https://scontent-icn1-1.cdninstagram.com/vp/5d6951d8bfb4cfe300449de90c00a7bf/5B8833E2/t51.2885-19/s150x150/32063890_950848091757081_6235926234686029824_n.jpg",
        "username": "sujaegram"
      }
    }
  },
  {
    "post_id": "insta_17857144525247433",
    "comment_text": 1526478088,
    "comment_date": "왕발",
    "metadata": {
      "id": "17857144525247433",
      "text": "왕발",
      "created_at": 1526478088,
      "owner": {
        "id": "923925423",
        "profile_pic_url": "https://scontent-icn1-1.cdninstagram.com/vp/9b15a4cb4d384d860308f42f1d556d04/5B865C5D/t51.2885-19/10683938_283807005150147_372288053_a.jpg",
        "username": "huiwon__"
      }
    }
  },
  {
    "post_id": "insta_17886162739201045",
    "comment_text": 1526479431,
    "comment_date": "@sujaegram 니베프는 잠옷커플 입고올렸드만 ㅍㅎㅎㅎ",
    "metadata": {
      "id": "17886162739201045",
      "text": "@sujaegram 니베프는 잠옷커플 입고올렸드만 ㅍㅎㅎㅎ",
      "created_at": 1526479431,
      "owner": {
        "id": "1367747423",
        "profile_pic_url": "https://scontent-icn1-1.cdninstagram.com/vp/105cf9683baaf6b92532dd06516780d1/5B7E8953/t51.2885-19/s150x150/26154113_790177421155304_6608037511107182592_n.jpg",
        "username": "seung0929"
      }
    }
  },
  {
    "post_id": "insta_17944771882054403",
    "comment_text": 1526479486,
    "comment_date": "@seung0929 @jjoa_jju 갠 이상해 ㅋㅋ갑자기 커플잠옷...ㅋㅋㅋㅋㅋ",
    "metadata": {
      "id": "17944771882054403",
      "text": "@seung0929 @jjoa_jju 갠 이상해 ㅋㅋ갑자기 커플잠옷...ㅋㅋㅋㅋㅋ",
      "created_at": 1526479486,
      "owner": {
        "id": "487826777",
        "profile_pic_url": "https://scontent-icn1-1.cdninstagram.com/vp/5d6951d8bfb4cfe300449de90c00a7bf/5B8833E2/t51.2885-19/s150x150/32063890_950848091757081_6235926234686029824_n.jpg",
        "username": "sujaegram"
      }
    }
  },
  {
    "post_id": "insta_17846175853265035",
    "comment_text": 1526476821,
    "comment_date": "#ootd#uniqlo#andersenandersen#andersenandersen_dk#yaeca#margarethowell#mhl#nike#arimax97#max97asia#小日子#소일자#오오티디#유니클로#안데르센안데르센#스키퍼자켓#야에카#마가렛호웰#지샥#나이키#에어맥스97#맥스97#맥스97아시아",
    "metadata": {
      "id": "17846175853265035",
      "text": "#ootd#uniqlo#andersenandersen#andersenandersen_dk#yaeca#margarethowell#mhl#nike#arimax97#max97asia#小日子#소일자#오오티디#유니클로#안데르센안데르센#스키퍼자켓#야에카#마가렛호웰#지샥#나이키#에어맥스97#맥스97#맥스97아시아",
      "created_at": 1526476821,
      "owner": {
        "id": "923858743",
        "profile_pic_url": "https://scontent-icn1-1.cdninstagram.com/vp/2a4975d80c027c46c17d36f7488e27ee/5B88A6CB/t51.2885-19/s150x150/14566808_1369109049826594_8596162552277237760_a.jpg",
        "username": "ddong_6666"
      }
    }
  },
  {
    "post_id": "insta_17918215480152636",
    "comment_text": 1526477352,
    "comment_date": "더워주거요 형",
    "metadata": {
      "id": "17918215480152636",
      "text": "더워주거요 형",
      "created_at": 1526477352,
      "owner": {
        "id": "1172667969",
        "profile_pic_url": "https://scontent-icn1-1.cdninstagram.com/vp/d876326569e6cf7fb5c31335ab61c061/5BA07DE2/t51.2885-19/s150x150/31928312_1728341603921729_2617324890901970944_n.jpg",
        "username": "9gie_"
      }
    }
  },
  {
    "post_id": "insta_17943827365001073",
    "comment_text": 1526477534,
    "comment_date": "@9gie_ 비와서 착각했다... 왜케 덥냐",
    "metadata": {
      "id": "17943827365001073",
      "text": "@9gie_ 비와서 착각했다... 왜케 덥냐",
      "created_at": 1526477534,
      "owner": {
        "id": "923858743",
        "profile_pic_url": "https://scontent-icn1-1.cdninstagram.com/vp/2a4975d80c027c46c17d36f7488e27ee/5B88A6CB/t51.2885-19/s150x150/14566808_1369109049826594_8596162552277237760_a.jpg",
        "username": "ddong_6666"
      }
    }
  },
  {
    "post_id": "insta_17945285653040427",
    "comment_text": 1526478182,
    "comment_date": "어디가",
    "metadata": {
      "id": "17945285653040427",
      "text": "어디가",
      "created_at": 1526478182,
      "owner": {
        "id": "5499725797",
        "profile_pic_url": "https://scontent-icn1-1.cdninstagram.com/vp/be908621fb1bd67cf27dba7fb3810d19/5B817020/t51.2885-19/s150x150/30601942_2097940413783790_2079386125478133760_n.jpg",
        "username": "ddongkwang222"
      }
    }
  },
  {
    "post_id": "insta_17945104990002228",
    "comment_text": 1526478224,
    "comment_date": "@ddong_6666 리얼 저 앞머리 날라감 ...",
    "metadata": {
      "id": "17945104990002228",
      "text": "@ddong_6666 리얼 저 앞머리 날라감 ...",
      "created_at": 1526478224,
      "owner": {
        "id": "1172667969",
        "profile_pic_url": "https://scontent-icn1-1.cdninstagram.com/vp/d876326569e6cf7fb5c31335ab61c061/5BA07DE2/t51.2885-19/s150x150/31928312_1728341603921729_2617324890901970944_n.jpg",
        "username": "9gie_"
      }
    }
  },
  {
    "post_id": "insta_17856134086248583",
    "comment_text": 1526478250,
    "comment_date": "@ddongkwang222 너 만나러",
    "metadata": {
      "id": "17856134086248583",
      "text": "@ddongkwang222 너 만나러",
      "created_at": 1526478250,
      "owner": {
        "id": "923858743",
        "profile_pic_url": "https://scontent-icn1-1.cdninstagram.com/vp/2a4975d80c027c46c17d36f7488e27ee/5B88A6CB/t51.2885-19/s150x150/14566808_1369109049826594_8596162552277237760_a.jpg",
        "username": "ddong_6666"
      }
    }
  },
  {
    "post_id": "insta_17912400445172744",
    "comment_text": 1526478374,
    "comment_date": "올스카치,,, 사고싶은데 살까요,,,,",
    "metadata": {
      "id": "17912400445172744",
      "text": "올스카치,,, 사고싶은데 살까요,,,,",
      "created_at": 1526478374,
      "owner": {
        "id": "484787675",
        "profile_pic_url": "https://scontent-icn1-1.cdninstagram.com/vp/f6a663e32dd20db37a91846dc6c17e8d/5BA083C9/t51.2885-19/s150x150/26282198_406025573153276_7050941131445501952_n.jpg",
        "username": "__brunch"
      }
    }
  },
  {
    "post_id": "insta_17868217486243699",
    "comment_text": 1526479803,
    "comment_date": "즐거워보인다👀",
    "metadata": {
      "id": "17868217486243699",
      "text": "즐거워보인다👀",
      "created_at": 1526479803,
      "owner": {
        "id": "7554967",
        "profile_pic_url": "https://scontent-icn1-1.cdninstagram.com/vp/2ba679b5c58befb9c4b1e6c46978c48a/5BC0E766/t51.2885-19/s150x150/19367153_1445886128783402_7593054192764190720_a.jpg",
        "username": "wonder_paik11"
      }
    }
  },
  {
    "post_id": "insta_17932406401109486",
    "comment_text": 1526480689,
    "comment_date": "@wonder_paik11 아니",
    "metadata": {
      "id": "17932406401109486",
      "text": "@wonder_paik11 아니",
      "created_at": 1526480689,
      "owner": {
        "id": "646837765",
        "profile_pic_url": "https://scontent-icn1-1.cdninstagram.com/vp/3b47df0a9800ed4c43aef4049c43d4cc/5B8C364E/t51.2885-19/s150x150/22802099_150694355664649_2339080120439930880_n.jpg",
        "username": "_g._.h._.x"
      }
    }
  },
  {
    "post_id": "insta_17912761150169987",
    "comment_text": 1526481339,
    "comment_date": "@_g._.h._.x 심심하세요?",
    "metadata": {
      "id": "17912761150169987",
      "text": "@_g._.h._.x 심심하세요?",
      "created_at": 1526481339,
      "owner": {
        "id": "923858743",
        "profile_pic_url": "https://scontent-icn1-1.cdninstagram.com/vp/2a4975d80c027c46c17d36f7488e27ee/5B88A6CB/t51.2885-19/s150x150/14566808_1369109049826594_8596162552277237760_a.jpg",
        "username": "ddong_6666"
      }
    }
  },
  {
    "post_id": "insta_17917918339159951",
    "comment_text": 1526542079,
    "comment_date": "😃😃😃",
    "metadata": {
      "id": "17917918339159951",
      "text": "😃😃😃",
      "created_at": 1526542079,
      "owner": {
        "id": "1369647459",
        "profile_pic_url": "https://scontent-icn1-1.cdninstagram.com/vp/01abb17dedd2f7e126978813ec2f7afc/5B8AB17C/t51.2885-19/s150x150/14128793_1650730888576904_100546384_a.jpg",
        "username": "brown.oc"
      }
    }
  },
  {
    "post_id": "insta_17919064594187047",
    "comment_text": 1526546392,
    "comment_date": "정말 멋있으시네요!! ㅎㅎ\n\n동현님! 안녕하세요 인플루언서 마케팅 플랫폼 클링크입니다. 클링크에서 인플루언서분들을 사전 모집 중이니 프로필 통해서 가입 부탁드릴게요~",
    "metadata": {
      "id": "17919064594187047",
      "text": "정말 멋있으시네요!! ㅎㅎ\n\n동현님! 안녕하세요 인플루언서 마케팅 플랫폼 클링크입니다. 클링크에서 인플루언서분들을 사전 모집 중이니 프로필 통해서 가입 부탁드릴게요~",
      "created_at": 1526546392,
      "owner": {
        "id": "5586184960",
        "profile_pic_url": "https://scontent-icn1-1.cdninstagram.com/vp/e5c6f307d661ddfd36a1e3b30c79c74e/5B9FB394/t51.2885-19/s150x150/29093495_1662848230470816_3313392751457861632_n.jpg",
        "username": "clnk.official"
      }
    }
  },
  {
    "post_id": "insta_17917620451151553",
    "comment_text": 1526474983,
    "comment_date": "#나이키베이퍼맥스97 #나이키 #베이퍼맥스97 #베이퍼맥스 #에어맥스97 #신발 #스트릿 #사진 #운동 #고3 #00년생 #19살 #건축과 #좋아요",
    "metadata": {
      "id": "17917620451151553",
      "text": "#나이키베이퍼맥스97 #나이키 #베이퍼맥스97 #베이퍼맥스 #에어맥스97 #신발 #스트릿 #사진 #운동 #고3 #00년생 #19살 #건축과 #좋아요",
      "created_at": 1526474983,
      "owner": {
        "id": "4709829633",
        "profile_pic_url": "https://scontent-icn1-1.cdninstagram.com/vp/1e20d3df1435b0d0981575b10abf57f0/5B91CA64/t51.2885-19/s150x150/31745599_203457873598830_3492275953197907968_n.jpg",
        "username": "0507.stone"
      }
    }
  },
  {
    "post_id": "insta_17856088285255632",
    "comment_text": 1526475148,
    "comment_date": "반갑습니다! 좋은하로 보내세요 :)",
    "metadata": {
      "id": "17856088285255632",
      "text": "반갑습니다! 좋은하로 보내세요 :)",
      "created_at": 1526475148,
      "owner": {
        "id": "5591027749",
        "profile_pic_url": "https://scontent-icn1-1.cdninstagram.com/vp/b0a701f27bfb34c2955452d9b7b9c432/5B9E85FD/t51.2885-19/s150x150/19120388_1715455288756449_7454481350746177536_a.jpg",
        "username": "bantschool"
      }
    }
  },
  {
    "post_id": "insta_17886549460206346",
    "comment_text": 1526474482,
    "comment_date": "Good!",
    "metadata": {
      "id": "17886549460206346",
      "text": "Good!",
      "created_at": 1526474482,
      "owner": {
        "id": "4102130758",
        "profile_pic_url": "https://scontent-icn1-1.cdninstagram.com/vp/a10cc7789136d6f2be5cb4a5bff5ce1d/5B96A4C0/t51.2885-19/s150x150/21576910_607756676280105_3478713752147197952_n.jpg",
        "username": "jamsilstudio"
      }
    }
  },
  {
    "post_id": "insta_17915511532165044",
    "comment_text": 1526475609,
    "comment_date": "Zzzㅋㅋ어디서삼",
    "metadata": {
      "id": "17915511532165044",
      "text": "Zzzㅋㅋ어디서삼",
      "created_at": 1526475609,
      "owner": {
        "id": "550325374",
        "profile_pic_url": "https://scontent-icn1-1.cdninstagram.com/vp/0af058566aba256ffa0df1ae42bfa7fe/5BA10A26/t51.2885-19/s150x150/27891233_1927834503940614_2047117610981523456_n.jpg",
        "username": "jjwanv"
      }
    }
  },
  {
    "post_id": "insta_17904076120199460",
    "comment_text": 1526476862,
    "comment_date": "손 무엇?",
    "metadata": {
      "id": "17904076120199460",
      "text": "손 무엇?",
      "created_at": 1526476862,
      "owner": {
        "id": "2400192267",
        "profile_pic_url": "https://scontent-icn1-1.cdninstagram.com/vp/89aed124dba5c4c463396766446e26df/5B7CDF46/t51.2885-19/s150x150/14240657_515027788687838_1122187154_a.jpg",
        "username": "jin__woo_jung"
      }
    }
  },
  {
    "post_id": "insta_17944444036012896",
    "comment_text": 1526477316,
    "comment_date": "@jjwanv 결국 스퀘어옄ㅋㅋㅋㅋ",
    "metadata": {
      "id": "17944444036012896",
      "text": "@jjwanv 결국 스퀘어옄ㅋㅋㅋㅋ",
      "created_at": 1526477316,
      "owner": {
        "id": "2645232952",
        "profile_pic_url": "https://scontent-icn1-1.cdninstagram.com/vp/99bc8efd3e69f837ccdfb2b64bd0f689/5BC01C38/t51.2885-19/s150x150/31897639_428668430931724_8873040002720727040_n.jpg",
        "username": "_leeeunbbi"
      }
    }
  },
  {
    "post_id": "insta_17883800947219511",
    "comment_text": 1526477320,
    "comment_date": "@jin__woo_jung 샤카샤카",
    "metadata": {
      "id": "17883800947219511",
      "text": "@jin__woo_jung 샤카샤카",
      "created_at": 1526477320,
      "owner": {
        "id": "2645232952",
        "profile_pic_url": "https://scontent-icn1-1.cdninstagram.com/vp/99bc8efd3e69f837ccdfb2b64bd0f689/5BC01C38/t51.2885-19/s150x150/31897639_428668430931724_8873040002720727040_n.jpg",
        "username": "_leeeunbbi"
      }
    }
  },
  {
    "post_id": "insta_17929116568127371",
    "comment_text": 1526477759,
    "comment_date": "@_leeeunbbi 어우 담배많이펴서 손 때깔 어두운거봐 ;",
    "metadata": {
      "id": "17929116568127371",
      "text": "@_leeeunbbi 어우 담배많이펴서 손 때깔 어두운거봐 ;",
      "created_at": 1526477759,
      "owner": {
        "id": "550325374",
        "profile_pic_url": "https://scontent-icn1-1.cdninstagram.com/vp/0af058566aba256ffa0df1ae42bfa7fe/5BA10A26/t51.2885-19/s150x150/27891233_1927834503940614_2047117610981523456_n.jpg",
        "username": "jjwanv"
      }
    }
  },
  {
    "post_id": "insta_17885740072212038",
    "comment_text": 1526481661,
    "comment_date": "혹시 화장지우면 얼굴도 저 색깔?",
    "metadata": {
      "id": "17885740072212038",
      "text": "혹시 화장지우면 얼굴도 저 색깔?",
      "created_at": 1526481661,
      "owner": {
        "id": "1439951125",
        "profile_pic_url": "https://scontent-icn1-1.cdninstagram.com/vp/44b6577ca3c5bc7d67a9b9595cca3103/5B7F85A8/t51.2885-19/s150x150/26365382_144509096235474_7105218690454388736_n.jpg",
        "username": "960912o"
      }
    }
  },
  {
    "post_id": "insta_17926170226094426",
    "comment_text": 1526484101,
    "comment_date": "@jjwanv 뭐래여 사진색깔이지ㅡㅡ",
    "metadata": {
      "id": "17926170226094426",
      "text": "@jjwanv 뭐래여 사진색깔이지ㅡㅡ",
      "created_at": 1526484101,
      "owner": {
        "id": "2645232952",
        "profile_pic_url": "https://scontent-icn1-1.cdninstagram.com/vp/99bc8efd3e69f837ccdfb2b64bd0f689/5BC01C38/t51.2885-19/s150x150/31897639_428668430931724_8873040002720727040_n.jpg",
        "username": "_leeeunbbi"
      }
    }
  },
  {
    "post_id": "insta_17945755663007861",
    "comment_text": 1526484106,
    "comment_date": "@960912o 놉!ㅋㅋㅋㅋㅋㅋ",
    "metadata": {
      "id": "17945755663007861",
      "text": "@960912o 놉!ㅋㅋㅋㅋㅋㅋ",
      "created_at": 1526484106,
      "owner": {
        "id": "2645232952",
        "profile_pic_url": "https://scontent-icn1-1.cdninstagram.com/vp/99bc8efd3e69f837ccdfb2b64bd0f689/5BC01C38/t51.2885-19/s150x150/31897639_428668430931724_8873040002720727040_n.jpg",
        "username": "_leeeunbbi"
      }
    }
  },
  {
    "post_id": "insta_17946342916038139",
    "comment_text": 1526550016,
    "comment_date": "손이 살짝 도라에몽같이 막",
    "metadata": {
      "id": "17946342916038139",
      "text": "손이 살짝 도라에몽같이 막",
      "created_at": 1526550016,
      "owner": {
        "id": "1582232922",
        "profile_pic_url": "https://scontent-icn1-1.cdninstagram.com/vp/143c06276d5edb63e15edee9444baf84/5B9DE76E/t51.2885-19/s150x150/25014324_849868495184043_2970012448309903360_n.jpg",
        "username": "hyunm_in22"
      }
    }
  },
  {
    "post_id": "insta_17950899961049432",
    "comment_text": 1526557878,
    "comment_date": "@hyunm_in22 죽여진짜.",
    "metadata": {
      "id": "17950899961049432",
      "text": "@hyunm_in22 죽여진짜.",
      "created_at": 1526557878,
      "owner": {
        "id": "2645232952",
        "profile_pic_url": "https://scontent-icn1-1.cdninstagram.com/vp/99bc8efd3e69f837ccdfb2b64bd0f689/5BC01C38/t51.2885-19/s150x150/31897639_428668430931724_8873040002720727040_n.jpg",
        "username": "_leeeunbbi"
      }
    }
  },
  {
    "post_id": "insta_17868435370245769",
    "comment_text": 1526474248,
    "comment_date": "♥ #나이키 ♥\n★ 사진 직접 찍은 100% 실사입니다 ★\n→불만족시 환불 보장!!\n풀박스. 모든 사이즈 확보.\n✋정식 사업자등록. 카드결제 가능\n✋시중에 판매되는 광저우 제품과는 차원이 다른 프리미엄 공장에서 셀렉된 제품\n✋밑창. 안창. 아웃솔. 로고자수 등 보완된 프리미엄 퀄리티\n✋저희 마켓에서만 가능한 불만족시 환불 서비스.\n그만큼 퀄리티에 자신있기에 선보이는 부분입니다.\n.\n.\n.\n.\n.\n#나이키러닝 #airmax97 #에어맥스97 #나이키슈즈 #나이키운동화 #에어맥스97실버 #나이키포스로우 #나이키미드 #나이키로우 #나이키하이 #에어포스 #에어포스1 #에어조던 #나이키\n#에어맥스1 #에어맥스 #에어맥스95 #에어맥스360 #에어맥스제로 #에어맥스\n #에어조던매니아",
    "metadata": {
      "id": "17868435370245769",
      "text": "♥ #나이키 ♥\n★ 사진 직접 찍은 100% 실사입니다 ★\n→불만족시 환불 보장!!\n풀박스. 모든 사이즈 확보.\n✋정식 사업자등록. 카드결제 가능\n✋시중에 판매되는 광저우 제품과는 차원이 다른 프리미엄 공장에서 셀렉된 제품\n✋밑창. 안창. 아웃솔. 로고자수 등 보완된 프리미엄 퀄리티\n✋저희 마켓에서만 가능한 불만족시 환불 서비스.\n그만큼 퀄리티에 자신있기에 선보이는 부분입니다.\n.\n.\n.\n.\n.\n#나이키러닝 #airmax97 #에어맥스97 #나이키슈즈 #나이키운동화 #에어맥스97실버 #나이키포스로우 #나이키미드 #나이키로우 #나이키하이 #에어포스 #에어포스1 #에어조던 #나이키\n#에어맥스1 #에어맥스 #에어맥스95 #에어맥스360 #에어맥스제로 #에어맥스\n #에어조던매니아",
      "created_at": 1526474248,
      "owner": {
        "id": "6917313147",
        "profile_pic_url": "https://scontent-icn1-1.cdninstagram.com/vp/7752aa6f4e430c3d8621b03406c98799/5B9E48BD/t51.2885-19/s150x150/26864392_1755610984744775_2392730661468241920_n.jpg",
        "username": "rick_market"
      }
    }
  },
  {
    "post_id": "insta_17916796225158280",
    "comment_text": 1526548612,
    "comment_date": "느낌이 참 좋아요. 자주 소통하고 싶네요!",
    "metadata": {
      "id": "17916796225158280",
      "text": "느낌이 참 좋아요. 자주 소통하고 싶네요!",
      "created_at": 1526548612,
      "owner": {
        "id": "1618198724",
        "profile_pic_url": "https://scontent-icn1-1.cdninstagram.com/vp/0884870dfe7eda214d955e562ea1c11a/5B90D335/t51.2885-19/11055782_414323908748058_1428830298_a.jpg",
        "username": "shoegather"
      }
    }
  },
  {
    "post_id": "insta_17945245528030976",
    "comment_text": 1526474540,
    "comment_date": "안녕하세요~ 헤어모델 구하고있어요^^ DM주세요!",
    "metadata": {
      "id": "17945245528030976",
      "text": "안녕하세요~ 헤어모델 구하고있어요^^ DM주세요!",
      "created_at": 1526474540,
      "owner": {
        "id": "1011791036",
        "profile_pic_url": "https://scontent-icn1-1.cdninstagram.com/vp/3804ed3b3b0df88bcfa05c68d28476b5/5BC0C78C/t51.2885-19/s150x150/19122224_1958618667715581_3003687083559616512_a.jpg",
        "username": "hkhk_5"
      }
    }
  },
  {
    "post_id": "insta_17886746029207199",
    "comment_text": 1526526214,
    "comment_date": "좋은하루되세요😺",
    "metadata": {
      "id": "17886746029207199",
      "text": "좋은하루되세요😺",
      "created_at": 1526526214,
      "owner": {
        "id": "2243383569",
        "profile_pic_url": "https://scontent-icn1-1.cdninstagram.com/vp/65f49e980296f7cc439b889508b30bba/5B9FCBB2/t51.2885-19/s150x150/31007014_238135026735914_3846366538982490112_n.jpg",
        "username": "youbin_refresh"
      }
    }
  },
  {
    "post_id": "insta_17886525754204970",
    "comment_text": 1526484766,
    "comment_date": "신한 110-462-249480",
    "metadata": {
      "id": "17886525754204970",
      "text": "신한 110-462-249480",
      "created_at": 1526484766,
      "owner": {
        "id": "3913573352",
        "profile_pic_url": "https://scontent-icn1-1.cdninstagram.com/vp/f9a2056eef442bf71e0f76b2aca147aa/5B8030CF/t51.2885-19/s150x150/14592067_219460221827345_766815266230239232_a.jpg",
        "username": "baby.giraff2"
      }
    }
  },
  {
    "post_id": "insta_17922068233136056",
    "comment_text": 1526544730,
    "comment_date": "@baby.giraff2 ..?",
    "metadata": {
      "id": "17922068233136056",
      "text": "@baby.giraff2 ..?",
      "created_at": 1526544730,
      "owner": {
        "id": "1469998081",
        "profile_pic_url": "https://scontent-icn1-1.cdninstagram.com/vp/1d80f03a70eae9d69102b7b446e3b329/5B8B8CEC/t51.2885-19/10735261_759407364105647_283295169_a.jpg",
        "username": "me_oroi"
      }
    }
  },
  {
    "post_id": "insta_17912605054171538",
    "comment_text": 1526471246,
    "comment_date": "사진 잘보고갑니다^^",
    "metadata": {
      "id": "17912605054171538",
      "text": "사진 잘보고갑니다^^",
      "created_at": 1526471246,
      "owner": {
        "id": "6776494051",
        "profile_pic_url": "https://scontent-icn1-1.cdninstagram.com/vp/8fdac5f8b146357ad553a965d8486cc2/5BC274C8/t51.2885-19/s150x150/30830498_2024127551182634_2045951145108570112_n.jpg",
        "username": "jung.g9"
      }
    }
  },
  {
    "post_id": "insta_17914077193175019",
    "comment_text": 1527079179,
    "comment_date": "어디서 사셧는지 알 수 있을까요?",
    "metadata": {
      "id": "17914077193175019",
      "text": "어디서 사셧는지 알 수 있을까요?",
      "created_at": 1527079179,
      "owner": {
        "id": "6750354295",
        "profile_pic_url": "https://instagram.fbkk2-2.fna.fbcdn.net/vp/07f73719f6b6c6bb996e4dfeb1a952b9/5B94597A/t51.2885-19/11906329_960233084022564_1448528159_a.jpg?_nc_eui2=AeF12vv5XszcflSHZmyXasrmMUJU59xYz0FCf_6I-EK8IBz4K1OsWQnNGgXhciLy6r4ujrTIJaLS-YWVfTDjk-wZ",
        "username": "pro__memoria___"
      }
    }
  },
  {
    "post_id": "insta_17857053331247730",
    "comment_text": 1526472324,
    "comment_date": "안녕하세요 명품정직구입니다 한번구경오세요~",
    "metadata": {
      "id": "17857053331247730",
      "text": "안녕하세요 명품정직구입니다 한번구경오세요~",
      "created_at": 1526472324,
      "owner": {
        "id": "6776494051",
        "profile_pic_url": "https://scontent-icn1-1.cdninstagram.com/vp/8fdac5f8b146357ad553a965d8486cc2/5BC274C8/t51.2885-19/s150x150/30830498_2024127551182634_2045951145108570112_n.jpg",
        "username": "jung.g9"
      }
    }
  },
  {
    "post_id": "insta_17931586378109506",
    "comment_text": 1526473009,
    "comment_date": "어머...!어디서 구햇닝?!ㅋㅋ",
    "metadata": {
      "id": "17931586378109506",
      "text": "어머...!어디서 구햇닝?!ㅋㅋ",
      "created_at": 1526473009,
      "owner": {
        "id": "1048816656",
        "profile_pic_url": "https://scontent-icn1-1.cdninstagram.com/vp/76f610c609f84587466fd4f36c0e7043/5B7DC168/t51.2885-19/s150x150/29090262_179886752641736_4172847017699049472_n.jpg",
        "username": "yell_s"
      }
    }
  },
  {
    "post_id": "insta_17926371628086622",
    "comment_text": 1526480952,
    "comment_date": "ㅋㅋㅋㅋㅋㅋ 그러네",
    "metadata": {
      "id": "17926371628086622",
      "text": "ㅋㅋㅋㅋㅋㅋ 그러네",
      "created_at": 1526480952,
      "owner": {
        "id": "759560896",
        "profile_pic_url": "https://scontent-icn1-1.cdninstagram.com/vp/a19b803b5d188b911a8ddfa445095b4c/5B7EB3DA/t51.2885-19/s150x150/28428221_949727308514693_3488961350841925632_n.jpg",
        "username": "zzangminpark"
      }
    }
  },
  {
    "post_id": "insta_17938732537076729",
    "comment_text": 1526762511,
    "comment_date": "사진들이 멋지네요^^",
    "metadata": {
      "id": "17938732537076729",
      "text": "사진들이 멋지네요^^",
      "created_at": 1526762511,
      "owner": {
        "id": "5804728087",
        "profile_pic_url": "https://scontent-icn1-1.cdninstagram.com/vp/2704a2a35fcc5b0baa1d0fb9e4fd47eb/5B8110D8/t51.2885-19/s150x150/31779319_357546711422085_3724590218842472448_n.jpg",
        "username": "rookiepick"
      }
    }
  },
  {
    "post_id": "insta_17904041068195488",
    "comment_text": 1526467886,
    "comment_date": "잘보고가요~",
    "metadata": {
      "id": "17904041068195488",
      "text": "잘보고가요~",
      "created_at": 1526467886,
      "owner": {
        "id": "1607805143",
        "profile_pic_url": "https://scontent-icn1-1.cdninstagram.com/vp/dde7157ba973c31b722b2568966fbea2/5B870BE8/t51.2885-19/s150x150/26863475_2077207172522680_8778490665681027072_n.jpg",
        "username": "fuddk222"
      }
    }
  },
  {
    "post_id": "insta_17903647669194927",
    "comment_text": 1526466537,
    "comment_date": "안녕하세요",
    "metadata": {
      "id": "17903647669194927",
      "text": "안녕하세요",
      "created_at": 1526466537,
      "owner": {
        "id": "5375343979",
        "profile_pic_url": "https://scontent-sea1-1.cdninstagram.com/vp/856b9478629f7c2f4ae549c4c8cc5dd7/5B94597A/t51.2885-19/11906329_960233084022564_1448528159_a.jpg",
        "username": "tjdworb5"
      }
    }
  },
  {
    "post_id": "insta_17946161662000028",
    "comment_text": 1526648129,
    "comment_date": "@beurgenie 이거 귀여운데",
    "metadata": {
      "id": "17946161662000028",
      "text": "@beurgenie 이거 귀여운데",
      "created_at": 1526648129,
      "owner": {
        "id": "4201794630",
        "profile_pic_url": "https://scontent-icn1-1.cdninstagram.com/vp/b3083f3b55d5e2a7853030f8baa6e172/5BA02405/t51.2885-19/s150x150/30077626_824897374365626_3904766467731619840_n.jpg",
        "username": "mnw.j"
      }
    }
  },
  {
    "post_id": "insta_17932036066113054",
    "comment_text": 1526467064,
    "comment_date": "!!!실례합니다~인스타 글들에 바디가  너무 멋지시네요!~!ㅎ이벤트중이니 놀러오세요~저희는 노트북,맥북,아이패드 매입업체입니다!!홈피주소 : buyits.co.kr 아디 클릭~!",
    "metadata": {
      "id": "17932036066113054",
      "text": "!!!실례합니다~인스타 글들에 바디가  너무 멋지시네요!~!ㅎ이벤트중이니 놀러오세요~저희는 노트북,맥북,아이패드 매입업체입니다!!홈피주소 : buyits.co.kr 아디 클릭~!",
      "created_at": 1526467064,
      "owner": {
        "id": "1397534169",
        "profile_pic_url": "https://scontent-icn1-1.cdninstagram.com/vp/e1a4a29171bc457d3b29afada64e3fdc/5B9607F8/t51.2885-19/s150x150/20394187_100383520662116_6634000949188755456_a.jpg",
        "username": "buy___it"
      }
    }
  },
  {
    "post_id": "insta_17941231057071549",
    "comment_text": 1526467543,
    "comment_date": "반갑습니다!인스타 글들에 몸이  너무 멋지시네요!  맞팔해요~!event 중이니 놀러오세요~저희는 노트북,맥북,아이패드 매입 업체입니다! 홈피주소 : buyits.co.kr아디 클릭해서 놀러오세요~",
    "metadata": {
      "id": "17941231057071549",
      "text": "반갑습니다!인스타 글들에 몸이  너무 멋지시네요!  맞팔해요~!event 중이니 놀러오세요~저희는 노트북,맥북,아이패드 매입 업체입니다! 홈피주소 : buyits.co.kr아디 클릭해서 놀러오세요~",
      "created_at": 1526467543,
      "owner": {
        "id": "1397534169",
        "profile_pic_url": "https://scontent-icn1-1.cdninstagram.com/vp/e1a4a29171bc457d3b29afada64e3fdc/5B9607F8/t51.2885-19/s150x150/20394187_100383520662116_6634000949188755456_a.jpg",
        "username": "buy___it"
      }
    }
  },
  {
    "post_id": "insta_17920827415138921",
    "comment_text": 1526467782,
    "comment_date": "반갑습니다~~우와! 인스타 글들에 몸이  너무 멋지시네요! event중이니 놀러오세요~저희는 노트북,맥북,아이패드  매입업체입니다!!제아디 클릭!!홈피주소 : buyits.co.kr",
    "metadata": {
      "id": "17920827415138921",
      "text": "반갑습니다~~우와! 인스타 글들에 몸이  너무 멋지시네요! event중이니 놀러오세요~저희는 노트북,맥북,아이패드  매입업체입니다!!제아디 클릭!!홈피주소 : buyits.co.kr",
      "created_at": 1526467782,
      "owner": {
        "id": "1397534169",
        "profile_pic_url": "https://scontent-icn1-1.cdninstagram.com/vp/e1a4a29171bc457d3b29afada64e3fdc/5B9607F8/t51.2885-19/s150x150/20394187_100383520662116_6634000949188755456_a.jpg",
        "username": "buy___it"
      }
    }
  },
  {
    "post_id": "insta_17873469310228417",
    "comment_text": 1526522153,
    "comment_date": "안녕하세요",
    "metadata": {
      "id": "17873469310228417",
      "text": "안녕하세요",
      "created_at": 1526522153,
      "owner": {
        "id": "362880552",
        "profile_pic_url": "https://scontent-icn1-1.cdninstagram.com/vp/a4abd7e5916a6a335431025a3346be53/5BA19B4B/t51.2885-19/s150x150/28762975_1239122112906328_6502436729293635584_n.jpg",
        "username": "frogdok"
      }
    }
  },
  {
    "post_id": "insta_17931536596110895",
    "comment_text": 1526526865,
    "comment_date": "좋은하루되세요😺",
    "metadata": {
      "id": "17931536596110895",
      "text": "좋은하루되세요😺",
      "created_at": 1526526865,
      "owner": {
        "id": "2243383569",
        "profile_pic_url": "https://scontent-icn1-1.cdninstagram.com/vp/65f49e980296f7cc439b889508b30bba/5B9FCBB2/t51.2885-19/s150x150/31007014_238135026735914_3846366538982490112_n.jpg",
        "username": "youbin_refresh"
      }
    }
  },
  {
    "post_id": "insta_17886094132205368",
    "comment_text": 1526522234,
    "comment_date": "nice!✨✨✨",
    "metadata": {
      "id": "17886094132205368",
      "text": "nice!✨✨✨",
      "created_at": 1526522234,
      "owner": {
        "id": "362880552",
        "profile_pic_url": "https://scontent-icn1-1.cdninstagram.com/vp/a4abd7e5916a6a335431025a3346be53/5BA19B4B/t51.2885-19/s150x150/28762975_1239122112906328_6502436729293635584_n.jpg",
        "username": "frogdok"
      }
    }
  },
  {
    "post_id": "insta_17916802846182467",
    "comment_text": 1526465115,
    "comment_date": "Buy one for me bro 😂😂😂",
    "metadata": {
      "id": "17916802846182467",
      "text": "Buy one for me bro 😂😂😂",
      "created_at": 1526465115,
      "owner": {
        "id": "1501568238",
        "profile_pic_url": "https://scontent-icn1-1.cdninstagram.com/vp/7e6233f0b31201c567becce825a86837/5BA13574/t51.2885-19/s150x150/12132711_710948772375459_1612265779_a.jpg",
        "username": "apinat73"
      }
    }
  },
  {
    "post_id": "insta_17920089451180352",
    "comment_text": 1526466611,
    "comment_date": "내가 준 라이노는 왜 바닥에..",
    "metadata": {
      "id": "17920089451180352",
      "text": "내가 준 라이노는 왜 바닥에..",
      "created_at": 1526466611,
      "owner": {
        "id": "3495625612",
        "profile_pic_url": "https://scontent-icn1-1.cdninstagram.com/vp/57c03b1c429af46d127135bf3cc94462/5B7D118E/t51.2885-19/s150x150/13702952_166956047055736_537298995_a.jpg",
        "username": "more_suziq"
      }
    }
  },
  {
    "post_id": "insta_17856025267248921",
    "comment_text": 1526467267,
    "comment_date": "@apinat73 I think u have too many shoes already, bro^.^",
    "metadata": {
      "id": "17856025267248921",
      "text": "@apinat73 I think u have too many shoes already, bro^.^",
      "created_at": 1526467267,
      "owner": {
        "id": "23360316",
        "profile_pic_url": "https://scontent-icn1-1.cdninstagram.com/vp/6cffd59e092036c8f0a61087582fd2eb/5B83945F/t51.2885-19/s150x150/28150783_455983571487537_1665440235506368512_n.jpg",
        "username": "chic_zzan"
      }
    }
  },
  {
    "post_id": "insta_17944288030066807",
    "comment_text": 1526467275,
    "comment_date": "ㅋㅋㅋ춘우 기수 또 누군가요",
    "metadata": {
      "id": "17944288030066807",
      "text": "ㅋㅋㅋ춘우 기수 또 누군가요",
      "created_at": 1526467275,
      "owner": {
        "id": "1126620415",
        "profile_pic_url": "https://scontent-icn1-1.cdninstagram.com/vp/a9c35e0c34014b06363c598f27ac904d/5B8045A2/t51.2885-19/s150x150/17266263_355494668177791_1589574117873418240_a.jpg",
        "username": "ryokozuki1106"
      }
    }
  },
  {
    "post_id": "insta_17916992929183386",
    "comment_text": 1526467281,
    "comment_date": "@more_suziq ㅋㅋㅋ 포인트요^.^",
    "metadata": {
      "id": "17916992929183386",
      "text": "@more_suziq ㅋㅋㅋ 포인트요^.^",
      "created_at": 1526467281,
      "owner": {
        "id": "23360316",
        "profile_pic_url": "https://scontent-icn1-1.cdninstagram.com/vp/6cffd59e092036c8f0a61087582fd2eb/5B83945F/t51.2885-19/s150x150/28150783_455983571487537_1665440235506368512_n.jpg",
        "username": "chic_zzan"
      }
    }
  },
  {
    "post_id": "insta_17904476128199128",
    "comment_text": 1526467314,
    "comment_date": "@ryokozuki1106 내짝꿍 세고루상이용^.^",
    "metadata": {
      "id": "17904476128199128",
      "text": "@ryokozuki1106 내짝꿍 세고루상이용^.^",
      "created_at": 1526467314,
      "owner": {
        "id": "23360316",
        "profile_pic_url": "https://scontent-icn1-1.cdninstagram.com/vp/6cffd59e092036c8f0a61087582fd2eb/5B83945F/t51.2885-19/s150x150/28150783_455983571487537_1665440235506368512_n.jpg",
        "username": "chic_zzan"
      }
    }
  },
  {
    "post_id": "insta_17917953271182701",
    "comment_text": 1526464531,
    "comment_date": "#self#selfie#selstagram#ootd#오오티디#셀스타그램#currentlywearing#daliy#daliylook#airmax#airmax97#에어맥스97#여행#darkwear",
    "metadata": {
      "id": "17917953271182701",
      "text": "#self#selfie#selstagram#ootd#오오티디#셀스타그램#currentlywearing#daliy#daliylook#airmax#airmax97#에어맥스97#여행#darkwear",
      "created_at": 1526464531,
      "owner": {
        "id": "1121247960",
        "profile_pic_url": "https://scontent-icn1-1.cdninstagram.com/vp/a10214d0ee6941140408bc1daa4257b7/5B8FBF20/t51.2885-19/s150x150/30991704_894820747356480_639016684681691136_n.jpg",
        "username": "silverguuun"
      }
    }
  },
  {
    "post_id": "insta_17945480083058264",
    "comment_text": 1526472847,
    "comment_date": "선팔합니다 맞팔 부탁드려요^^",
    "metadata": {
      "id": "17945480083058264",
      "text": "선팔합니다 맞팔 부탁드려요^^",
      "created_at": 1526472847,
      "owner": {
        "id": "6776494051",
        "profile_pic_url": "https://scontent-icn1-1.cdninstagram.com/vp/8fdac5f8b146357ad553a965d8486cc2/5BC274C8/t51.2885-19/s150x150/30830498_2024127551182634_2045951145108570112_n.jpg",
        "username": "jung.g9"
      }
    }
  },
  {
    "post_id": "insta_17856303583249854",
    "comment_text": 1526477586,
    "comment_date": "어디가 ㅠ",
    "metadata": {
      "id": "17856303583249854",
      "text": "어디가 ㅠ",
      "created_at": 1526477586,
      "owner": {
        "id": "1162426077",
        "profile_pic_url": "https://scontent-icn1-1.cdninstagram.com/vp/a91d65f52766ebf9bf8d07857cb04001/5BC42DE5/t51.2885-19/s150x150/26157588_1768836706755962_6744738597787664384_n.jpg",
        "username": "kimjand"
      }
    }
  },
  {
    "post_id": "insta_17945122375000259",
    "comment_text": 1526478103,
    "comment_date": "잘다녀오세요 >< ✈️✈️✈️",
    "metadata": {
      "id": "17945122375000259",
      "text": "잘다녀오세요 >< ✈️✈️✈️",
      "created_at": 1526478103,
      "owner": {
        "id": "1236603362",
        "profile_pic_url": "https://scontent-icn1-1.cdninstagram.com/vp/c1c9638b2430b9d0c6a8fcc3240f57b9/5B8CC2CB/t51.2885-19/s150x150/31499603_2016107445322469_1976521375271092224_n.jpg",
        "username": "remtem_oneday"
      }
    }
  },
  {
    "post_id": "insta_17919072316185392",
    "comment_text": 1526478777,
    "comment_date": "@kimjand 도쿄요오오!!",
    "metadata": {
      "id": "17919072316185392",
      "text": "@kimjand 도쿄요오오!!",
      "created_at": 1526478777,
      "owner": {
        "id": "1121247960",
        "profile_pic_url": "https://scontent-icn1-1.cdninstagram.com/vp/a10214d0ee6941140408bc1daa4257b7/5B8FBF20/t51.2885-19/s150x150/30991704_894820747356480_639016684681691136_n.jpg",
        "username": "silverguuun"
      }
    }
  },
  {
    "post_id": "insta_17884038820222897",
    "comment_text": 1526478782,
    "comment_date": "@remtem_oneday 넵!ㅎㅎ",
    "metadata": {
      "id": "17884038820222897",
      "text": "@remtem_oneday 넵!ㅎㅎ",
      "created_at": 1526478782,
      "owner": {
        "id": "1121247960",
        "profile_pic_url": "https://scontent-icn1-1.cdninstagram.com/vp/a10214d0ee6941140408bc1daa4257b7/5B8FBF20/t51.2885-19/s150x150/30991704_894820747356480_639016684681691136_n.jpg",
        "username": "silverguuun"
      }
    }
  },
  {
    "post_id": "insta_17915674714164331",
    "comment_text": 1526469281,
    "comment_date": "I see MAX in d first one 😍",
    "metadata": {
      "id": "17915674714164331",
      "text": "I see MAX in d first one 😍",
      "created_at": 1526469281,
      "owner": {
        "id": "5523364815",
        "profile_pic_url": "https://scontent-icn1-1.cdninstagram.com/vp/84e88336564f8227826c4fa417d512d3/5B927693/t51.2885-19/s150x150/31781594_212410652694732_933323778132279296_n.jpg",
        "username": "kenniemin_cassiopeia_988"
      }
    }
  },
  {
    "post_id": "insta_17926204765087231",
    "comment_text": 1526462418,
    "comment_date": "언제쩍",
    "metadata": {
      "id": "17926204765087231",
      "text": "언제쩍",
      "created_at": 1526462418,
      "owner": {
        "id": "540337524",
        "profile_pic_url": "https://scontent-icn1-1.cdninstagram.com/vp/44f5bdc0032d6136cda2ed4978aeeac9/5B9005F2/t51.2885-19/s150x150/32908023_454210231694375_5082802733472284672_n.jpg",
        "username": "ming.__.522"
      }
    }
  },
  {
    "post_id": "insta_17884571389211876",
    "comment_text": 1526462507,
    "comment_date": "@ming.__.522 나 옌날싸람 🤗",
    "metadata": {
      "id": "17884571389211876",
      "text": "@ming.__.522 나 옌날싸람 🤗",
      "created_at": 1526462507,
      "owner": {
        "id": "6354997877",
        "profile_pic_url": "https://scontent-icn1-1.cdninstagram.com/vp/c3e0c7cba53c40dc2aabf5b3ff4205dc/5BC43500/t51.2885-19/s150x150/29089308_197898697651571_6289749218651275264_n.jpg",
        "username": "e.beeni"
      }
    }
  },
  {
    "post_id": "insta_17884800283214693",
    "comment_text": 1526473200,
    "comment_date": "아빠신발이야?",
    "metadata": {
      "id": "17884800283214693",
      "text": "아빠신발이야?",
      "created_at": 1526473200,
      "owner": {
        "id": "1511334182",
        "profile_pic_url": "https://scontent-icn1-1.cdninstagram.com/vp/e38400776a3785c70fe70e6cced9c8fa/5B7E00A3/t51.2885-19/s150x150/22280265_1108346402628897_2525336874789109760_n.jpg",
        "username": "j.hunm"
      }
    }
  },
  {
    "post_id": "insta_17945824063018383",
    "comment_text": 1526533386,
    "comment_date": "😄",
    "metadata": {
      "id": "17945824063018383",
      "text": "😄",
      "created_at": 1526533386,
      "owner": {
        "id": "1505186393",
        "profile_pic_url": "https://scontent-icn1-1.cdninstagram.com/vp/addf9153eb5eb2be6ba53083bf93ac9c/5BBECC66/t51.2885-19/s150x150/31757592_177262342901400_2851804623222603776_n.jpg",
        "username": "cvoyagez"
      }
    }
  },
  {
    "post_id": "insta_17856127060256502",
    "comment_text": 1527056855,
    "comment_date": "혹시구매처좀알수있을가요..?",
    "metadata": {
      "id": "17856127060256502",
      "text": "혹시구매처좀알수있을가요..?",
      "created_at": 1527056855,
      "owner": {
        "id": "1442206600",
        "profile_pic_url": "https://scontent-icn1-1.cdninstagram.com/vp/81792d69c676acd0bc93393e140f08a1/5B89C166/t51.2885-19/s150x150/13402459_483774178486369_1209499656_a.jpg",
        "username": "jungwcz"
      }
    }
  },
  {
    "post_id": "insta_17926400164086953",
    "comment_text": 1526440356,
    "comment_date": "#일상 #일상스타그램 #오늘 #데일리 #사진 #셀피 #daily #인스타그램 #인스타데일리 #좋아요 #소통 #기록 #행복 #여유 #새댁",
    "metadata": {
      "id": "17926400164086953",
      "text": "#일상 #일상스타그램 #오늘 #데일리 #사진 #셀피 #daily #인스타그램 #인스타데일리 #좋아요 #소통 #기록 #행복 #여유 #새댁",
      "created_at": 1526440356,
      "owner": {
        "id": "10297730",
        "profile_pic_url": "https://scontent-icn1-1.cdninstagram.com/vp/b07773ab7f9dac5e47567b06e156d898/5B7E4AC5/t51.2885-19/s150x150/20482115_195945394274915_8863031534920138752_a.jpg",
        "username": "bo_ring2"
      }
    }
  },
  {
    "post_id": "insta_17932033345107642",
    "comment_text": 1526440538,
    "comment_date": "발도장..꾹~😊",
    "metadata": {
      "id": "17932033345107642",
      "text": "발도장..꾹~😊",
      "created_at": 1526440538,
      "owner": {
        "id": "5720345804",
        "profile_pic_url": "https://scontent-icn1-1.cdninstagram.com/vp/83306ebb3be6b1bb1f6d562199057679/5B95CB50/t51.2885-19/s150x150/29715655_158021011508692_6488223986726469632_n.jpg",
        "username": "grooming_d_day"
      }
    }
  },
  {
    "post_id": "insta_17853891004261632",
    "comment_text": 1526443928,
    "comment_date": "오 넘 이뿌당 ㅎㅎ 오빠 센스쟁이 ㅎㅎ",
    "metadata": {
      "id": "17853891004261632",
      "text": "오 넘 이뿌당 ㅎㅎ 오빠 센스쟁이 ㅎㅎ",
      "created_at": 1526443928,
      "owner": {
        "id": "1302798",
        "profile_pic_url": "https://scontent-icn1-1.cdninstagram.com/vp/4ae5d2f77aba2356d8e763358805cba2/5BC2FD2D/t51.2885-19/s150x150/13741346_545199349003813_173916862_a.jpg",
        "username": "jklee8310"
      }
    }
  },
  {
    "post_id": "insta_17937255637077709",
    "comment_text": 1526449084,
    "comment_date": "죄송한데  핑크색  어디서 사셨어요?",
    "metadata": {
      "id": "17937255637077709",
      "text": "죄송한데  핑크색  어디서 사셨어요?",
      "created_at": 1526449084,
      "owner": {
        "id": "3420521755",
        "profile_pic_url": "https://scontent-icn1-1.cdninstagram.com/vp/27563b2844937ffc972e7cc95d8499a4/5B95F00D/t51.2885-19/s150x150/22580137_731086307086581_666134820425826304_n.jpg",
        "username": "hanjae.yu"
      }
    }
  },
  {
    "post_id": "insta_17932072666113025",
    "comment_text": 1526453662,
    "comment_date": "보링 어린이 좋겠네요😍👍",
    "metadata": {
      "id": "17932072666113025",
      "text": "보링 어린이 좋겠네요😍👍",
      "created_at": 1526453662,
      "owner": {
        "id": "1551947330",
        "profile_pic_url": "https://scontent-icn1-1.cdninstagram.com/vp/0edc5db00e9bb8569ac73e55a8ef95ef/5BBFF91B/t51.2885-19/s150x150/31425392_180280139294723_7246266189549142016_n.jpg",
        "username": "camino_rainbow_in_jeju"
      }
    }
  },
  {
    "post_id": "insta_17945118241033719",
    "comment_text": 1526736007,
    "comment_date": "어머 신발 구입처좀 알려주세요",
    "metadata": {
      "id": "17945118241033719",
      "text": "어머 신발 구입처좀 알려주세요",
      "created_at": 1526736007,
      "owner": {
        "id": "257134015",
        "profile_pic_url": "https://scontent-icn1-1.cdninstagram.com/vp/124188a5f6e9c0c982bd7e70b5a1520a/5B9E86CB/t51.2885-19/s150x150/17587059_436042073400092_7378135171733651456_a.jpg",
        "username": "fooddirector.jinhee"
      }
    }
  }
]