[
  {
    "post_id": "insta_17920378654189284",
    "comment_text": 1527128270,
    "comment_date": "옼ㅋㅋㅋㅋ 이런건 어디서?",
    "metadata": {
      "id": "17920378654189284",
      "text": "옼ㅋㅋㅋㅋ 이런건 어디서?",
      "created_at": 1527128270,
      "owner": {
        "id": "484787675",
        "profile_pic_url": "https://scontent-icn1-1.cdninstagram.com/vp/f6a663e32dd20db37a91846dc6c17e8d/5BA083C9/t51.2885-19/s150x150/26282198_406025573153276_7050941131445501952_n.jpg",
        "username": "__brunch"
      }
    }
  },
  {
    "post_id": "insta_17948373667046276",
    "comment_text": 1527128332,
    "comment_date": "봉다리 집착녀...ㅋㅋㅋㅋㅋㅋㅋ",
    "metadata": {
      "id": "17948373667046276",
      "text": "봉다리 집착녀...ㅋㅋㅋㅋㅋㅋㅋ",
      "created_at": 1527128332,
      "owner": {
        "id": "53133989",
        "profile_pic_url": "https://scontent-icn1-1.cdninstagram.com/vp/913ba0060cefb24f30850e1d3ab898ae/5B82CB7D/t51.2885-19/11098721_746355738811434_1836664203_a.jpg",
        "username": "ray_jeong"
      }
    }
  },
  {
    "post_id": "insta_17947027798056830",
    "comment_text": 1527128405,
    "comment_date": "@ray_jeong ㅋㅋㅋ진서아버님이 구해주심👍🏼👍🏼",
    "metadata": {
      "id": "17947027798056830",
      "text": "@ray_jeong ㅋㅋㅋ진서아버님이 구해주심👍🏼👍🏼",
      "created_at": 1527128405,
      "owner": {
        "id": "536804886",
        "profile_pic_url": "https://scontent-icn1-1.cdninstagram.com/vp/2800c685e6c7c0f5fea61da0441f9dfd/5B89C401/t51.2885-19/s150x150/22429797_466676670399381_6798571009206124544_n.jpg",
        "username": "51536_k"
      }
    }
  },
  {
    "post_id": "insta_17934125323116180",
    "comment_text": 1527128420,
    "comment_date": "@__brunch 설문조사 사은품ㅋㅋㅋㅋㅋㅋㅋㅋ 쓸데없는 물욕..",
    "metadata": {
      "id": "17934125323116180",
      "text": "@__brunch 설문조사 사은품ㅋㅋㅋㅋㅋㅋㅋㅋ 쓸데없는 물욕..",
      "created_at": 1527128420,
      "owner": {
        "id": "536804886",
        "profile_pic_url": "https://scontent-icn1-1.cdninstagram.com/vp/2800c685e6c7c0f5fea61da0441f9dfd/5B89C401/t51.2885-19/s150x150/22429797_466676670399381_6798571009206124544_n.jpg",
        "username": "51536_k"
      }
    }
  },
  {
    "post_id": "insta_17933779087106482",
    "comment_text": 1527128525,
    "comment_date": "@51536_k ㅋㅋㅋㅋㅋㅋㅋㅋ 좋다그래두",
    "metadata": {
      "id": "17933779087106482",
      "text": "@51536_k ㅋㅋㅋㅋㅋㅋㅋㅋ 좋다그래두",
      "created_at": 1527128525,
      "owner": {
        "id": "484787675",
        "profile_pic_url": "https://scontent-icn1-1.cdninstagram.com/vp/f6a663e32dd20db37a91846dc6c17e8d/5BA083C9/t51.2885-19/s150x150/26282198_406025573153276_7050941131445501952_n.jpg",
        "username": "__brunch"
      }
    }
  },
  {
    "post_id": "insta_17931022837124915",
    "comment_text": 1527128568,
    "comment_date": "97중 요컬러가.. 최고 입니다.",
    "metadata": {
      "id": "17931022837124915",
      "text": "97중 요컬러가.. 최고 입니다.",
      "created_at": 1527128568,
      "owner": {
        "id": "1523171907",
        "profile_pic_url": "https://scontent-icn1-1.cdninstagram.com/vp/644facbf63f4c1f2bc7686993466d53b/5B852BDE/t51.2885-19/s150x150/30841548_186138952014649_2090579815273857024_n.jpg",
        "username": "0_endurance_0"
      }
    }
  },
  {
    "post_id": "insta_17945529355057101",
    "comment_text": 1527128576,
    "comment_date": "@__brunch 저거도 리셀올라온댜..소름",
    "metadata": {
      "id": "17945529355057101",
      "text": "@__brunch 저거도 리셀올라온댜..소름",
      "created_at": 1527128576,
      "owner": {
        "id": "536804886",
        "profile_pic_url": "https://scontent-icn1-1.cdninstagram.com/vp/2800c685e6c7c0f5fea61da0441f9dfd/5B89C401/t51.2885-19/s150x150/22429797_466676670399381_6798571009206124544_n.jpg",
        "username": "51536_k"
      }
    }
  },
  {
    "post_id": "insta_17946519028063726",
    "comment_text": 1527128726,
    "comment_date": "97og 예쁩니다!!😄",
    "metadata": {
      "id": "17946519028063726",
      "text": "97og 예쁩니다!!😄",
      "created_at": 1527128726,
      "owner": {
        "id": "2227422667",
        "profile_pic_url": "https://scontent-icn1-1.cdninstagram.com/vp/e0caaaff71a16b82b14970785836d3c3/5B8CB2B9/t51.2885-19/s150x150/21689481_512913162389148_7942141708584615936_n.jpg",
        "username": "jaram.park"
      }
    }
  },
  {
    "post_id": "insta_17946182716034267",
    "comment_text": 1527128762,
    "comment_date": "마음에 드는 피드예요!",
    "metadata": {
      "id": "17946182716034267",
      "text": "마음에 드는 피드예요!",
      "created_at": 1527128762,
      "owner": {
        "id": "3254149633",
        "profile_pic_url": "https://scontent-icn1-1.cdninstagram.com/vp/99529bbf29d3c50ac967e60a30e8aeb2/5B7E9ED4/t51.2885-19/s150x150/24178084_1179568928853097_3915243159981916160_n.jpg",
        "username": "chicfox_v"
      }
    }
  },
  {
    "post_id": "insta_17947066774057182",
    "comment_text": 1527128902,
    "comment_date": "@jaram.park ✔️✔️마즈요",
    "metadata": {
      "id": "17947066774057182",
      "text": "@jaram.park ✔️✔️마즈요",
      "created_at": 1527128902,
      "owner": {
        "id": "536804886",
        "profile_pic_url": "https://scontent-icn1-1.cdninstagram.com/vp/2800c685e6c7c0f5fea61da0441f9dfd/5B89C401/t51.2885-19/s150x150/22429797_466676670399381_6798571009206124544_n.jpg",
        "username": "51536_k"
      }
    }
  },
  {
    "post_id": "insta_17875671217227280",
    "comment_text": 1527129021,
    "comment_date": "@0_endurance_0 ✔️✔️👍🏼",
    "metadata": {
      "id": "17875671217227280",
      "text": "@0_endurance_0 ✔️✔️👍🏼",
      "created_at": 1527129021,
      "owner": {
        "id": "536804886",
        "profile_pic_url": "https://scontent-icn1-1.cdninstagram.com/vp/2800c685e6c7c0f5fea61da0441f9dfd/5B89C401/t51.2885-19/s150x150/22429797_466676670399381_6798571009206124544_n.jpg",
        "username": "51536_k"
      }
    }
  },
  {
    "post_id": "insta_17946187597046382",
    "comment_text": 1527129111,
    "comment_date": "#daily #instadaily #instagood #l4l #nike #nikepvcbag #pvcbag #celine #celinebag #l4f #nikeairmax #selfie  #airmax97 #max97silver #max97 #outfit #JUSTDOIT #나이키 #나이키에어맥스97 #에어맥스97 #데일리 #소통 #아웃핏 #나이키빠 #일상 #나이키설문조사 #나이키pvc백 #나이키비닐백 #셀린느 #pvc백",
    "metadata": {
      "id": "17946187597046382",
      "text": "#daily #instadaily #instagood #l4l #nike #nikepvcbag #pvcbag #celine #celinebag #l4f #nikeairmax #selfie  #airmax97 #max97silver #max97 #outfit #JUSTDOIT #나이키 #나이키에어맥스97 #에어맥스97 #데일리 #소통 #아웃핏 #나이키빠 #일상 #나이키설문조사 #나이키pvc백 #나이키비닐백 #셀린느 #pvc백",
      "created_at": 1527129111,
      "owner": {
        "id": "536804886",
        "profile_pic_url": "https://scontent-icn1-1.cdninstagram.com/vp/2800c685e6c7c0f5fea61da0441f9dfd/5B89C401/t51.2885-19/s150x150/22429797_466676670399381_6798571009206124544_n.jpg",
        "username": "51536_k"
      }
    }
  },
  {
    "post_id": "insta_17914083937172148",
    "comment_text": 1527127038,
    "comment_date": "#대전 #대구 #청주 #오오티디 #데일리 #데일리룩 #셀스타그램 #데이트룩 #커플화 #육아맘 #ootd #selfie #나이키 #에어맥스97 #airmax97 #럽스타그램 #봄신상 #블로그 #맥스97",
    "metadata": {
      "id": "17914083937172148",
      "text": "#대전 #대구 #청주 #오오티디 #데일리 #데일리룩 #셀스타그램 #데이트룩 #커플화 #육아맘 #ootd #selfie #나이키 #에어맥스97 #airmax97 #럽스타그램 #봄신상 #블로그 #맥스97",
      "created_at": 1527127038,
      "owner": {
        "id": "5276934307",
        "profile_pic_url": "https://scontent-icn1-1.cdninstagram.com/vp/6bf874af887da4a9da0bc0655cfc633f/5B92B34C/t51.2885-19/s150x150/18380068_814258862067284_5305346064482566144_a.jpg",
        "username": "is_industry"
      }
    }
  },
  {
    "post_id": "insta_17921259199186495",
    "comment_text": 1527126517,
    "comment_date": "😌반가워요 (•ө•)♡v 맞소통좋아요",
    "metadata": {
      "id": "17921259199186495",
      "text": "😌반가워요 (•ө•)♡v 맞소통좋아요",
      "created_at": 1527126517,
      "owner": {
        "id": "7129682727",
        "profile_pic_url": "https://scontent-icn1-1.cdninstagram.com/vp/1a69b9c4ba5f0f10eac10602d1c84435/5B90FE18/t51.2885-19/s150x150/28435002_938368756322989_5703682887954464768_n.jpg",
        "username": "467fsbkpjf"
      }
    }
  },
  {
    "post_id": "insta_17946738199013245",
    "comment_text": 1527126767,
    "comment_date": "반가워용~~ ㅎㅎ",
    "metadata": {
      "id": "17946738199013245",
      "text": "반가워용~~ ㅎㅎ",
      "created_at": 1527126767,
      "owner": {
        "id": "6694472905",
        "profile_pic_url": "https://scontent-icn1-1.cdninstagram.com/vp/83695cb26b848ce611af9283b0a6d75c/5B8F5ECA/t51.2885-19/s150x150/32150129_215702279025688_7350323226972520448_n.jpg",
        "username": "y___ennniii"
      }
    }
  },
  {
    "post_id": "insta_17932185058118207",
    "comment_text": 1527126517,
    "comment_date": "😋반가워요 (•ө•)",
    "metadata": {
      "id": "17932185058118207",
      "text": "😋반가워요 (•ө•)",
      "created_at": 1527126517,
      "owner": {
        "id": "7131733589",
        "profile_pic_url": "https://scontent-icn1-1.cdninstagram.com/vp/af31b44a1931c4970cd192593f27c430/5B810B7F/t51.2885-19/s150x150/28155241_133284097493866_3808306016274087936_n.jpg",
        "username": "388ogctwlxv"
      }
    }
  },
  {
    "post_id": "insta_17919090355183198",
    "comment_text": 1527126711,
    "comment_date": "안녕하세요~ 인스타 잘 보고 갑니다^^",
    "metadata": {
      "id": "17919090355183198",
      "text": "안녕하세요~ 인스타 잘 보고 갑니다^^",
      "created_at": 1527126711,
      "owner": {
        "id": "5758690781",
        "profile_pic_url": "https://scontent-icn1-1.cdninstagram.com/vp/f57e1ddbf0c7a5339281ce54d086a4cb/5B7FB08E/t51.2885-19/s150x150/20181268_107055146625711_8100322081331216384_a.jpg",
        "username": "alvinclo_official"
      }
    }
  },
  {
    "post_id": "insta_17931059656122834",
    "comment_text": 1527126556,
    "comment_date": "인스타그램 마케팅 전문 ! 제이엠마케팅 입니다. 인스타그램을 통해 광고를 희망하신다면 언제든지 연락주세요~_~)",
    "metadata": {
      "id": "17931059656122834",
      "text": "인스타그램 마케팅 전문 ! 제이엠마케팅 입니다. 인스타그램을 통해 광고를 희망하신다면 언제든지 연락주세요~_~)",
      "created_at": 1527126556,
      "owner": {
        "id": "7202769830",
        "profile_pic_url": "https://scontent-icn1-1.cdninstagram.com/vp/134930f9fe6cad27c29b701df7b24b3e/5B84EFF1/t51.2885-19/s150x150/25036795_1972787603041051_150870690596126720_n.jpg",
        "username": "ins___sk"
      }
    }
  },
  {
    "post_id": "insta_17947567030057527",
    "comment_text": 1527126563,
    "comment_date": "인스타그램 마케팅 전문 ! 제이엠마케팅 입니다. 인스타그램을 통해 광고를 희망하신다면 언제든지 연락주세요^_^)",
    "metadata": {
      "id": "17947567030057527",
      "text": "인스타그램 마케팅 전문 ! 제이엠마케팅 입니다. 인스타그램을 통해 광고를 희망하신다면 언제든지 연락주세요^_^)",
      "created_at": 1527126563,
      "owner": {
        "id": "7202902493",
        "profile_pic_url": "https://scontent-icn1-1.cdninstagram.com/vp/04dc02916cbbcd38f57c5844e6a1b683/5B8B8099/t51.2885-19/s150x150/28763349_1068688956607670_5426009008840376320_n.jpg",
        "username": "jm_2_jjang"
      }
    }
  },
  {
    "post_id": "insta_17942631946069672",
    "comment_text": 1527127034,
    "comment_date": "우리 소통해요",
    "metadata": {
      "id": "17942631946069672",
      "text": "우리 소통해요",
      "created_at": 1527127034,
      "owner": {
        "id": "3472501985",
        "profile_pic_url": "https://scontent-icn1-1.cdninstagram.com/vp/3538cacbab8bbe4db0b7409d926d645c/5BA05369/t51.2885-19/28752897_217502272325137_448504429490995200_n.jpg",
        "username": "aroma132"
      }
    }
  },
  {
    "post_id": "insta_17948613256016709",
    "comment_text": 1527126726,
    "comment_date": "늘 웃음만 가득한 나날 되세요",
    "metadata": {
      "id": "17948613256016709",
      "text": "늘 웃음만 가득한 나날 되세요",
      "created_at": 1527126726,
      "owner": {
        "id": "6718031983",
        "profile_pic_url": "https://scontent-icn1-1.cdninstagram.com/vp/26452e8be866b8c34fa37ed2abfa01b9/5B8BA6F9/t51.2885-19/s150x150/24332519_134591357228559_3609921468281913344_n.jpg",
        "username": "sankolfarm_apple_juice"
      }
    }
  },
  {
    "post_id": "insta_17922725083138869",
    "comment_text": 1527123839,
    "comment_date": "😃반가워요 (•ө•)",
    "metadata": {
      "id": "17922725083138869",
      "text": "😃반가워요 (•ө•)",
      "created_at": 1527123839,
      "owner": {
        "id": "7131180797",
        "profile_pic_url": "https://scontent-icn1-1.cdninstagram.com/vp/ed1b6c422387848c34a39f15bc45712c/5B9E18DA/t51.2885-19/s150x150/31571407_1858659511101670_1621056365592051712_n.jpg",
        "username": "_jlzfbvyhw"
      }
    }
  },
  {
    "post_id": "insta_17948696662004872",
    "comment_text": 1527124907,
    "comment_date": "Love it~",
    "metadata": {
      "id": "17948696662004872",
      "text": "Love it~",
      "created_at": 1527124907,
      "owner": {
        "id": "5433502006",
        "profile_pic_url": "https://scontent-icn1-1.cdninstagram.com/vp/92f13e4eb3715108d58ff155b03d62c3/5B9ECD0C/t51.2885-19/s150x150/23733908_147938269295413_8500502850227404800_n.jpg",
        "username": "movinsr_official"
      }
    }
  },
  {
    "post_id": "insta_17888023429204134",
    "comment_text": 1527109952,
    "comment_date": "#셀피#셀카#셀스타그램#얼스타그램#오오티디#데일리#일상#소통#맞팔#selfie#selca#selstagram#daily#dailylook#ootd#follow#lfl#f4f#fff#대구#경주#포항",
    "metadata": {
      "id": "17888023429204134",
      "text": "#셀피#셀카#셀스타그램#얼스타그램#오오티디#데일리#일상#소통#맞팔#selfie#selca#selstagram#daily#dailylook#ootd#follow#lfl#f4f#fff#대구#경주#포항",
      "created_at": 1527109952,
      "owner": {
        "id": "506334237",
        "profile_pic_url": "https://scontent-icn1-1.cdninstagram.com/vp/444a3da054c1f70c428088bb22700214/5B8FEE84/t51.2885-19/s150x150/32620924_648693825469514_3473902095990521856_n.jpg",
        "username": "jeoxni"
      }
    }
  },
  {
    "post_id": "insta_17856006085259069",
    "comment_text": 1527110816,
    "comment_date": "반가워요~ 소통하며 지내요🌹",
    "metadata": {
      "id": "17856006085259069",
      "text": "반가워요~ 소통하며 지내요🌹",
      "created_at": 1527110816,
      "owner": {
        "id": "1562300815",
        "profile_pic_url": "https://scontent-icn1-1.cdninstagram.com/vp/896914b74ba7e515ced1e91b756b773e/5B91E5FC/t51.2885-19/s150x150/31941540_200573190554428_2363718419376766976_n.jpg",
        "username": "yuni__ang"
      }
    }
  },
  {
    "post_id": "insta_17888984776202402",
    "comment_text": 1527120089,
    "comment_date": "잘보고 댓글 남기고 갑니다^^",
    "metadata": {
      "id": "17888984776202402",
      "text": "잘보고 댓글 남기고 갑니다^^",
      "created_at": 1527120089,
      "owner": {
        "id": "6776494051",
        "profile_pic_url": "https://scontent-icn1-1.cdninstagram.com/vp/8fdac5f8b146357ad553a965d8486cc2/5BC274C8/t51.2885-19/s150x150/30830498_2024127551182634_2045951145108570112_n.jpg",
        "username": "jung.g9"
      }
    }
  },
  {
    "post_id": "insta_17946721912057789",
    "comment_text": 1527112179,
    "comment_date": "답방 부탁드려용",
    "metadata": {
      "id": "17946721912057789",
      "text": "답방 부탁드려용",
      "created_at": 1527112179,
      "owner": {
        "id": "3563000226",
        "profile_pic_url": "https://scontent-icn1-1.cdninstagram.com/vp/76705f29b7e783d6cd7cf3b00e59de98/5B8EF125/t51.2885-19/s150x150/30084323_187296941893673_4782757172872216576_n.jpg",
        "username": "cocoa3377"
      }
    }
  },
  {
    "post_id": "insta_17922307099138119",
    "comment_text": 1527112923,
    "comment_date": "오늘도 즐거운하루 되세요~",
    "metadata": {
      "id": "17922307099138119",
      "text": "오늘도 즐거운하루 되세요~",
      "created_at": 1527112923,
      "owner": {
        "id": "6938908845",
        "profile_pic_url": "https://scontent-icn1-1.cdninstagram.com/vp/c7637beef4950fe2ea5b728fb4fc02d4/5BA22E0D/t51.2885-19/s150x150/26156741_156978028285056_8154762518384869376_n.jpg",
        "username": "ripeulrisyab"
      }
    }
  },
  {
    "post_id": "insta_17916495820163156",
    "comment_text": 1527098210,
    "comment_date": "수익보장 들어오세요 ^^",
    "metadata": {
      "id": "17916495820163156",
      "text": "수익보장 들어오세요 ^^",
      "created_at": 1527098210,
      "owner": {
        "id": "7720603557",
        "profile_pic_url": "https://scontent-icn1-1.cdninstagram.com/vp/1af8ff3a27e551afa998484864ee07d7/5B8D2E3B/t51.2885-19/s150x150/31702731_2068405296773353_3259063700086063104_n.jpg",
        "username": "xhihbfs_302"
      }
    }
  },
  {
    "post_id": "insta_17886716476211375",
    "comment_text": 1527098206,
    "comment_date": "구경 잘하고갑니다. 팔로우하고 가요",
    "metadata": {
      "id": "17886716476211375",
      "text": "구경 잘하고갑니다. 팔로우하고 가요",
      "created_at": 1527098206,
      "owner": {
        "id": "7718203790",
        "profile_pic_url": "https://scontent-icn1-1.cdninstagram.com/vp/4db82f694e471089c2b513e8431897ca/5B96859D/t51.2885-19/s150x150/32271602_250930888801116_7335748684950274048_n.jpg",
        "username": "885_mfjaaegh"
      }
    }
  },
  {
    "post_id": "insta_17922922927130237",
    "comment_text": 1527100768,
    "comment_date": "Hey! Nice gallery you have 😊 I mean I liked it 👌",
    "metadata": {
      "id": "17922922927130237",
      "text": "Hey! Nice gallery you have 😊 I mean I liked it 👌",
      "created_at": 1527100768,
      "owner": {
        "id": "2733907909",
        "profile_pic_url": "https://scontent-icn1-1.cdninstagram.com/vp/e732e38bca718d70f9a93654db3d60ba/5BA11C1B/t51.2885-19/s150x150/30076995_226245714598158_636661401925976064_n.jpg",
        "username": "saliih_erdogan"
      }
    }
  },
  {
    "post_id": "insta_17947372933040309",
    "comment_text": 1527127101,
    "comment_date": "즐거운하루되세요😀",
    "metadata": {
      "id": "17947372933040309",
      "text": "즐거운하루되세요😀",
      "created_at": 1527127101,
      "owner": {
        "id": "4230831668",
        "profile_pic_url": "https://scontent-icn1-1.cdninstagram.com/vp/82e972e8ffc00333ae412bc40b33eb2f/5B7D2F13/t51.2885-19/s150x150/28435309_210657816347515_3660955936140296192_n.jpg",
        "username": "yong_refresh"
      }
    }
  },
  {
    "post_id": "insta_17942467858071506",
    "comment_text": 1527127459,
    "comment_date": "행복한하루되세요😊",
    "metadata": {
      "id": "17942467858071506",
      "text": "행복한하루되세요😊",
      "created_at": 1527127459,
      "owner": {
        "id": "4230831668",
        "profile_pic_url": "https://scontent-icn1-1.cdninstagram.com/vp/82e972e8ffc00333ae412bc40b33eb2f/5B7D2F13/t51.2885-19/s150x150/28435309_210657816347515_3660955936140296192_n.jpg",
        "username": "yong_refresh"
      }
    }
  },
  {
    "post_id": "insta_17933944735099685",
    "comment_text": 1527094105,
    "comment_date": "자주 소통해요! 오늘 하루도 즐겁게 보내세요",
    "metadata": {
      "id": "17933944735099685",
      "text": "자주 소통해요! 오늘 하루도 즐겁게 보내세요",
      "created_at": 1527094105,
      "owner": {
        "id": "6427042806",
        "profile_pic_url": "https://scontent-icn1-1.cdninstagram.com/vp/ebfae1216f35e06a6f4144a35fc63eb1/5B857448/t51.2885-19/s150x150/27576742_142023483270804_7576966224525918208_n.jpg",
        "username": "mono_cats"
      }
    }
  },
  {
    "post_id": "insta_17932464850112346",
    "comment_text": 1527125842,
    "comment_date": "nice!✨✨✨",
    "metadata": {
      "id": "17932464850112346",
      "text": "nice!✨✨✨",
      "created_at": 1527125842,
      "owner": {
        "id": "362880552",
        "profile_pic_url": "https://scontent-icn1-1.cdninstagram.com/vp/a4abd7e5916a6a335431025a3346be53/5BA19B4B/t51.2885-19/s150x150/28762975_1239122112906328_6502436729293635584_n.jpg",
        "username": "frogdok"
      }
    }
  },
  {
    "post_id": "insta_17919203569146030",
    "comment_text": 1527127799,
    "comment_date": "행복한하루되세요😊",
    "metadata": {
      "id": "17919203569146030",
      "text": "행복한하루되세요😊",
      "created_at": 1527127799,
      "owner": {
        "id": "4230831668",
        "profile_pic_url": "https://scontent-icn1-1.cdninstagram.com/vp/82e972e8ffc00333ae412bc40b33eb2f/5B7D2F13/t51.2885-19/s150x150/28435309_210657816347515_3660955936140296192_n.jpg",
        "username": "yong_refresh"
      }
    }
  },
  {
    "post_id": "insta_17855902159259870",
    "comment_text": 1527091986,
    "comment_date": "#에어맥스97#이미테이션#레플리카#발렌시아가#명품#명품신발#명품시계#명품가방#운동화#명품운동화#골든구스#몽블랑#구찌#샤넬#발렌티노#맥퀸#프라다#강남#신사#이태원#홍대#f4f#선팔#맞팔#팔로우#좋아요",
    "metadata": {
      "id": "17855902159259870",
      "text": "#에어맥스97#이미테이션#레플리카#발렌시아가#명품#명품신발#명품시계#명품가방#운동화#명품운동화#골든구스#몽블랑#구찌#샤넬#발렌티노#맥퀸#프라다#강남#신사#이태원#홍대#f4f#선팔#맞팔#팔로우#좋아요",
      "created_at": 1527091986,
      "owner": {
        "id": "7805289278",
        "profile_pic_url": "https://scontent-icn1-1.cdninstagram.com/vp/f69abdcbfcad2645cb6a13ce6d71dde5/5B86611E/t51.2885-19/s150x150/32141629_1910806432317515_5951907683853402112_n.jpg",
        "username": "aggie_market"
      }
    }
  },
  {
    "post_id": "insta_17932619191114257",
    "comment_text": 1527101540,
    "comment_date": "안녕하세요 명품정직구입니다 한번구경오세요~",
    "metadata": {
      "id": "17932619191114257",
      "text": "안녕하세요 명품정직구입니다 한번구경오세요~",
      "created_at": 1527101540,
      "owner": {
        "id": "6776494051",
        "profile_pic_url": "https://scontent-icn1-1.cdninstagram.com/vp/8fdac5f8b146357ad553a965d8486cc2/5BC274C8/t51.2885-19/s150x150/30830498_2024127551182634_2045951145108570112_n.jpg",
        "username": "jung.g9"
      }
    }
  },
  {
    "post_id": "insta_17933091793112343",
    "comment_text": 1527090568,
    "comment_date": "맞팔해영 ㅎㅎ",
    "metadata": {
      "id": "17933091793112343",
      "text": "맞팔해영 ㅎㅎ",
      "created_at": 1527090568,
      "owner": {
        "id": "3160789063",
        "profile_pic_url": "https://scontent-icn1-1.cdninstagram.com/vp/66c01b008d323a9f5e1340ad32258c01/5B812292/t51.2885-19/s150x150/30085286_213096989447921_8271092961727479808_n.jpg",
        "username": "icherishs"
      }
    }
  },
  {
    "post_id": "insta_17869953031245949",
    "comment_text": 1527090889,
    "comment_date": "좋반이요!",
    "metadata": {
      "id": "17869953031245949",
      "text": "좋반이요!",
      "created_at": 1527090889,
      "owner": {
        "id": "3994593916",
        "profile_pic_url": "https://scontent-icn1-1.cdninstagram.com/vp/fe68c82646d9c21c1999b3750957678a/5B8D80B8/t51.2885-19/s150x150/30957291_161147704552595_8705829590083305472_n.jpg",
        "username": "h0o__v"
      }
    }
  },
  {
    "post_id": "insta_17887581364203913",
    "comment_text": 1527093010,
    "comment_date": "#젠틀몬스터 #gentlemonster #minimallook #데일리룩  #minimalfashion #인친 #instafriends #dailylook #데일리코디 #dailycody #좋아요반사 #미니멀패션 #좋반  #미니멀룩 #고샤 #gosha #고샤루브친스키 #gosharubchinskiy #airmax97 #에어맥스97  #선팔 #맞팔 #instamood #smile #lfl #likeme #l4l #instagood #followme",
    "metadata": {
      "id": "17887581364203913",
      "text": "#젠틀몬스터 #gentlemonster #minimallook #데일리룩  #minimalfashion #인친 #instafriends #dailylook #데일리코디 #dailycody #좋아요반사 #미니멀패션 #좋반  #미니멀룩 #고샤 #gosha #고샤루브친스키 #gosharubchinskiy #airmax97 #에어맥스97  #선팔 #맞팔 #instamood #smile #lfl #likeme #l4l #instagood #followme",
      "created_at": 1527093010,
      "owner": {
        "id": "4158390945",
        "profile_pic_url": "https://scontent-icn1-1.cdninstagram.com/vp/4dd6796866bbe8249d7e8119c4b60418/5BBF0CE3/t51.2885-19/s150x150/32145871_127320444805792_3898951520099500032_n.jpg",
        "username": "minsta0518"
      }
    }
  },
  {
    "post_id": "insta_17921564659134790",
    "comment_text": 1527093849,
    "comment_date": "ㅎ",
    "metadata": {
      "id": "17921564659134790",
      "text": "ㅎ",
      "created_at": 1527093849,
      "owner": {
        "id": "7749443086",
        "profile_pic_url": "https://scontent-icn1-1.cdninstagram.com/vp/9893811a98ad948606a39ac2912fffd7/5B7CF2D9/t51.2885-19/s150x150/32070096_1264903493613039_3141812875316690944_n.jpg",
        "username": "306_adjfd"
      }
    }
  },
  {
    "post_id": "insta_17939169436074734",
    "comment_text": 1527090828,
    "comment_date": "Lfl",
    "metadata": {
      "id": "17939169436074734",
      "text": "Lfl",
      "created_at": 1527090828,
      "owner": {
        "id": "4230147487",
        "profile_pic_url": "https://scontent-icn1-1.cdninstagram.com/vp/f394d8431d8f5c2b0bb5f1ff3ee78fec/5BBF88CE/t51.2885-19/s150x150/31278515_170403050340666_3806092364359925760_n.jpg",
        "username": "ini_risko21"
      }
    }
  },
  {
    "post_id": "insta_17885298658216163",
    "comment_text": 1527092987,
    "comment_date": "#오오티디 #아웃핏 #minimallook #데일리룩  #minimalfashion #인친 #instafriends #카카오프렌즈 #데일리코디 #kakaofriends #좋아요반사 #미니멀패션 #좋반  #미니멀룩 #고샤 #gosha #고샤루브친스키 #gosharubchinskiy #airmax97 #에어맥스97  #선팔 #맞팔 #instamood #smile #lfl #likeme #l4l #instagood #followme",
    "metadata": {
      "id": "17885298658216163",
      "text": "#오오티디 #아웃핏 #minimallook #데일리룩  #minimalfashion #인친 #instafriends #카카오프렌즈 #데일리코디 #kakaofriends #좋아요반사 #미니멀패션 #좋반  #미니멀룩 #고샤 #gosha #고샤루브친스키 #gosharubchinskiy #airmax97 #에어맥스97  #선팔 #맞팔 #instamood #smile #lfl #likeme #l4l #instagood #followme",
      "created_at": 1527092987,
      "owner": {
        "id": "4158390945",
        "profile_pic_url": "https://scontent-icn1-1.cdninstagram.com/vp/4dd6796866bbe8249d7e8119c4b60418/5BBF0CE3/t51.2885-19/s150x150/32145871_127320444805792_3898951520099500032_n.jpg",
        "username": "minsta0518"
      }
    }
  },
  {
    "post_id": "insta_17922992143136029",
    "comment_text": 1527093850,
    "comment_date": "같이^^",
    "metadata": {
      "id": "17922992143136029",
      "text": "같이^^",
      "created_at": 1527093850,
      "owner": {
        "id": "7752034886",
        "profile_pic_url": "https://instagram.fmex2-1.fna.fbcdn.net/vp/a9a88da61a445ed4ec1e2fc5eaf66d3b/5B94597A/t51.2885-19/11906329_960233084022564_1448528159_a.jpg?_nc_eui2=AeGAL6VG-r_dOzE5VT39gz5KrPWoIPHfyrA6brhPb5gkOpCJR6mZmSmlhyW6Z2Pmn8WBMJ2xrfcR6L857EmF720tPQmmemBiSK-as6MvIfPAevadrbay0jVhO9zIeDxnr_0",
        "username": "ctlfbr234"
      }
    }
  },
  {
    "post_id": "insta_17945969854040685",
    "comment_text": 1527090608,
    "comment_date": "👍",
    "metadata": {
      "id": "17945969854040685",
      "text": "👍",
      "created_at": 1527090608,
      "owner": {
        "id": "1563722687",
        "profile_pic_url": "https://scontent-icn1-1.cdninstagram.com/vp/e8e875735621529c48bc831816f364d2/5B82117A/t51.2885-19/s150x150/30995611_1934799509923447_8025028448479084544_n.jpg",
        "username": "gwangju0o0"
      }
    }
  },
  {
    "post_id": "insta_17921749624185579",
    "comment_text": 1527091003,
    "comment_date": "💋",
    "metadata": {
      "id": "17921749624185579",
      "text": "💋",
      "created_at": 1527091003,
      "owner": {
        "id": "2317182317",
        "profile_pic_url": "https://scontent-icn1-1.cdninstagram.com/vp/0729bce3a21dd5d83fbbb7d57c4ba24c/5BC220CB/t51.2885-19/s150x150/32656509_211885316269779_240199426168061952_n.jpg",
        "username": "nine_947"
      }
    }
  },
  {
    "post_id": "insta_17931515818122716",
    "comment_text": 1527091186,
    "comment_date": "@nine_947 💟",
    "metadata": {
      "id": "17931515818122716",
      "text": "@nine_947 💟",
      "created_at": 1527091186,
      "owner": {
        "id": "4158390945",
        "profile_pic_url": "https://scontent-icn1-1.cdninstagram.com/vp/4dd6796866bbe8249d7e8119c4b60418/5BBF0CE3/t51.2885-19/s150x150/32145871_127320444805792_3898951520099500032_n.jpg",
        "username": "minsta0518"
      }
    }
  },
  {
    "post_id": "insta_17938706662074953",
    "comment_text": 1527091193,
    "comment_date": "헤어모델구하고있어요 💛 DM주세요",
    "metadata": {
      "id": "17938706662074953",
      "text": "헤어모델구하고있어요 💛 DM주세요",
      "created_at": 1527091193,
      "owner": {
        "id": "5785990460",
        "profile_pic_url": "https://scontent-icn1-1.cdninstagram.com/vp/a6aed5a80dd1445a0861dad4ddfc042d/5BBF2D08/t51.2885-19/s150x150/30076706_194949441297647_7533019487793053696_n.jpg",
        "username": "jo.iiyy"
      }
    }
  },
  {
    "post_id": "insta_17947795135014192",
    "comment_text": 1527091348,
    "comment_date": "👍🏻(Please like the last picture)",
    "metadata": {
      "id": "17947795135014192",
      "text": "👍🏻(Please like the last picture)",
      "created_at": 1527091348,
      "owner": {
        "id": "1562771306",
        "profile_pic_url": "https://scontent-icn1-1.cdninstagram.com/vp/5b1f832db863d9e07740e15cacbaa88f/5BA333D4/t51.2885-19/s150x150/31156946_1688231031254157_5404576688241639424_n.jpg",
        "username": "elgizqedir"
      }
    }
  },
  {
    "post_id": "insta_17947571074010580",
    "comment_text": 1527092910,
    "comment_date": "#오오티디 #아웃핏 #minimallook #데일리룩  #minimalfashion #인친 #instafriends #dailylook #데일리코디 #dailycody #좋아요반사 #미니멀패션 #좋반  #미니멀룩 #고샤 #gosha #고샤루브친스키 #gosharubchinskiy #airmax97 #에어맥스97  #선팔 #맞팔 #instamood #smile #lfl #likeme #l4l #instagood #followme",
    "metadata": {
      "id": "17947571074010580",
      "text": "#오오티디 #아웃핏 #minimallook #데일리룩  #minimalfashion #인친 #instafriends #dailylook #데일리코디 #dailycody #좋아요반사 #미니멀패션 #좋반  #미니멀룩 #고샤 #gosha #고샤루브친스키 #gosharubchinskiy #airmax97 #에어맥스97  #선팔 #맞팔 #instamood #smile #lfl #likeme #l4l #instagood #followme",
      "created_at": 1527092910,
      "owner": {
        "id": "4158390945",
        "profile_pic_url": "https://scontent-icn1-1.cdninstagram.com/vp/4dd6796866bbe8249d7e8119c4b60418/5BBF0CE3/t51.2885-19/s150x150/32145871_127320444805792_3898951520099500032_n.jpg",
        "username": "minsta0518"
      }
    }
  },
  {
    "post_id": "insta_17946823852059745",
    "comment_text": 1527093206,
    "comment_date": "Like back please",
    "metadata": {
      "id": "17946823852059745",
      "text": "Like back please",
      "created_at": 1527093206,
      "owner": {
        "id": "1447942823",
        "profile_pic_url": "https://scontent-icn1-1.cdninstagram.com/vp/2f1747ea9afe9315a337c96ec6820d44/5BA1F866/t51.2885-19/s150x150/32308017_1763992660333893_6569019395375366144_n.jpg",
        "username": "maren.blejeru"
      }
    }
  },
  {
    "post_id": "insta_17946548170004542",
    "comment_text": 1527100951,
    "comment_date": "이뿌네",
    "metadata": {
      "id": "17946548170004542",
      "text": "이뿌네",
      "created_at": 1527100951,
      "owner": {
        "id": "551973066",
        "profile_pic_url": "https://scontent-icn1-1.cdninstagram.com/vp/8ad14571dcda5a3dd3c44ae0f39e9553/5B847047/t51.2885-19/s150x150/26868713_181576039112525_8611230590336761856_n.jpg",
        "username": "babyjsr"
      }
    }
  },
  {
    "post_id": "insta_17885634388219565",
    "comment_text": 1527118308,
    "comment_date": "😍😍😍😍😍😍😍😍😍",
    "metadata": {
      "id": "17885634388219565",
      "text": "😍😍😍😍😍😍😍😍😍",
      "created_at": 1527118308,
      "owner": {
        "id": "1439025225",
        "profile_pic_url": "https://scontent-icn1-1.cdninstagram.com/vp/760999eacbf50a372fe5576da86c62db/5B9F259A/t51.2885-19/s150x150/14287990_1829072347330223_1002066313_a.jpg",
        "username": "iu_joo"
      }
    }
  },
  {
    "post_id": "insta_17914149451174078",
    "comment_text": 1527118593,
    "comment_date": "드뎌왔군 😆",
    "metadata": {
      "id": "17914149451174078",
      "text": "드뎌왔군 😆",
      "created_at": 1527118593,
      "owner": {
        "id": "1525069539",
        "profile_pic_url": "https://scontent-icn1-1.cdninstagram.com/vp/f5aa352f69755a7b66e865f0387780d5/5B81A964/t51.2885-19/s150x150/20635194_1925449457668557_5511636509100343296_a.jpg",
        "username": "sj_lee8712"
      }
    }
  },
  {
    "post_id": "insta_17921351491190048",
    "comment_text": 1527088316,
    "comment_date": "#nike #airmax #맥스97 #에어맥스97 #에어맥스97핑크 #ootd",
    "metadata": {
      "id": "17921351491190048",
      "text": "#nike #airmax #맥스97 #에어맥스97 #에어맥스97핑크 #ootd",
      "created_at": 1527088316,
      "owner": {
        "id": "1714408980",
        "profile_pic_url": "https://scontent-icn1-1.cdninstagram.com/vp/785047b74fe4f36507e90423b9437924/5BA31BFD/t51.2885-19/s150x150/31556587_217836655690731_4077165711963717632_n.jpg",
        "username": "_ssoeun__"
      }
    }
  },
  {
    "post_id": "insta_17933475904113906",
    "comment_text": 1527102044,
    "comment_date": "선팔합니다 맞팔 부탁드려요^^",
    "metadata": {
      "id": "17933475904113906",
      "text": "선팔합니다 맞팔 부탁드려요^^",
      "created_at": 1527102044,
      "owner": {
        "id": "6776494051",
        "profile_pic_url": "https://scontent-icn1-1.cdninstagram.com/vp/8fdac5f8b146357ad553a965d8486cc2/5BC274C8/t51.2885-19/s150x150/30830498_2024127551182634_2045951145108570112_n.jpg",
        "username": "jung.g9"
      }
    }
  },
  {
    "post_id": "insta_17946963751039709",
    "comment_text": 1527115335,
    "comment_date": "이걸 구하다니,,",
    "metadata": {
      "id": "17946963751039709",
      "text": "이걸 구하다니,,",
      "created_at": 1527115335,
      "owner": {
        "id": "1747533541",
        "profile_pic_url": "https://scontent-icn1-1.cdninstagram.com/vp/40595bc4e8b4c1011edcc75dd772195d/5B93D1EB/t51.2885-19/s150x150/31669434_428704684221135_3507696496403283968_n.jpg",
        "username": "oni6_8"
      }
    }
  },
  {
    "post_id": "insta_17858031451255255",
    "comment_text": 1527121908,
    "comment_date": "헐삥꾸ㅠㅠ예뻐",
    "metadata": {
      "id": "17858031451255255",
      "text": "헐삥꾸ㅠㅠ예뻐",
      "created_at": 1527121908,
      "owner": {
        "id": "5819849966",
        "profile_pic_url": "https://scontent-icn1-1.cdninstagram.com/vp/bf790baa3e27db54efd393fccbc48905/5B953E32/t51.2885-19/s150x150/31463343_378779359194585_5479814426389381120_n.jpg",
        "username": "1234ou"
      }
    }
  },
  {
    "post_id": "insta_17886120631211278",
    "comment_text": 1527126043,
    "comment_date": "존예당...",
    "metadata": {
      "id": "17886120631211278",
      "text": "존예당...",
      "created_at": 1527126043,
      "owner": {
        "id": "4314212839",
        "profile_pic_url": "https://scontent-icn1-1.cdninstagram.com/vp/0a3c69dc3702af5e2ad4fc5ccb7a351e/5B83DC1B/t51.2885-19/s150x150/31076343_1844835985810032_4137633014630842368_n.jpg",
        "username": "w0n_hye"
      }
    }
  },
  {
    "post_id": "insta_17947012114056791",
    "comment_text": 1527088607,
    "comment_date": "와 .. 정영누님이 선물하셨나 ..?",
    "metadata": {
      "id": "17947012114056791",
      "text": "와 .. 정영누님이 선물하셨나 ..?",
      "created_at": 1527088607,
      "owner": {
        "id": "1728565820",
        "profile_pic_url": "https://scontent-atl3-1.cdninstagram.com/vp/856b9478629f7c2f4ae549c4c8cc5dd7/5B94597A/t51.2885-19/11906329_960233084022564_1448528159_a.jpg",
        "username": "m_yeon_kk"
      }
    }
  },
  {
    "post_id": "insta_17885597893216968",
    "comment_text": 1527088644,
    "comment_date": "@m_yeon_kk 웅 가지고싶다고했는데..",
    "metadata": {
      "id": "17885597893216968",
      "text": "@m_yeon_kk 웅 가지고싶다고했는데..",
      "created_at": 1527088644,
      "owner": {
        "id": "5394022556",
        "profile_pic_url": "https://scontent-icn1-1.cdninstagram.com/vp/198e329ecda44abaa9e842735b3389db/5BC505C4/t51.2885-19/s150x150/32694477_2081177798824920_4366414884422811648_n.jpg",
        "username": "d____bal"
      }
    }
  },
  {
    "post_id": "insta_17927875453087301",
    "comment_text": 1527087239,
    "comment_date": "#나이키 #나이키에어맥스 #에어맥스97 #에어맥스95 #맥스 #일본 #구매대행 #nike #ootd #패션스타그램 #도쿄 #shibuya #최저가",
    "metadata": {
      "id": "17927875453087301",
      "text": "#나이키 #나이키에어맥스 #에어맥스97 #에어맥스95 #맥스 #일본 #구매대행 #nike #ootd #패션스타그램 #도쿄 #shibuya #최저가",
      "created_at": 1527087239,
      "owner": {
        "id": "1639880141",
        "profile_pic_url": "https://scontent-icn1-1.cdninstagram.com/vp/3bfd309987658161382b58135e3600f3/5B8820E4/t51.2885-19/s150x150/22351717_285632471950165_2226471249079435264_n.jpg",
        "username": "kiwoong_c"
      }
    }
  },
  {
    "post_id": "insta_17928211927082108",
    "comment_text": 1527088433,
    "comment_date": "우오나도신발삿는데 이쁘네",
    "metadata": {
      "id": "17928211927082108",
      "text": "우오나도신발삿는데 이쁘네",
      "created_at": 1527088433,
      "owner": {
        "id": "1648349331",
        "profile_pic_url": "https://scontent-icn1-1.cdninstagram.com/vp/24906d97a1a4314ee1dddb40707e3f02/5BC33527/t51.2885-19/s150x150/11934873_996535103747207_428942626_a.jpg",
        "username": "physique_insung"
      }
    }
  },
  {
    "post_id": "insta_17918552302182436",
    "comment_text": 1527089843,
    "comment_date": "베이퍼맥스는 어떤기분이신가요 🤔",
    "metadata": {
      "id": "17918552302182436",
      "text": "베이퍼맥스는 어떤기분이신가요 🤔",
      "created_at": 1527089843,
      "owner": {
        "id": "7046424892",
        "profile_pic_url": "https://scontent-icn1-1.cdninstagram.com/vp/5acaa8c41b65bda0cf5ad37c8e01fb98/5B8DE3E4/t51.2885-19/s150x150/32121698_209849282952620_2480660002205859840_n.jpg",
        "username": "shes_y_xx"
      }
    }
  },
  {
    "post_id": "insta_17947589929062024",
    "comment_text": 1527090995,
    "comment_date": "@shes_y_xx 베이퍼맥스가 확실히 발이 더 편하네요 ..ㅋㅋ 97og는 뭔가 너무 딱딱해요 ㅋㅋ",
    "metadata": {
      "id": "17947589929062024",
      "text": "@shes_y_xx 베이퍼맥스가 확실히 발이 더 편하네요 ..ㅋㅋ 97og는 뭔가 너무 딱딱해요 ㅋㅋ",
      "created_at": 1527090995,
      "owner": {
        "id": "6082296112",
        "profile_pic_url": "https://scontent-icn1-1.cdninstagram.com/vp/33414785e5eabcce0b8c900b8c7923a9/5B806258/t51.2885-19/s150x150/29716093_195794441027046_3616710965468332032_n.jpg",
        "username": "m.c_1002"
      }
    }
  },
  {
    "post_id": "insta_17933849692113165",
    "comment_text": 1527086125,
    "comment_date": "질렀고만ㅋㅋㅋㅋㅋ",
    "metadata": {
      "id": "17933849692113165",
      "text": "질렀고만ㅋㅋㅋㅋㅋ",
      "created_at": 1527086125,
      "owner": {
        "id": "1704174944",
        "profile_pic_url": "https://scontent-icn1-1.cdninstagram.com/vp/cb936026fd07547200143610bb44de82/5BA192D1/t51.2885-19/s150x150/25013073_174881693108313_4289746789021515776_n.jpg",
        "username": "minu___194"
      }
    }
  },
  {
    "post_id": "insta_17889253288202647",
    "comment_text": 1527086162,
    "comment_date": "@minu___194 친구가 일본에서 사다줬어ㅋㅋㅋㅋ",
    "metadata": {
      "id": "17889253288202647",
      "text": "@minu___194 친구가 일본에서 사다줬어ㅋㅋㅋㅋ",
      "created_at": 1527086162,
      "owner": {
        "id": "1759751850",
        "profile_pic_url": "https://scontent-icn1-1.cdninstagram.com/vp/91801d1bc4c14f469cdae7325dcf02b0/5B7E11C8/t51.2885-19/s150x150/18251942_289202468189507_7840324973347471360_a.jpg",
        "username": "passion.choi"
      }
    }
  },
  {
    "post_id": "insta_17885934832219158",
    "comment_text": 1527086533,
    "comment_date": "와 또 샀어...?",
    "metadata": {
      "id": "17885934832219158",
      "text": "와 또 샀어...?",
      "created_at": 1527086533,
      "owner": {
        "id": "1439887829",
        "profile_pic_url": "https://scontent-icn1-1.cdninstagram.com/vp/9c2c65910bc3e664c00d6a8c26ee8e58/5B947778/t51.2885-19/s150x150/23416544_165413374052897_7831712361328148480_n.jpg",
        "username": "bbbangji2"
      }
    }
  },
  {
    "post_id": "insta_17847680323264527",
    "comment_text": 1527086631,
    "comment_date": "헐헐...개곱다...미쳤따",
    "metadata": {
      "id": "17847680323264527",
      "text": "헐헐...개곱다...미쳤따",
      "created_at": 1527086631,
      "owner": {
        "id": "2225078524",
        "profile_pic_url": "https://scontent-icn1-1.cdninstagram.com/vp/ac7392b497b9880393fa095e0ffccc1b/5B88B192/t51.2885-19/s150x150/26157992_375620719529973_8680320873074262016_n.jpg",
        "username": "d._.sseok"
      }
    }
  },
  {
    "post_id": "insta_17927767450088530",
    "comment_text": 1527086773,
    "comment_date": "와ㅋㅋㅋ개이뻐 사이즈몇!???",
    "metadata": {
      "id": "17927767450088530",
      "text": "와ㅋㅋㅋ개이뻐 사이즈몇!???",
      "created_at": 1527086773,
      "owner": {
        "id": "3650483714",
        "profile_pic_url": "https://scontent-icn1-1.cdninstagram.com/vp/0dfa1a01ac5497d9cb0763266da89fef/5B9E9DB4/t51.2885-19/s150x150/30829668_1245533538882301_4291312149982085120_n.jpg",
        "username": "go.sangceol"
      }
    }
  },
  {
    "post_id": "insta_17916583153160110",
    "comment_text": 1527087472,
    "comment_date": "@bbbangji2 웅웅 친구가 일본에서 사다줬오ㅎㅎ",
    "metadata": {
      "id": "17916583153160110",
      "text": "@bbbangji2 웅웅 친구가 일본에서 사다줬오ㅎㅎ",
      "created_at": 1527087472,
      "owner": {
        "id": "1759751850",
        "profile_pic_url": "https://scontent-icn1-1.cdninstagram.com/vp/91801d1bc4c14f469cdae7325dcf02b0/5B7E11C8/t51.2885-19/s150x150/18251942_289202468189507_7840324973347471360_a.jpg",
        "username": "passion.choi"
      }
    }
  },
  {
    "post_id": "insta_17931673204123851",
    "comment_text": 1527087533,
    "comment_date": "@d._.sseok 요즘 맥스에 꽂혔다ㅠㅠㅋㅋ",
    "metadata": {
      "id": "17931673204123851",
      "text": "@d._.sseok 요즘 맥스에 꽂혔다ㅠㅠㅋㅋ",
      "created_at": 1527087533,
      "owner": {
        "id": "1759751850",
        "profile_pic_url": "https://scontent-icn1-1.cdninstagram.com/vp/91801d1bc4c14f469cdae7325dcf02b0/5B7E11C8/t51.2885-19/s150x150/18251942_289202468189507_7840324973347471360_a.jpg",
        "username": "passion.choi"
      }
    }
  },
  {
    "post_id": "insta_17927767219085675",
    "comment_text": 1527087549,
    "comment_date": "@go.sangceol 255에요ㅎㅎ 조금 큰데 그냥 신을라구요ㅎㅎ",
    "metadata": {
      "id": "17927767219085675",
      "text": "@go.sangceol 255에요ㅎㅎ 조금 큰데 그냥 신을라구요ㅎㅎ",
      "created_at": 1527087549,
      "owner": {
        "id": "1759751850",
        "profile_pic_url": "https://scontent-icn1-1.cdninstagram.com/vp/91801d1bc4c14f469cdae7325dcf02b0/5B7E11C8/t51.2885-19/s150x150/18251942_289202468189507_7840324973347471360_a.jpg",
        "username": "passion.choi"
      }
    }
  },
  {
    "post_id": "insta_17930399944121024",
    "comment_text": 1527090755,
    "comment_date": "97에 빠졌군...",
    "metadata": {
      "id": "17930399944121024",
      "text": "97에 빠졌군...",
      "created_at": 1527090755,
      "owner": {
        "id": "1349578943",
        "profile_pic_url": "https://scontent-icn1-1.cdninstagram.com/vp/a44a210c36d3a849d1a80d06fff4c5e0/5BC0737C/t51.2885-19/s150x150/17817828_267517437051556_5758993489677254656_a.jpg",
        "username": "just_x_more"
      }
    }
  },
  {
    "post_id": "insta_17933541481129422",
    "comment_text": 1527090916,
    "comment_date": "개이쁘네..",
    "metadata": {
      "id": "17933541481129422",
      "text": "개이쁘네..",
      "created_at": 1527090916,
      "owner": {
        "id": "2040286117",
        "profile_pic_url": "https://scontent-icn1-1.cdninstagram.com/vp/5e2610d2c741a1153e32c81fb8ac0da5/5BC4BF61/t51.2885-19/s150x150/31556693_2174470109443297_2099068856789106688_n.jpg",
        "username": "ryu_jaehoney"
      }
    }
  },
  {
    "post_id": "insta_17858096323255006",
    "comment_text": 1527124118,
    "comment_date": "@just_x_more 풍덩...ㅎㅎ",
    "metadata": {
      "id": "17858096323255006",
      "text": "@just_x_more 풍덩...ㅎㅎ",
      "created_at": 1527124118,
      "owner": {
        "id": "1759751850",
        "profile_pic_url": "https://scontent-icn1-1.cdninstagram.com/vp/91801d1bc4c14f469cdae7325dcf02b0/5B7E11C8/t51.2885-19/s150x150/18251942_289202468189507_7840324973347471360_a.jpg",
        "username": "passion.choi"
      }
    }
  },
  {
    "post_id": "insta_17947189603004768",
    "comment_text": 1527124152,
    "comment_date": "@ryu_jaehoney 재헌이 대횟날 신고가야징ㅎㅎ",
    "metadata": {
      "id": "17947189603004768",
      "text": "@ryu_jaehoney 재헌이 대횟날 신고가야징ㅎㅎ",
      "created_at": 1527124152,
      "owner": {
        "id": "1759751850",
        "profile_pic_url": "https://scontent-icn1-1.cdninstagram.com/vp/91801d1bc4c14f469cdae7325dcf02b0/5B7E11C8/t51.2885-19/s150x150/18251942_289202468189507_7840324973347471360_a.jpg",
        "username": "passion.choi"
      }
    }
  },
  {
    "post_id": "insta_17914447138169056",
    "comment_text": 1527084386,
    "comment_date": "헐 존예인데 왜 벼룩행입니꽈 ㅜㅜ 사이즈가 작아서 아쉽네예",
    "metadata": {
      "id": "17914447138169056",
      "text": "헐 존예인데 왜 벼룩행입니꽈 ㅜㅜ 사이즈가 작아서 아쉽네예",
      "created_at": 1527084386,
      "owner": {
        "id": "1436832",
        "profile_pic_url": "https://scontent-icn1-1.cdninstagram.com/vp/429d2fa3485d3c4fbc09d436cfedcc9a/5B8950FE/t51.2885-19/s150x150/31908281_380303569138528_8125496632704761856_n.jpg",
        "username": "maison_tomo"
      }
    }
  },
  {
    "post_id": "insta_17873067094243067",
    "comment_text": 1527084450,
    "comment_date": "저는 요즘 이거 베어리로즈에 꽂혀가꾸선 드릉드릉하는데 왜때문에 신랑형이 맥스97 발 불편하다고 뺀찌를 놓는것입니까!!!",
    "metadata": {
      "id": "17873067094243067",
      "text": "저는 요즘 이거 베어리로즈에 꽂혀가꾸선 드릉드릉하는데 왜때문에 신랑형이 맥스97 발 불편하다고 뺀찌를 놓는것입니까!!!",
      "created_at": 1527084450,
      "owner": {
        "id": "1436832",
        "profile_pic_url": "https://scontent-icn1-1.cdninstagram.com/vp/429d2fa3485d3c4fbc09d436cfedcc9a/5B8950FE/t51.2885-19/s150x150/31908281_380303569138528_8125496632704761856_n.jpg",
        "username": "maison_tomo"
      }
    }
  },
  {
    "post_id": "insta_17938782364077976",
    "comment_text": 1527084473,
    "comment_date": "@maison_tomo 사이즈 업해서 샀더니 남편이 자꾸 커보인다구해서 ㅠㅜㅜ 매니 커보입니까 ㅜㅜ",
    "metadata": {
      "id": "17938782364077976",
      "text": "@maison_tomo 사이즈 업해서 샀더니 남편이 자꾸 커보인다구해서 ㅠㅜㅜ 매니 커보입니까 ㅜㅜ",
      "created_at": 1527084473,
      "owner": {
        "id": "1935882172",
        "profile_pic_url": "https://scontent-icn1-1.cdninstagram.com/vp/40d6ee9a3184af0f2dd4124431941b7e/5B910725/t51.2885-19/s150x150/28429651_567439676948870_6894345721890209792_n.jpg",
        "username": "2ssem_"
      }
    }
  },
  {
    "post_id": "insta_17920937812184559",
    "comment_text": 1527084524,
    "comment_date": "@maison_tomo 저도 그거 입고알림 했는데 낮에 알림왔었어요 !  근데 한시간 늦게봤다고 놓쳤네.... ㅠ",
    "metadata": {
      "id": "17920937812184559",
      "text": "@maison_tomo 저도 그거 입고알림 했는데 낮에 알림왔었어요 !  근데 한시간 늦게봤다고 놓쳤네.... ㅠ",
      "created_at": 1527084524,
      "owner": {
        "id": "1935882172",
        "profile_pic_url": "https://scontent-icn1-1.cdninstagram.com/vp/40d6ee9a3184af0f2dd4124431941b7e/5B910725/t51.2885-19/s150x150/28429651_567439676948870_6894345721890209792_n.jpg",
        "username": "2ssem_"
      }
    }
  },
  {
    "post_id": "insta_17931058336121964",
    "comment_text": 1527084525,
    "comment_date": "@2ssem_ 240이 커보일 발 사이즈가 아닐텐데요?.........",
    "metadata": {
      "id": "17931058336121964",
      "text": "@2ssem_ 240이 커보일 발 사이즈가 아닐텐데요?.........",
      "created_at": 1527084525,
      "owner": {
        "id": "1436832",
        "profile_pic_url": "https://scontent-icn1-1.cdninstagram.com/vp/429d2fa3485d3c4fbc09d436cfedcc9a/5B8950FE/t51.2885-19/s150x150/31908281_380303569138528_8125496632704761856_n.jpg",
        "username": "maison_tomo"
      }
    }
  },
  {
    "post_id": "insta_17886243265209842",
    "comment_text": 1527084537,
    "comment_date": "@2ssem_ 255울고갑니다",
    "metadata": {
      "id": "17886243265209842",
      "text": "@2ssem_ 255울고갑니다",
      "created_at": 1527084537,
      "owner": {
        "id": "1436832",
        "profile_pic_url": "https://scontent-icn1-1.cdninstagram.com/vp/429d2fa3485d3c4fbc09d436cfedcc9a/5B8950FE/t51.2885-19/s150x150/31908281_380303569138528_8125496632704761856_n.jpg",
        "username": "maison_tomo"
      }
    }
  },
  {
    "post_id": "insta_17918030518166006",
    "comment_text": 1527084563,
    "comment_date": "@maison_tomo ㅠㅠ 자꾸 커보인다구 그러니까 소심해지네여... ㅎ",
    "metadata": {
      "id": "17918030518166006",
      "text": "@maison_tomo ㅠㅠ 자꾸 커보인다구 그러니까 소심해지네여... ㅎ",
      "created_at": 1527084563,
      "owner": {
        "id": "1935882172",
        "profile_pic_url": "https://scontent-icn1-1.cdninstagram.com/vp/40d6ee9a3184af0f2dd4124431941b7e/5B910725/t51.2885-19/s150x150/28429651_567439676948870_6894345721890209792_n.jpg",
        "username": "2ssem_"
      }
    }
  },
  {
    "post_id": "insta_17858389303247894",
    "comment_text": 1527084712,
    "comment_date": "@2ssem_ 어휴... 그 키에 신발 240 신는다고 커보이지 않아요. 오히려 밸런스 좋아보일거같은데 남편햏의 의견은 소중하니까......",
    "metadata": {
      "id": "17858389303247894",
      "text": "@2ssem_ 어휴... 그 키에 신발 240 신는다고 커보이지 않아요. 오히려 밸런스 좋아보일거같은데 남편햏의 의견은 소중하니까......",
      "created_at": 1527084712,
      "owner": {
        "id": "1436832",
        "profile_pic_url": "https://scontent-icn1-1.cdninstagram.com/vp/429d2fa3485d3c4fbc09d436cfedcc9a/5B8950FE/t51.2885-19/s150x150/31908281_380303569138528_8125496632704761856_n.jpg",
        "username": "maison_tomo"
      }
    }
  },
  {
    "post_id": "insta_17947255414013215",
    "comment_text": 1527084873,
    "comment_date": "실제로 사이즈가 큰 게 아니고 커 보이는거면 그냥 킵하세요 제발요..이 조녜를....",
    "metadata": {
      "id": "17947255414013215",
      "text": "실제로 사이즈가 큰 게 아니고 커 보이는거면 그냥 킵하세요 제발요..이 조녜를....",
      "created_at": 1527084873,
      "owner": {
        "id": "4717161914",
        "profile_pic_url": "https://scontent-icn1-1.cdninstagram.com/vp/db9754ff33035e1bae6e2832bb58d7c5/5B95760A/t51.2885-19/s150x150/26158508_176157762983260_251426221571702784_n.jpg",
        "username": "___vakker"
      }
    }
  },
  {
    "post_id": "insta_17945604769007707",
    "comment_text": 1527085140,
    "comment_date": "직구 스탑하라는 신의 계시^^...",
    "metadata": {
      "id": "17945604769007707",
      "text": "직구 스탑하라는 신의 계시^^...",
      "created_at": 1527085140,
      "owner": {
        "id": "933645809",
        "profile_pic_url": "https://scontent-icn1-1.cdninstagram.com/vp/bac97123171e7a52951d10c43fb6307e/5B91C30A/t51.2885-19/s150x150/26070943_187604815317410_6538307003364671488_n.jpg",
        "username": "saewoo92"
      }
    }
  },
  {
    "post_id": "insta_17939385202073746",
    "comment_text": 1527085732,
    "comment_date": "저 왜 발 240 아니죠....",
    "metadata": {
      "id": "17939385202073746",
      "text": "저 왜 발 240 아니죠....",
      "created_at": 1527085732,
      "owner": {
        "id": "586032003",
        "profile_pic_url": "https://scontent-icn1-1.cdninstagram.com/vp/013255431920ce7f28de5d1892536abc/5BA239C6/t51.2885-19/s150x150/32025778_456298258132400_2638273550938537984_n.jpg",
        "username": "__r_j__"
      }
    }
  },
  {
    "post_id": "insta_17941480231070849",
    "comment_text": 1527089867,
    "comment_date": "딱 내 사이즈인데 핑크가 아니네옄ㅋㅋㅋㅋㅋㅋㅋ",
    "metadata": {
      "id": "17941480231070849",
      "text": "딱 내 사이즈인데 핑크가 아니네옄ㅋㅋㅋㅋㅋㅋㅋ",
      "created_at": 1527089867,
      "owner": {
        "id": "483259378",
        "profile_pic_url": "https://scontent-icn1-1.cdninstagram.com/vp/1acce6073d8e237790eb130549173257/5B8B58FD/t51.2885-19/s150x150/31016790_1128523120657048_4988428364810289152_n.jpg",
        "username": "pinkjudy__"
      }
    }
  },
  {
    "post_id": "insta_17856163003257872",
    "comment_text": 1527102580,
    "comment_date": "잘보고 댓글 남기고 갑니다^^",
    "metadata": {
      "id": "17856163003257872",
      "text": "잘보고 댓글 남기고 갑니다^^",
      "created_at": 1527102580,
      "owner": {
        "id": "6776494051",
        "profile_pic_url": "https://scontent-icn1-1.cdninstagram.com/vp/8fdac5f8b146357ad553a965d8486cc2/5BC274C8/t51.2885-19/s150x150/30830498_2024127551182634_2045951145108570112_n.jpg",
        "username": "jung.g9"
      }
    }
  },
  {
    "post_id": "insta_17874604942238891",
    "comment_text": 1527086452,
    "comment_date": "학교안감???",
    "metadata": {
      "id": "17874604942238891",
      "text": "학교안감???",
      "created_at": 1527086452,
      "owner": {
        "id": "2360443117",
        "profile_pic_url": "https://scontent-icn1-1.cdninstagram.com/vp/d6c8247e662dc0c4154047312e316e67/5BBF449B/t51.2885-19/s150x150/32178208_361255994366515_4733655165419126784_n.jpg",
        "username": "the_one_cho"
      }
    }
  },
  {
    "post_id": "insta_17914204714171102",
    "comment_text": 1527084507,
    "comment_date": "오디서사떠요네?",
    "metadata": {
      "id": "17914204714171102",
      "text": "오디서사떠요네?",
      "created_at": 1527084507,
      "owner": {
        "id": "1394726642",
        "profile_pic_url": "https://scontent-icn1-1.cdninstagram.com/vp/70960bfdd367c717f15e9124c9d2fc74/5B90B444/t51.2885-19/s150x150/14487360_662848753875698_9046883494130614272_a.jpg",
        "username": "sexyscalet"
      }
    }
  },
  {
    "post_id": "insta_17857932301253689",
    "comment_text": 1527086303,
    "comment_date": "이거 서울에도 사이즈없던디 어디서?",
    "metadata": {
      "id": "17857932301253689",
      "text": "이거 서울에도 사이즈없던디 어디서?",
      "created_at": 1527086303,
      "owner": {
        "id": "3977933008",
        "profile_pic_url": "https://scontent-icn1-1.cdninstagram.com/vp/9e31ab32e54e583265ea54aa2cead827/5B8730CF/t51.2885-19/s150x150/14498902_1948414855385793_7410581862948536320_a.jpg",
        "username": "go_ni_nae"
      }
    }
  },
  {
    "post_id": "insta_17904814972198660",
    "comment_text": 1527111729,
    "comment_date": "@sexyscalet 미쿡에서✈️",
    "metadata": {
      "id": "17904814972198660",
      "text": "@sexyscalet 미쿡에서✈️",
      "created_at": 1527111729,
      "owner": {
        "id": "1717873498",
        "profile_pic_url": "https://scontent-icn1-1.cdninstagram.com/vp/7db8bc82d7775dc3255b989461f1eada/5B9465C1/t51.2885-19/s150x150/22430030_1175932652551157_702370961285971968_n.jpg",
        "username": "cherrypalm_jenny"
      }
    }
  },
  {
    "post_id": "insta_17921903566188386",
    "comment_text": 1527111794,
    "comment_date": "@go_ni_nae 핫하네여 ㅋㅋㅋ현지챈쓰🛩",
    "metadata": {
      "id": "17921903566188386",
      "text": "@go_ni_nae 핫하네여 ㅋㅋㅋ현지챈쓰🛩",
      "created_at": 1527111794,
      "owner": {
        "id": "1717873498",
        "profile_pic_url": "https://scontent-icn1-1.cdninstagram.com/vp/7db8bc82d7775dc3255b989461f1eada/5B9465C1/t51.2885-19/s150x150/22430030_1175932652551157_702370961285971968_n.jpg",
        "username": "cherrypalm_jenny"
      }
    }
  },
  {
    "post_id": "insta_17947644376015291",
    "comment_text": 1527083459,
    "comment_date": "Cool~",
    "metadata": {
      "id": "17947644376015291",
      "text": "Cool~",
      "created_at": 1527083459,
      "owner": {
        "id": "4807505881",
        "profile_pic_url": "https://scontent-icn1-1.cdninstagram.com/vp/ff851647ec566472fbe3b390cf8580c0/5B89FD62/t51.2885-19/s150x150/24126288_383105162148025_6909682384384294912_n.jpg",
        "username": "aabkorea_"
      }
    }
  },
  {
    "post_id": "insta_17947096639046458",
    "comment_text": 1527084345,
    "comment_date": "레알 이쁘다ㅋㅋ",
    "metadata": {
      "id": "17947096639046458",
      "text": "레알 이쁘다ㅋㅋ",
      "created_at": 1527084345,
      "owner": {
        "id": "268904798",
        "profile_pic_url": "https://scontent-icn1-1.cdninstagram.com/vp/b62cada085263a2e8cda2dcfac125d79/5B822CDA/t51.2885-19/s150x150/20901929_122621225049931_1472626625169326080_a.jpg",
        "username": "0_seopseop"
      }
    }
  },
  {
    "post_id": "insta_17942667559065998",
    "comment_text": 1527084466,
    "comment_date": "ㅋㅋㅋ결국 구했군",
    "metadata": {
      "id": "17942667559065998",
      "text": "ㅋㅋㅋ결국 구했군",
      "created_at": 1527084466,
      "owner": {
        "id": "3594550108",
        "profile_pic_url": "https://scontent-icn1-1.cdninstagram.com/vp/66a9dd23bff136807d0031b350605b90/5B8D5FA8/t51.2885-19/s150x150/29087917_350520352101308_7238591546847657984_n.jpg",
        "username": "dongzema"
      }
    }
  },
  {
    "post_id": "insta_17948365270007041",
    "comment_text": 1527093108,
    "comment_date": "핵부자",
    "metadata": {
      "id": "17948365270007041",
      "text": "핵부자",
      "created_at": 1527093108,
      "owner": {
        "id": "6519874934",
        "profile_pic_url": "https://scontent-icn1-1.cdninstagram.com/vp/111263556dab43a4dbe2922553db5cc7/5B82635F/t51.2885-19/s150x150/25009775_2055938531303956_235653499637989376_n.jpg",
        "username": "samme_fatal"
      }
    }
  },
  {
    "post_id": "insta_17945849326021857",
    "comment_text": 1527081894,
    "comment_date": "#아디다스져지 #에어맥스97 #남자데일리룩코디 #남자데일리코디 #dailylook #ootd",
    "metadata": {
      "id": "17945849326021857",
      "text": "#아디다스져지 #에어맥스97 #남자데일리룩코디 #남자데일리코디 #dailylook #ootd",
      "created_at": 1527081894,
      "owner": {
        "id": "1538914377",
        "profile_pic_url": "https://scontent-icn1-1.cdninstagram.com/vp/61746bf47800de33c06c32c8c0decb57/5BC23044/t51.2885-19/s150x150/27578591_337674796748226_7435686578153848832_n.jpg",
        "username": "terryxinsta"
      }
    }
  },
  {
    "post_id": "insta_17949744103016323",
    "comment_text": 1527110931,
    "comment_date": "@terryxinsta 이건아님ㅋㄱ",
    "metadata": {
      "id": "17949744103016323",
      "text": "@terryxinsta 이건아님ㅋㄱ",
      "created_at": 1527110931,
      "owner": {
        "id": "500589210",
        "profile_pic_url": "https://scontent-icn1-1.cdninstagram.com/vp/3e9b48fbe6b71a171ba65b917120026a/5B9165C5/t51.2885-19/10518088_418152408322469_444144095_a.jpg",
        "username": "ivan_farm_84"
      }
    }
  },
  {
    "post_id": "insta_17914204954174476",
    "comment_text": 1527115657,
    "comment_date": "@ivan_farm_84 오랜만에 등장한 중국관광객룩 🤦🏻‍♀️💖",
    "metadata": {
      "id": "17914204954174476",
      "text": "@ivan_farm_84 오랜만에 등장한 중국관광객룩 🤦🏻‍♀️💖",
      "created_at": 1527115657,
      "owner": {
        "id": "1346774728",
        "profile_pic_url": "https://scontent-icn1-1.cdninstagram.com/vp/7a62b4cb9eb732a61f81d749762044b8/5B8E9CCB/t51.2885-19/s150x150/32203450_1660777767309980_4219957096629665792_n.jpg",
        "username": "lsmfavorite"
      }
    }
  },
  {
    "post_id": "insta_17886342145212003",
    "comment_text": 1527116503,
    "comment_date": "@lsmfavorite 형수님점점예뻐짐ㅎ",
    "metadata": {
      "id": "17886342145212003",
      "text": "@lsmfavorite 형수님점점예뻐짐ㅎ",
      "created_at": 1527116503,
      "owner": {
        "id": "500589210",
        "profile_pic_url": "https://scontent-icn1-1.cdninstagram.com/vp/3e9b48fbe6b71a171ba65b917120026a/5B9165C5/t51.2885-19/10518088_418152408322469_444144095_a.jpg",
        "username": "ivan_farm_84"
      }
    }
  },
  {
    "post_id": "insta_17921076082132830",
    "comment_text": 1527116666,
    "comment_date": "@ivan_farm_84 ㅋㅋㅋㅋㅋㅋㅋㅋ 감자해요😮남편만 알면 되는데😊😊",
    "metadata": {
      "id": "17921076082132830",
      "text": "@ivan_farm_84 ㅋㅋㅋㅋㅋㅋㅋㅋ 감자해요😮남편만 알면 되는데😊😊",
      "created_at": 1527116666,
      "owner": {
        "id": "1346774728",
        "profile_pic_url": "https://scontent-icn1-1.cdninstagram.com/vp/7a62b4cb9eb732a61f81d749762044b8/5B8E9CCB/t51.2885-19/s150x150/32203450_1660777767309980_4219957096629665792_n.jpg",
        "username": "lsmfavorite"
      }
    }
  },
  {
    "post_id": "insta_17933573152096307",
    "comment_text": 1527116725,
    "comment_date": "@lsmfavorite 알걸요?형도ㅋ",
    "metadata": {
      "id": "17933573152096307",
      "text": "@lsmfavorite 알걸요?형도ㅋ",
      "created_at": 1527116725,
      "owner": {
        "id": "500589210",
        "profile_pic_url": "https://scontent-icn1-1.cdninstagram.com/vp/3e9b48fbe6b71a171ba65b917120026a/5B9165C5/t51.2885-19/10518088_418152408322469_444144095_a.jpg",
        "username": "ivan_farm_84"
      }
    }
  },
  {
    "post_id": "insta_17949564757044118",
    "comment_text": 1527072262,
    "comment_date": "#huf#nike#carhartt#신사#가로수길#스냅",
    "metadata": {
      "id": "17949564757044118",
      "text": "#huf#nike#carhartt#신사#가로수길#스냅",
      "created_at": 1527072262,
      "owner": {
        "id": "622284056",
        "profile_pic_url": "https://scontent-icn1-1.cdninstagram.com/vp/117864732a7ec9ab129b3d29702d5f61/5B86BB1D/t51.2885-19/s150x150/30604530_371055010054962_6058970197656600576_n.jpg",
        "username": "shinnashinna"
      }
    }
  },
  {
    "post_id": "insta_17874211039236342",
    "comment_text": 1527072265,
    "comment_date": "#대딩",
    "metadata": {
      "id": "17874211039236342",
      "text": "#대딩",
      "created_at": 1527072265,
      "owner": {
        "id": "622284056",
        "profile_pic_url": "https://scontent-icn1-1.cdninstagram.com/vp/117864732a7ec9ab129b3d29702d5f61/5B86BB1D/t51.2885-19/s150x150/30604530_371055010054962_6058970197656600576_n.jpg",
        "username": "shinnashinna"
      }
    }
  },
  {
    "post_id": "insta_17946377527062320",
    "comment_text": 1527072397,
    "comment_date": "당신이 얼마나 아름다운지를 보는 것은 언제나 대단한 기쁨입니다.🌹",
    "metadata": {
      "id": "17946377527062320",
      "text": "당신이 얼마나 아름다운지를 보는 것은 언제나 대단한 기쁨입니다.🌹",
      "created_at": 1527072397,
      "owner": {
        "id": "4029046899",
        "profile_pic_url": "https://scontent-icn1-1.cdninstagram.com/vp/fd8b841527f66210990a1f71bbb24743/5B9F6023/t51.2885-19/s150x150/29740283_996984923807656_7353043040782516224_n.jpg",
        "username": "philip_ruge"
      }
    }
  },
  {
    "post_id": "insta_17874619999235105",
    "comment_text": 1527072432,
    "comment_date": "같이 소통해요~^,^ 🎉",
    "metadata": {
      "id": "17874619999235105",
      "text": "같이 소통해요~^,^ 🎉",
      "created_at": 1527072432,
      "owner": {
        "id": "963903480",
        "profile_pic_url": "https://scontent-icn1-1.cdninstagram.com/vp/35439aced1594ab038e6f3c5dfd2b924/5B81CA45/t51.2885-19/s150x150/32063905_978225065677024_7613269560149409792_n.jpg",
        "username": "petitcochon_i"
      }
    }
  },
  {
    "post_id": "insta_17930564986127945",
    "comment_text": 1527072469,
    "comment_date": "좋아요💙",
    "metadata": {
      "id": "17930564986127945",
      "text": "좋아요💙",
      "created_at": 1527072469,
      "owner": {
        "id": "7552266371",
        "profile_pic_url": "https://scontent-icn1-1.cdninstagram.com/vp/b24cea3172d4ecef825095aca026a46b/5B8E09C8/t51.2885-19/s150x150/30084862_1029997967149169_1893646459421589504_n.jpg",
        "username": "sehagu"
      }
    }
  },
  {
    "post_id": "insta_17946586747029585",
    "comment_text": 1527072508,
    "comment_date": "사진 잘 보고가용~♥",
    "metadata": {
      "id": "17946586747029585",
      "text": "사진 잘 보고가용~♥",
      "created_at": 1527072508,
      "owner": {
        "id": "1477956159",
        "profile_pic_url": "https://scontent-icn1-1.cdninstagram.com/vp/d584487e7879f3e041bc1e035bdc6770/5BA03203/t51.2885-19/s150x150/30603471_1704620312960909_7042389666875572224_n.jpg",
        "username": "nique.tees"
      }
    }
  },
  {
    "post_id": "insta_17933385331097459",
    "comment_text": 1527072629,
    "comment_date": "헢🤟🏿",
    "metadata": {
      "id": "17933385331097459",
      "text": "헢🤟🏿",
      "created_at": 1527072629,
      "owner": {
        "id": "481319721",
        "profile_pic_url": "https://scontent-icn1-1.cdninstagram.com/vp/acc09b02b43e81ca02a4fd6f4a6276df/5B8E749C/t51.2885-19/s150x150/12063240_1160247043989821_1317608457_a.jpg",
        "username": "stdcrv"
      }
    }
  },
  {
    "post_id": "insta_17946262252062819",
    "comment_text": 1527073000,
    "comment_date": "소통하며 지내요 또 올께요~",
    "metadata": {
      "id": "17946262252062819",
      "text": "소통하며 지내요 또 올께요~",
      "created_at": 1527073000,
      "owner": {
        "id": "565353037",
        "profile_pic_url": "https://scontent-icn1-1.cdninstagram.com/vp/a7ec04cb76bead4a3f7daeec7e0e197b/5BC02525/t51.2885-19/s150x150/20589918_779614992208325_2800078992047079424_a.jpg",
        "username": "alsjoon"
      }
    }
  },
  {
    "post_id": "insta_17888278420200256",
    "comment_text": 1527073072,
    "comment_date": "반갑습니당~소통하며지내요^-^*",
    "metadata": {
      "id": "17888278420200256",
      "text": "반갑습니당~소통하며지내요^-^*",
      "created_at": 1527073072,
      "owner": {
        "id": "536193836",
        "profile_pic_url": "https://scontent-icn1-1.cdninstagram.com/vp/fe7bac829fef5ac71bfeb992b98ca67e/5B8593D3/t51.2885-19/s150x150/31488603_404891386652382_8553852576041271296_n.jpg",
        "username": "_miaire"
      }
    }
  },
  {
    "post_id": "insta_17856669667256213",
    "comment_text": 1527076014,
    "comment_date": "학식충?",
    "metadata": {
      "id": "17856669667256213",
      "text": "학식충?",
      "created_at": 1527076014,
      "owner": {
        "id": "906984393",
        "profile_pic_url": "https://scontent-icn1-1.cdninstagram.com/vp/f2b0f4592481e4c17e7fd0d52ee1c3a4/5B936EA7/t51.2885-19/s150x150/30086086_803253663207774_9013264409987907584_n.jpg",
        "username": "jangjehoo"
      }
    }
  },
  {
    "post_id": "insta_17921096938185096",
    "comment_text": 1527077836,
    "comment_date": "존예🧡🧡",
    "metadata": {
      "id": "17921096938185096",
      "text": "존예🧡🧡",
      "created_at": 1527077836,
      "owner": {
        "id": "1582034640",
        "profile_pic_url": "https://scontent-icn1-1.cdninstagram.com/vp/32975806787693947890d8882cb7d27a/5B89E8E0/t51.2885-19/s150x150/29093319_233739300507940_5239879677580935168_n.jpg",
        "username": "starlights2"
      }
    }
  },
  {
    "post_id": "insta_17874611218225371",
    "comment_text": 1527085596,
    "comment_date": "와 모델이당",
    "metadata": {
      "id": "17874611218225371",
      "text": "와 모델이당",
      "created_at": 1527085596,
      "owner": {
        "id": "329166257",
        "profile_pic_url": "https://scontent-icn1-1.cdninstagram.com/vp/4f49abe9058327952dec55987155850d/5BA192D4/t51.2885-19/s150x150/18949647_1492372234160354_7819468221316071424_a.jpg",
        "username": "popping.92"
      }
    }
  }
]