[
  {
    "file_url": "http://pbs.twimg.com/media/Ddz27wDU0AA-e_6.jpg",
    "video_url": "",
    "post_id": "twi_998944738937098250",
    "file_path": "Ddz2/7wDU0AA-e_6.jpg",
    "metadata": {
      "id": 998944723740971008,
      "id_str": "998944723740971008",
      "indices": [
        40,
        63
      ],
      "media_url": "http://pbs.twimg.com/media/Ddz27wDU0AA-e_6.jpg",
      "media_url_https": "https://pbs.twimg.com/media/Ddz27wDU0AA-e_6.jpg",
      "url": "https://t.co/4W4CKrd3YT",
      "display_url": "pic.twitter.com/4W4CKrd3YT",
      "expanded_url": "https://twitter.com/_D10R/status/998944738937098250/photo/1",
      "type": "photo",
      "sizes": {
        "small": {
          "w": 544,
          "h": 680,
          "resize": "fit"
        },
        "thumb": {
          "w": 150,
          "h": 150,
          "resize": "crop"
        },
        "large": {
          "w": 1000,
          "h": 1250,
          "resize": "fit"
        },
        "medium": {
          "w": 960,
          "h": 1200,
          "resize": "fit"
        }
      }
    }
  },
  {
    "file_url": "http://pbs.twimg.com/media/Ddz27wDUQAEF8SF.jpg",
    "video_url": "",
    "post_id": "twi_998944738937098250",
    "file_path": "Ddz2/7wDUQAEF8SF.jpg",
    "metadata": {
      "id": 998944723740934145,
      "id_str": "998944723740934145",
      "indices": [
        40,
        63
      ],
      "media_url": "http://pbs.twimg.com/media/Ddz27wDUQAEF8SF.jpg",
      "media_url_https": "https://pbs.twimg.com/media/Ddz27wDUQAEF8SF.jpg",
      "url": "https://t.co/4W4CKrd3YT",
      "display_url": "pic.twitter.com/4W4CKrd3YT",
      "expanded_url": "https://twitter.com/_D10R/status/998944738937098250/photo/1",
      "type": "photo",
      "sizes": {
        "thumb": {
          "w": 150,
          "h": 150,
          "resize": "crop"
        },
        "medium": {
          "w": 961,
          "h": 1200,
          "resize": "fit"
        },
        "small": {
          "w": 544,
          "h": 680,
          "resize": "fit"
        },
        "large": {
          "w": 1000,
          "h": 1249,
          "resize": "fit"
        }
      }
    }
  },
  {
    "file_url": "http://pbs.twimg.com/media/Ddxnzw-VMAEKjau.jpg",
    "video_url": "",
    "post_id": "twi_998787362174861312",
    "file_path": "Ddxn/zw-VMAEKjau.jpg",
    "metadata": {
      "id": 998787356386734081,
      "id_str": "998787356386734081",
      "indices": [
        43,
        66
      ],
      "media_url": "http://pbs.twimg.com/media/Ddxnzw-VMAEKjau.jpg",
      "media_url_https": "https://pbs.twimg.com/media/Ddxnzw-VMAEKjau.jpg",
      "url": "https://t.co/rc0CB3564r",
      "display_url": "pic.twitter.com/rc0CB3564r",
      "expanded_url": "https://twitter.com/rikurikurii_/status/998787362174861312/photo/1",
      "type": "photo",
      "sizes": {
        "medium": {
          "w": 729,
          "h": 512,
          "resize": "fit"
        },
        "thumb": {
          "w": 150,
          "h": 150,
          "resize": "crop"
        },
        "large": {
          "w": 729,
          "h": 512,
          "resize": "fit"
        },
        "small": {
          "w": 680,
          "h": 478,
          "resize": "fit"
        }
      }
    }
  },
  {
    "file_url": "http://pbs.twimg.com/media/DbObG13VAAEnJda.jpg",
    "video_url": "",
    "post_id": "twi_997976283354025984",
    "file_path": "DbOb/G13VAAEnJda.jpg",
    "metadata": {
      "id": 987303285164933121,
      "id_str": "987303285164933121",
      "indices": [
        73,
        96
      ],
      "media_url": "http://pbs.twimg.com/media/DbObG13VAAEnJda.jpg",
      "media_url_https": "https://pbs.twimg.com/media/DbObG13VAAEnJda.jpg",
      "url": "https://t.co/AgNVFcnfqS",
      "display_url": "pic.twitter.com/AgNVFcnfqS",
      "expanded_url": "https://twitter.com/Gfriend_Style/status/987303320732647424/photo/1",
      "type": "photo",
      "sizes": {
        "small": {
          "w": 503,
          "h": 680,
          "resize": "fit"
        },
        "thumb": {
          "w": 150,
          "h": 150,
          "resize": "crop"
        },
        "large": {
          "w": 1515,
          "h": 2048,
          "resize": "fit"
        },
        "medium": {
          "w": 888,
          "h": 1200,
          "resize": "fit"
        }
      },
      "source_status_id": 987303320732647424,
      "source_status_id_str": "987303320732647424",
      "source_user_id": 760437836147372034,
      "source_user_id_str": "760437836147372034"
    }
  },
  {
    "file_url": "http://pbs.twimg.com/media/DbObG2hUMAA_5Xq.jpg",
    "video_url": "",
    "post_id": "twi_997976283354025984",
    "file_path": "DbOb/G2hUMAA_5Xq.jpg",
    "metadata": {
      "id": 987303285341040640,
      "id_str": "987303285341040640",
      "indices": [
        73,
        96
      ],
      "media_url": "http://pbs.twimg.com/media/DbObG2hUMAA_5Xq.jpg",
      "media_url_https": "https://pbs.twimg.com/media/DbObG2hUMAA_5Xq.jpg",
      "url": "https://t.co/AgNVFcnfqS",
      "display_url": "pic.twitter.com/AgNVFcnfqS",
      "expanded_url": "https://twitter.com/Gfriend_Style/status/987303320732647424/photo/1",
      "type": "photo",
      "sizes": {
        "thumb": {
          "w": 150,
          "h": 150,
          "resize": "crop"
        },
        "large": {
          "w": 641,
          "h": 569,
          "resize": "fit"
        },
        "medium": {
          "w": 641,
          "h": 569,
          "resize": "fit"
        },
        "small": {
          "w": 641,
          "h": 569,
          "resize": "fit"
        }
      },
      "source_status_id": 987303320732647424,
      "source_status_id_str": "987303320732647424",
      "source_user_id": 760437836147372034,
      "source_user_id_str": "760437836147372034"
    }
  },
  {
    "file_url": "http://pbs.twimg.com/media/Ddl3LmpV0AAH21R.jpg",
    "video_url": "",
    "post_id": "twi_997959850901389312",
    "file_path": "Ddl3/LmpV0AAH21R.jpg",
    "metadata": {
      "id": 997959833675485184,
      "id_str": "997959833675485184",
      "indices": [
        76,
        99
      ],
      "media_url": "http://pbs.twimg.com/media/Ddl3LmpV0AAH21R.jpg",
      "media_url_https": "https://pbs.twimg.com/media/Ddl3LmpV0AAH21R.jpg",
      "url": "https://t.co/dfZVSzjE7a",
      "display_url": "pic.twitter.com/dfZVSzjE7a",
      "expanded_url": "https://twitter.com/gojejegojeje/status/997959850901389312/photo/1",
      "type": "photo",
      "sizes": {
        "thumb": {
          "w": 150,
          "h": 150,
          "resize": "crop"
        },
        "large": {
          "w": 480,
          "h": 640,
          "resize": "fit"
        },
        "medium": {
          "w": 480,
          "h": 640,
          "resize": "fit"
        },
        "small": {
          "w": 480,
          "h": 640,
          "resize": "fit"
        }
      }
    }
  },
  {
    "file_url": "http://pbs.twimg.com/media/Ddl3MUdUQAAJHFt.jpg",
    "video_url": "",
    "post_id": "twi_997959850901389312",
    "file_path": "Ddl3/MUdUQAAJHFt.jpg",
    "metadata": {
      "id": 997959845973082112,
      "id_str": "997959845973082112",
      "indices": [
        76,
        99
      ],
      "media_url": "http://pbs.twimg.com/media/Ddl3MUdUQAAJHFt.jpg",
      "media_url_https": "https://pbs.twimg.com/media/Ddl3MUdUQAAJHFt.jpg",
      "url": "https://t.co/dfZVSzjE7a",
      "display_url": "pic.twitter.com/dfZVSzjE7a",
      "expanded_url": "https://twitter.com/gojejegojeje/status/997959850901389312/photo/1",
      "type": "photo",
      "sizes": {
        "small": {
          "w": 480,
          "h": 640,
          "resize": "fit"
        },
        "thumb": {
          "w": 150,
          "h": 150,
          "resize": "crop"
        },
        "medium": {
          "w": 480,
          "h": 640,
          "resize": "fit"
        },
        "large": {
          "w": 480,
          "h": 640,
          "resize": "fit"
        }
      }
    }
  },
  {
    "file_url": "http://pbs.twimg.com/media/Ddcgq9iU0AE-IiQ.jpg",
    "video_url": "",
    "post_id": "twi_997301772539473921",
    "file_path": "Ddcg/q9iU0AE-IiQ.jpg",
    "metadata": {
      "id": 997301764930981889,
      "id_str": "997301764930981889",
      "indices": [
        44,
        67
      ],
      "media_url": "http://pbs.twimg.com/media/Ddcgq9iU0AE-IiQ.jpg",
      "media_url_https": "https://pbs.twimg.com/media/Ddcgq9iU0AE-IiQ.jpg",
      "url": "https://t.co/7ljJIgai9y",
      "display_url": "pic.twitter.com/7ljJIgai9y",
      "expanded_url": "https://twitter.com/apinkullull/status/997301772539473921/photo/1",
      "type": "photo",
      "sizes": {
        "large": {
          "w": 750,
          "h": 574,
          "resize": "fit"
        },
        "thumb": {
          "w": 150,
          "h": 150,
          "resize": "crop"
        },
        "small": {
          "w": 680,
          "h": 520,
          "resize": "fit"
        },
        "medium": {
          "w": 750,
          "h": 574,
          "resize": "fit"
        }
      }
    }
  },
  {
    "file_url": "http://pbs.twimg.com/media/DdaIB3-VAAA3oOy.jpg",
    "video_url": "",
    "post_id": "twi_997133942833561601",
    "file_path": "DdaI/B3-VAAA3oOy.jpg",
    "metadata": {
      "id": 997133933295763456,
      "id_str": "997133933295763456",
      "indices": [
        40,
        63
      ],
      "media_url": "http://pbs.twimg.com/media/DdaIB3-VAAA3oOy.jpg",
      "media_url_https": "https://pbs.twimg.com/media/DdaIB3-VAAA3oOy.jpg",
      "url": "https://t.co/txRVMRVqEb",
      "display_url": "pic.twitter.com/txRVMRVqEb",
      "expanded_url": "https://twitter.com/planeswalkerfru/status/997133942833561601/photo/1",
      "type": "photo",
      "sizes": {
        "large": {
          "w": 1000,
          "h": 773,
          "resize": "fit"
        },
        "thumb": {
          "w": 150,
          "h": 150,
          "resize": "crop"
        },
        "medium": {
          "w": 1000,
          "h": 773,
          "resize": "fit"
        },
        "small": {
          "w": 680,
          "h": 526,
          "resize": "fit"
        }
      }
    }
  },
  {
    "file_url": "http://pbs.twimg.com/media/DdXQGdiUQAEffyn.jpg",
    "video_url": "",
    "post_id": "twi_996931704332800000",
    "file_path": "DdXQ/GdiUQAEffyn.jpg",
    "metadata": {
      "id": 996931701958787073,
      "id_str": "996931701958787073",
      "indices": [
        52,
        75
      ],
      "media_url": "http://pbs.twimg.com/media/DdXQGdiUQAEffyn.jpg",
      "media_url_https": "https://pbs.twimg.com/media/DdXQGdiUQAEffyn.jpg",
      "url": "https://t.co/lDFWYdsXzw",
      "display_url": "pic.twitter.com/lDFWYdsXzw",
      "expanded_url": "https://twitter.com/j9163929034/status/996931704332800000/photo/1",
      "type": "photo",
      "sizes": {
        "medium": {
          "w": 700,
          "h": 526,
          "resize": "fit"
        },
        "thumb": {
          "w": 150,
          "h": 150,
          "resize": "crop"
        },
        "large": {
          "w": 700,
          "h": 526,
          "resize": "fit"
        },
        "small": {
          "w": 680,
          "h": 511,
          "resize": "fit"
        }
      }
    }
  },
  {
    "file_url": "http://pbs.twimg.com/media/DdXPktfV0AAaFNR.jpg",
    "video_url": "",
    "post_id": "twi_996931124667367424",
    "file_path": "DdXP/ktfV0AAaFNR.jpg",
    "metadata": {
      "id": 996931122125721600,
      "id_str": "996931122125721600",
      "indices": [
        52,
        75
      ],
      "media_url": "http://pbs.twimg.com/media/DdXPktfV0AAaFNR.jpg",
      "media_url_https": "https://pbs.twimg.com/media/DdXPktfV0AAaFNR.jpg",
      "url": "https://t.co/oc7iQ8jxaB",
      "display_url": "pic.twitter.com/oc7iQ8jxaB",
      "expanded_url": "https://twitter.com/j9155829327/status/996931124667367424/photo/1",
      "type": "photo",
      "sizes": {
        "medium": {
          "w": 700,
          "h": 526,
          "resize": "fit"
        },
        "thumb": {
          "w": 150,
          "h": 150,
          "resize": "crop"
        },
        "large": {
          "w": 700,
          "h": 526,
          "resize": "fit"
        },
        "small": {
          "w": 680,
          "h": 511,
          "resize": "fit"
        }
      }
    }
  }
]