[
  {
    "post_id": "insta_17926492447085016",
    "comment_text": 1526536252,
    "comment_date": "#나이키 #메탈릭골드 #에어베이퍼맥스 #에어맥스97#베이퍼맥스97 #코디 #데일리룩 #일상 #쇼핑",
    "metadata": {
      "id": "17926492447085016",
      "text": "#나이키 #메탈릭골드 #에어베이퍼맥스 #에어맥스97#베이퍼맥스97 #코디 #데일리룩 #일상 #쇼핑",
      "created_at": 1526536252,
      "owner": {
        "id": "1528769165",
        "profile_pic_url": "https://scontent-icn1-1.cdninstagram.com/vp/f4adfd319149ce5a564ca01f6d801d6a/5B8F7D24/t51.2885-19/s150x150/15306662_1369426129798700_5567812465128898560_a.jpg",
        "username": "jinnysoul__"
      }
    }
  },
  {
    "post_id": "insta_17946098662047788",
    "comment_text": 1526536735,
    "comment_date": "더위 조심해용용❤️💛",
    "metadata": {
      "id": "17946098662047788",
      "text": "더위 조심해용용❤️💛",
      "created_at": 1526536735,
      "owner": {
        "id": "3296563127",
        "profile_pic_url": "https://scontent-icn1-1.cdninstagram.com/vp/0dc5cafed456483cbbb12b9045a27019/5B94F275/t51.2885-19/s150x150/30076453_2155020971394683_7757262771154059264_n.jpg",
        "username": "bobae_is"
      }
    }
  },
  {
    "post_id": "insta_17945337910001498",
    "comment_text": 1526554340,
    "comment_date": "헐 힘등게라닠ㅋㅋ 우리집에 굴러다니는가있는데.. 대략.. 8년전 구매",
    "metadata": {
      "id": "17945337910001498",
      "text": "헐 힘등게라닠ㅋㅋ 우리집에 굴러다니는가있는데.. 대략.. 8년전 구매",
      "created_at": 1526554340,
      "owner": {
        "id": "1505286301",
        "profile_pic_url": "https://scontent-icn1-1.cdninstagram.com/vp/024c6b3e31efe9b00a6b4984c22e3f53/5BBEA3F2/t51.2885-19/s150x150/31449028_208549856540884_4578480251872477184_n.jpg",
        "username": "ma_rilllli"
      }
    }
  },
  {
    "post_id": "insta_17945762287025882",
    "comment_text": 1526555219,
    "comment_date": "@ma_rilllli 😨 요즘은 힘들대...ㅠㅠ",
    "metadata": {
      "id": "17945762287025882",
      "text": "@ma_rilllli 😨 요즘은 힘들대...ㅠㅠ",
      "created_at": 1526555219,
      "owner": {
        "id": "530807763",
        "profile_pic_url": "https://scontent-icn1-1.cdninstagram.com/vp/ce227ae7cb3411f8ee67c1b8ed05d7e2/5BC23498/t51.2885-19/s150x150/31474678_236161993603051_3611306492155658240_n.jpg",
        "username": "im__juno"
      }
    }
  },
  {
    "post_id": "insta_17885979385209128",
    "comment_text": 1526970716,
    "comment_date": "오호~",
    "metadata": {
      "id": "17885979385209128",
      "text": "오호~",
      "created_at": 1526970716,
      "owner": {
        "id": "39072467",
        "profile_pic_url": "https://scontent-icn1-1.cdninstagram.com/vp/95041f12657cf1224b946fa177a64b0d/5BC3C748/t51.2885-19/11821883_1056502441041740_372291219_a.jpg",
        "username": "wang0624"
      }
    }
  },
  {
    "post_id": "insta_17917465855183279",
    "comment_text": 1526535753,
    "comment_date": "#vietnamstreetstylegroup #sneakersmag #sneakersaddict #sadp #hypebae #basementapproved #nicekicks #sneakermyth #hypefeet #snobshots #hypestreet #mistreetco #highsnobiety #klekttakeover #igsneakercommunity #dailysole #sneakersoftheday #tomboylooks #wdywt #womf #minimalmoveement #shecozy #igsneakers #hypeAF #snkrvn #러닝화 #스니커즈 #슈스타그램",
    "metadata": {
      "id": "17917465855183279",
      "text": "#vietnamstreetstylegroup #sneakersmag #sneakersaddict #sadp #hypebae #basementapproved #nicekicks #sneakermyth #hypefeet #snobshots #hypestreet #mistreetco #highsnobiety #klekttakeover #igsneakercommunity #dailysole #sneakersoftheday #tomboylooks #wdywt #womf #minimalmoveement #shecozy #igsneakers #hypeAF #snkrvn #러닝화 #스니커즈 #슈스타그램",
      "created_at": 1526535753,
      "owner": {
        "id": "1803008745",
        "profile_pic_url": "https://scontent-icn1-1.cdninstagram.com/vp/cdefe17f66c5b6b15d5acb44636865a9/5BBFA550/t51.2885-19/s150x150/28434206_166725157315688_5253395089257922560_n.jpg",
        "username": "buyorbye.vn"
      }
    }
  },
  {
    "post_id": "insta_17926369546081516",
    "comment_text": 1526539594,
    "comment_date": "🏆🏆🏆",
    "metadata": {
      "id": "17926369546081516",
      "text": "🏆🏆🏆",
      "created_at": 1526539594,
      "owner": {
        "id": "1445209654",
        "profile_pic_url": "https://scontent-icn1-1.cdninstagram.com/vp/a6c46bc092b8ea48a1206206abe08dbd/5B95A75C/t51.2885-19/s150x150/14334631_329037044118015_1563279401_a.jpg",
        "username": "pabloemmm"
      }
    }
  },
  {
    "post_id": "insta_17914872751166904",
    "comment_text": 1526535587,
    "comment_date": "#건강그램 #다이어트 #헬스타그램 #diet #몸매스타그램 #피트니스타그램 #몸스타그램 #운동스타그램 #health #피트니스 #웨이트 #셀피 #셀카 #셀스타그램 #selfile #selca#운동하는남자 #바디체크 #다이어트 #다이어터 #운스타그램 #다이어트그램",
    "metadata": {
      "id": "17914872751166904",
      "text": "#건강그램 #다이어트 #헬스타그램 #diet #몸매스타그램 #피트니스타그램 #몸스타그램 #운동스타그램 #health #피트니스 #웨이트 #셀피 #셀카 #셀스타그램 #selfile #selca#운동하는남자 #바디체크 #다이어트 #다이어터 #운스타그램 #다이어트그램",
      "created_at": 1526535587,
      "owner": {
        "id": "603644042",
        "profile_pic_url": "https://scontent-icn1-1.cdninstagram.com/vp/1b3a655d949b5604221cade3b48248d1/5B8830D2/t51.2885-19/s150x150/29094235_1566110906837910_4266513657355042816_n.jpg",
        "username": "pswt8647"
      }
    }
  },
  {
    "post_id": "insta_17917110181156166",
    "comment_text": 1526536299,
    "comment_date": "섹시한데.",
    "metadata": {
      "id": "17917110181156166",
      "text": "섹시한데.",
      "created_at": 1526536299,
      "owner": {
        "id": "4059243307",
        "profile_pic_url": "https://scontent-icn1-1.cdninstagram.com/vp/22d823834dfe284820e38ab2a2891f00/5BA0A463/t51.2885-19/s150x150/31897717_463596234070951_3924246888903081984_n.jpg",
        "username": "choi.min.sikkk"
      }
    }
  },
  {
    "post_id": "insta_17856139939255050",
    "comment_text": 1526536514,
    "comment_date": "@choi.min.sikkk moc 신고싶어 언능",
    "metadata": {
      "id": "17856139939255050",
      "text": "@choi.min.sikkk moc 신고싶어 언능",
      "created_at": 1526536514,
      "owner": {
        "id": "603644042",
        "profile_pic_url": "https://scontent-icn1-1.cdninstagram.com/vp/1b3a655d949b5604221cade3b48248d1/5B8830D2/t51.2885-19/s150x150/29094235_1566110906837910_4266513657355042816_n.jpg",
        "username": "pswt8647"
      }
    }
  },
  {
    "post_id": "insta_17871653656242336",
    "comment_text": 1526536554,
    "comment_date": "형이거산거 주소좀요 ㅠㅇㅠ",
    "metadata": {
      "id": "17871653656242336",
      "text": "형이거산거 주소좀요 ㅠㅇㅠ",
      "created_at": 1526536554,
      "owner": {
        "id": "1422165181",
        "profile_pic_url": "https://scontent-icn1-1.cdninstagram.com/vp/bd60204aa08b26ff101fb4f089daba2a/5B8C5DDF/t51.2885-19/s150x150/30604186_1653900688022355_5505520175023128576_n.jpg",
        "username": "lcom0605"
      }
    }
  },
  {
    "post_id": "insta_17926578346085727",
    "comment_text": 1526536674,
    "comment_date": "@lcom0605 이거 6만인가 더주고 샀어 ㅠㅠ그래도상관없음 알려줄게!",
    "metadata": {
      "id": "17926578346085727",
      "text": "@lcom0605 이거 6만인가 더주고 샀어 ㅠㅠ그래도상관없음 알려줄게!",
      "created_at": 1526536674,
      "owner": {
        "id": "603644042",
        "profile_pic_url": "https://scontent-icn1-1.cdninstagram.com/vp/1b3a655d949b5604221cade3b48248d1/5B8830D2/t51.2885-19/s150x150/29094235_1566110906837910_4266513657355042816_n.jpg",
        "username": "pswt8647"
      }
    }
  },
  {
    "post_id": "insta_17916930967152116",
    "comment_text": 1526539245,
    "comment_date": "부럽네요!!!",
    "metadata": {
      "id": "17916930967152116",
      "text": "부럽네요!!!",
      "created_at": 1526539245,
      "owner": {
        "id": "4845557676",
        "profile_pic_url": "https://scontent-icn1-1.cdninstagram.com/vp/65fcae319b38a327a352b54595fa7af6/5B7F5497/t51.2885-19/s150x150/20634074_1980079162130623_9032583739820998656_a.jpg",
        "username": "bestbody_korea"
      }
    }
  },
  {
    "post_id": "insta_17926250731094117",
    "comment_text": 1526545573,
    "comment_date": "#에어맥스97아시아 #에어맥스97울트라17si",
    "metadata": {
      "id": "17926250731094117",
      "text": "#에어맥스97아시아 #에어맥스97울트라17si",
      "created_at": 1526545573,
      "owner": {
        "id": "1578792258",
        "profile_pic_url": "https://scontent-icn1-1.cdninstagram.com/vp/27dbc4b99e8c38c0f0cc6f9c3ca96c1e/5B8066A2/t51.2885-19/11189501_1475704616053196_1643180724_a.jpg",
        "username": "jeungsour"
      }
    }
  },
  {
    "post_id": "insta_17920876444189913",
    "comment_text": 1526555036,
    "comment_date": "오!예뽀!",
    "metadata": {
      "id": "17920876444189913",
      "text": "오!예뽀!",
      "created_at": 1526555036,
      "owner": {
        "id": "513623815",
        "profile_pic_url": "https://scontent-icn1-1.cdninstagram.com/vp/2fa973c4ad444b544da15cf9748e23e8/5B9EB3E6/t51.2885-19/s150x150/17494517_1951526641758901_6970724422395101184_a.jpg",
        "username": "bing9nara"
      }
    }
  },
  {
    "post_id": "insta_17946250618058234",
    "comment_text": 1526577957,
    "comment_date": "Awesome 👟 👟 👟",
    "metadata": {
      "id": "17946250618058234",
      "text": "Awesome 👟 👟 👟",
      "created_at": 1526577957,
      "owner": {
        "id": "1766256302",
        "profile_pic_url": "https://scontent-icn1-1.cdninstagram.com/vp/54072c1c6e187b067bd67c3df89e2834/5B85A7C4/t51.2885-19/s150x150/30930206_1424642027640927_5988488938220683264_n.jpg",
        "username": "age.official"
      }
    }
  },
  {
    "post_id": "insta_17918313301177938",
    "comment_text": 1526718418,
    "comment_date": "We work for the brand Leo Mazzotti and we love your page ! Contact us by DM, we have an offer for you. !",
    "metadata": {
      "id": "17918313301177938",
      "text": "We work for the brand Leo Mazzotti and we love your page ! Contact us by DM, we have an offer for you. !",
      "created_at": 1526718418,
      "owner": {
        "id": "6840205869",
        "profile_pic_url": "https://scontent-icn1-1.cdninstagram.com/vp/98d0c562f84cbea47bc0deb5cad13146/5B8FFF77/t51.2885-19/s150x150/26268542_190347994882218_4915630056417525760_n.jpg",
        "username": "leo.weeklystyle.model"
      }
    }
  },
  {
    "post_id": "insta_17946427039035668",
    "comment_text": 1526595053,
    "comment_date": "즐거운하루되세요💛",
    "metadata": {
      "id": "17946427039035668",
      "text": "즐거운하루되세요💛",
      "created_at": 1526595053,
      "owner": {
        "id": "5424981134",
        "profile_pic_url": "https://scontent-icn1-1.cdninstagram.com/vp/b3ecd6577b4aaa124ddc85000a0b49a9/5B7FDAF4/t51.2885-19/s150x150/27580306_169922776978578_3584675354163281920_n.jpg",
        "username": "refreshmall"
      }
    }
  },
  {
    "post_id": "insta_17945728081043902",
    "comment_text": 1526650074,
    "comment_date": "바쁘게 보낸 날들을 주말에 피로를 푸세요^^ 행복한 주말되세요ㅎㅎㅎ",
    "metadata": {
      "id": "17945728081043902",
      "text": "바쁘게 보낸 날들을 주말에 피로를 푸세요^^ 행복한 주말되세요ㅎㅎㅎ",
      "created_at": 1526650074,
      "owner": {
        "id": "7285869593",
        "profile_pic_url": "https://scontent-icn1-1.cdninstagram.com/vp/1996fdf1fd21178c452a6df1245bf8ae/5B9EE8D8/t51.2885-19/s150x150/30830151_169486010436901_2742704495329804288_n.jpg",
        "username": "w.y_mam"
      }
    }
  },
  {
    "post_id": "insta_17946152908062124",
    "comment_text": 1526533388,
    "comment_date": "#대전 #대구 #청주 #오오티디 #데일리 #데일리룩 #셀스타그램 #데이트룩 #커플화 #육아맘 #ootd #selfie #나이키 #에어맥스97 #airmax97 #럽스타그램 #봄신상 #블로그 #맥스97",
    "metadata": {
      "id": "17946152908062124",
      "text": "#대전 #대구 #청주 #오오티디 #데일리 #데일리룩 #셀스타그램 #데이트룩 #커플화 #육아맘 #ootd #selfie #나이키 #에어맥스97 #airmax97 #럽스타그램 #봄신상 #블로그 #맥스97",
      "created_at": 1526533388,
      "owner": {
        "id": "5276934307",
        "profile_pic_url": "https://scontent-icn1-1.cdninstagram.com/vp/6bf874af887da4a9da0bc0655cfc633f/5B92B34C/t51.2885-19/s150x150/18380068_814258862067284_5305346064482566144_a.jpg",
        "username": "is_industry"
      }
    }
  },
  {
    "post_id": "insta_17931932701109353",
    "comment_text": 1526534437,
    "comment_date": "뀨!!",
    "metadata": {
      "id": "17931932701109353",
      "text": "뀨!!",
      "created_at": 1526534437,
      "owner": {
        "id": "624508244",
        "profile_pic_url": "https://scontent-icn1-1.cdninstagram.com/vp/539df649525bbab8d2102a12464cd345/5B9F2DB2/t51.2885-19/s150x150/31295140_2085784898368584_6794485271241949184_n.jpg",
        "username": "yonj_"
      }
    }
  },
  {
    "post_id": "insta_17946504727040389",
    "comment_text": 1526533320,
    "comment_date": "잘보고 갑니다~ = )",
    "metadata": {
      "id": "17946504727040389",
      "text": "잘보고 갑니다~ = )",
      "created_at": 1526533320,
      "owner": {
        "id": "7192815400",
        "profile_pic_url": "https://scontent-icn1-1.cdninstagram.com/vp/ffd34e47df9ed7e79b81f9f30890cd01/5BC02843/t51.2885-19/s150x150/30926836_1956397748007476_8603923343432744960_n.jpg",
        "username": "muirskin_official"
      }
    }
  },
  {
    "post_id": "insta_17944936675055269",
    "comment_text": 1526531247,
    "comment_date": "#대전 #대구 #청주 #오오티디 #데일리 #데일리룩 #셀스타그램 #데이트룩 #커플화 #육아맘 #ootd #selfie #나이키 #에어맥스97 #airmax97 #럽스타그램 #봄신상 #블로그 #스토어팜",
    "metadata": {
      "id": "17944936675055269",
      "text": "#대전 #대구 #청주 #오오티디 #데일리 #데일리룩 #셀스타그램 #데이트룩 #커플화 #육아맘 #ootd #selfie #나이키 #에어맥스97 #airmax97 #럽스타그램 #봄신상 #블로그 #스토어팜",
      "created_at": 1526531247,
      "owner": {
        "id": "5276934307",
        "profile_pic_url": "https://scontent-icn1-1.cdninstagram.com/vp/6bf874af887da4a9da0bc0655cfc633f/5B92B34C/t51.2885-19/s150x150/18380068_814258862067284_5305346064482566144_a.jpg",
        "username": "is_industry"
      }
    }
  },
  {
    "post_id": "insta_17919196186193836",
    "comment_text": 1526531484,
    "comment_date": "يسعد اواقتك ممكن اضافة لو سمحت❤",
    "metadata": {
      "id": "17919196186193836",
      "text": "يسعد اواقتك ممكن اضافة لو سمحت❤",
      "created_at": 1526531484,
      "owner": {
        "id": "2234969029",
        "profile_pic_url": "https://scontent-icn1-1.cdninstagram.com/vp/43d3aef582a1d3daee5c2f370f29f585/5BC28513/t51.2885-19/s150x150/32143980_1959590774051182_306053403803385856_n.jpg",
        "username": "fathiakhaled"
      }
    }
  },
  {
    "post_id": "insta_17856349786250518",
    "comment_text": 1526531864,
    "comment_date": "반가워요 ~💕 감각적인 제품촬영을 위한 색다른 미니스튜디오 구경 해보세요!! 💕",
    "metadata": {
      "id": "17856349786250518",
      "text": "반가워요 ~💕 감각적인 제품촬영을 위한 색다른 미니스튜디오 구경 해보세요!! 💕",
      "created_at": 1526531864,
      "owner": {
        "id": "7421503243",
        "profile_pic_url": "https://scontent-icn1-1.cdninstagram.com/vp/ae3399acc16cde2f73891debafcde2bd/5BA1E994/t51.2885-19/s150x150/31975785_232451467339423_4286493737841852416_n.jpg",
        "username": "582_dazns"
      }
    }
  },
  {
    "post_id": "insta_17945600800032777",
    "comment_text": 1526528681,
    "comment_date": "#대전 #대구 #청주 #오오티디 #데일리 #데일리룩 #셀스타그램 #데이트룩 #커플화 #육아맘 #ootd #selfie #나이키 #에어맥스97 #airmax97 #럽스타그램 #봄신상 #블로그 #스토어팜",
    "metadata": {
      "id": "17945600800032777",
      "text": "#대전 #대구 #청주 #오오티디 #데일리 #데일리룩 #셀스타그램 #데이트룩 #커플화 #육아맘 #ootd #selfie #나이키 #에어맥스97 #airmax97 #럽스타그램 #봄신상 #블로그 #스토어팜",
      "created_at": 1526528681,
      "owner": {
        "id": "5276934307",
        "profile_pic_url": "https://scontent-icn1-1.cdninstagram.com/vp/6bf874af887da4a9da0bc0655cfc633f/5B92B34C/t51.2885-19/s150x150/18380068_814258862067284_5305346064482566144_a.jpg",
        "username": "is_industry"
      }
    }
  },
  {
    "post_id": "insta_17856274006253585",
    "comment_text": 1526528714,
    "comment_date": "안녕하세요 인스타그램 및 각종 sns 서비스 실행사 젊은마케팅입니다. 지금 바로 가입 후 포인트 충전 시 보너스 팍팍 드리고 있으며 대행사가 아닌 실행사라서 가능한 금액! 타업체와 비교 환영 자세한 사항은 www.절므니.com을 참고해주세요~",
    "metadata": {
      "id": "17856274006253585",
      "text": "안녕하세요 인스타그램 및 각종 sns 서비스 실행사 젊은마케팅입니다. 지금 바로 가입 후 포인트 충전 시 보너스 팍팍 드리고 있으며 대행사가 아닌 실행사라서 가능한 금액! 타업체와 비교 환영 자세한 사항은 www.절므니.com을 참고해주세요~",
      "created_at": 1526528714,
      "owner": {
        "id": "7752393447",
        "profile_pic_url": "https://scontent-syd2-1.cdninstagram.com/vp/856b9478629f7c2f4ae549c4c8cc5dd7/5B94597A/t51.2885-19/11906329_960233084022564_1448528159_a.jpg",
        "username": "caejeongs4"
      }
    }
  },
  {
    "post_id": "insta_17868895147243656",
    "comment_text": 1526528296,
    "comment_date": "#맞팔 #선팔 #선팔하면맞팔 #좋아요 #FollowMe #Follow #Follow4Follow #FollowForFollow #F4F #Like4Like #LikeForLike #L4L #Likes #フォロー #フォローミー #フォローバック #フォロー返します #フォロー大歓迎 #フォロー歓迎 #フォローお願いします #いいね #いいね返し",
    "metadata": {
      "id": "17868895147243656",
      "text": "#맞팔 #선팔 #선팔하면맞팔 #좋아요 #FollowMe #Follow #Follow4Follow #FollowForFollow #F4F #Like4Like #LikeForLike #L4L #Likes #フォロー #フォローミー #フォローバック #フォロー返します #フォロー大歓迎 #フォロー歓迎 #フォローお願いします #いいね #いいね返し",
      "created_at": 1526528296,
      "owner": {
        "id": "6305272451",
        "profile_pic_url": "https://scontent-icn1-1.cdninstagram.com/vp/7008b4569abc98b3e56292056d6fbb22/5BA18920/t51.2885-19/s150x150/24125147_314040272414027_8850321433906118656_n.jpg",
        "username": "donup__sneakers"
      }
    }
  },
  {
    "post_id": "insta_17872781008227853",
    "comment_text": 1526528515,
    "comment_date": "GOOD!",
    "metadata": {
      "id": "17872781008227853",
      "text": "GOOD!",
      "created_at": 1526528515,
      "owner": {
        "id": "4140529594",
        "profile_pic_url": "https://scontent-icn1-1.cdninstagram.com/vp/27c8a56c627c2afa0b11f3860e274e25/5B7F1CFA/t51.2885-19/s150x150/29739597_2055739734637883_550237223887306752_n.jpg",
        "username": "we_homepet"
      }
    }
  },
  {
    "post_id": "insta_17919884506133814",
    "comment_text": 1526530351,
    "comment_date": "좋아요 남깁니다!",
    "metadata": {
      "id": "17919884506133814",
      "text": "좋아요 남깁니다!",
      "created_at": 1526530351,
      "owner": {
        "id": "7326264419",
        "profile_pic_url": "https://scontent-icn1-1.cdninstagram.com/vp/115f69e8a6417e15a7d1cbf6c72bbfbc/5BA13E58/t51.2885-19/s150x150/31748592_130788354450519_7094967475397197824_n.jpg",
        "username": "nrsjvcrn134"
      }
    }
  },
  {
    "post_id": "insta_17846620516263793",
    "comment_text": 1526533275,
    "comment_date": "안녕하세요 !! 색다른 제품촬영을 위한 미니스튜디오 구경 해보세요!! 😄",
    "metadata": {
      "id": "17846620516263793",
      "text": "안녕하세요 !! 색다른 제품촬영을 위한 미니스튜디오 구경 해보세요!! 😄",
      "created_at": 1526533275,
      "owner": {
        "id": "7421144716",
        "profile_pic_url": "https://scontent-icn1-1.cdninstagram.com/vp/8dd3c289d16a5dd6d6d9fc960579b97f/5B86D0AB/t51.2885-19/s150x150/31745599_919439794904168_2189745683811008512_n.jpg",
        "username": "ztlehvuf"
      }
    }
  },
  {
    "post_id": "insta_17929643260125266",
    "comment_text": 1526527336,
    "comment_date": "피드가 좋아요~ 선팔하고 갑니당~ 맞팔해요",
    "metadata": {
      "id": "17929643260125266",
      "text": "피드가 좋아요~ 선팔하고 갑니당~ 맞팔해요",
      "created_at": 1526527336,
      "owner": {
        "id": "7376052976",
        "profile_pic_url": "https://scontent-icn1-1.cdninstagram.com/vp/47edc9e370134de1558f21f515df9426/5B8D8FD7/t51.2885-19/s150x150/32135568_235298040538031_6217095302764036096_n.jpg",
        "username": "my_bellas_"
      }
    }
  },
  {
    "post_id": "insta_17945711590016931",
    "comment_text": 1526607559,
    "comment_date": "230 예약 가능할까요?",
    "metadata": {
      "id": "17945711590016931",
      "text": "230 예약 가능할까요?",
      "created_at": 1526607559,
      "owner": {
        "id": "1378488479",
        "profile_pic_url": "https://scontent-icn1-1.cdninstagram.com/vp/35f596181daa636a892e7456d2013c97/5B869641/t51.2885-19/s150x150/26073628_162915997685250_5335497357670744064_n.jpg",
        "username": "life_minho"
      }
    }
  },
  {
    "post_id": "insta_17926283797093705",
    "comment_text": 1526609592,
    "comment_date": "@life_minho 안녕하세요 고객님^^~ 안타깝게도 예약은  따로 안되세용 ㅠㅠ 도움을 드리지 못해서 죄송합니다 ..😭",
    "metadata": {
      "id": "17926283797093705",
      "text": "@life_minho 안녕하세요 고객님^^~ 안타깝게도 예약은  따로 안되세용 ㅠㅠ 도움을 드리지 못해서 죄송합니다 ..😭",
      "created_at": 1526609592,
      "owner": {
        "id": "6984889981",
        "profile_pic_url": "https://scontent-icn1-1.cdninstagram.com/vp/328dbdc9b35af4b912918f7caa585168/5B91B679/t51.2885-19/s150x150/26072859_570801473282310_3652499454772117504_n.jpg",
        "username": "nike_lottejeonju"
      }
    }
  },
  {
    "post_id": "insta_17926400203094685",
    "comment_text": 1526609684,
    "comment_date": "@nike_lottejeonju  225 230 250 몇족 남았나요? 오늘 찾아뵐께요",
    "metadata": {
      "id": "17926400203094685",
      "text": "@nike_lottejeonju  225 230 250 몇족 남았나요? 오늘 찾아뵐께요",
      "created_at": 1526609684,
      "owner": {
        "id": "1378488479",
        "profile_pic_url": "https://scontent-icn1-1.cdninstagram.com/vp/35f596181daa636a892e7456d2013c97/5B869641/t51.2885-19/s150x150/26073628_162915997685250_5335497357670744064_n.jpg",
        "username": "life_minho"
      }
    }
  },
  {
    "post_id": "insta_17938644346072456",
    "comment_text": 1526610045,
    "comment_date": "@life_minho 문의주신 사이즈 225 1족 250 1족 230 사이즈는 품절 입니다 고객님 ㅠㅠ...",
    "metadata": {
      "id": "17938644346072456",
      "text": "@life_minho 문의주신 사이즈 225 1족 250 1족 230 사이즈는 품절 입니다 고객님 ㅠㅠ...",
      "created_at": 1526610045,
      "owner": {
        "id": "6984889981",
        "profile_pic_url": "https://scontent-icn1-1.cdninstagram.com/vp/328dbdc9b35af4b912918f7caa585168/5B91B679/t51.2885-19/s150x150/26072859_570801473282310_3652499454772117504_n.jpg",
        "username": "nike_lottejeonju"
      }
    }
  },
  {
    "post_id": "insta_17904648394194798",
    "comment_text": 1526526462,
    "comment_date": "This is so dope! 👌",
    "metadata": {
      "id": "17904648394194798",
      "text": "This is so dope! 👌",
      "created_at": 1526526462,
      "owner": {
        "id": "7251712697",
        "profile_pic_url": "https://scontent-icn1-1.cdninstagram.com/vp/9a1f541c4e67c2257649d80ab5d602c4/5B81F432/t51.2885-19/s150x150/29738540_1793524024073744_621948003611049984_n.jpg",
        "username": "sneakydropcop"
      }
    }
  },
  {
    "post_id": "insta_17846662645263394",
    "comment_text": 1526544451,
    "comment_date": "😍",
    "metadata": {
      "id": "17846662645263394",
      "text": "😍",
      "created_at": 1526544451,
      "owner": {
        "id": "5357099691",
        "profile_pic_url": "https://scontent-icn1-1.cdninstagram.com/vp/5de684f9a471f22ea31c6dc95b22736d/5BC4D284/t51.2885-19/s150x150/18012160_1918462195051791_7088763811749953536_a.jpg",
        "username": "lek.11.26"
      }
    }
  },
  {
    "post_id": "insta_17943774949030073",
    "comment_text": 1526526129,
    "comment_date": "언제 발매하나요?",
    "metadata": {
      "id": "17943774949030073",
      "text": "언제 발매하나요?",
      "created_at": 1526526129,
      "owner": {
        "id": "1671221957",
        "profile_pic_url": "https://scontent-icn1-1.cdninstagram.com/vp/2c1e1b45509a291f3f400bf701258610/5B819589/t51.2885-19/s150x150/14733674_321137278264984_3653517838762639360_a.jpg",
        "username": "cheon.1000"
      }
    }
  },
  {
    "post_id": "insta_17926094668091993",
    "comment_text": 1526529781,
    "comment_date": "@ming_9021  와.",
    "metadata": {
      "id": "17926094668091993",
      "text": "@ming_9021  와.",
      "created_at": 1526529781,
      "owner": {
        "id": "1558172143",
        "profile_pic_url": "https://scontent-icn1-1.cdninstagram.com/vp/a9b56d46d7749b030e60f43a97521f53/5BA2EA1D/t51.2885-19/s150x150/30909941_2007981499467475_4046633549665665024_n.jpg",
        "username": "930717_sjh"
      }
    }
  },
  {
    "post_id": "insta_17944642153051756",
    "comment_text": 1526530204,
    "comment_date": "@930717_sjh 혼종이닷",
    "metadata": {
      "id": "17944642153051756",
      "text": "@930717_sjh 혼종이닷",
      "created_at": 1526530204,
      "owner": {
        "id": "1325346238",
        "profile_pic_url": "https://scontent-icn1-1.cdninstagram.com/vp/967d6d48d3187d60ef214306fba979e2/5B8905CD/t51.2885-19/s150x150/12383432_1563443393965760_474953710_a.jpg",
        "username": "ming_9021"
      }
    }
  },
  {
    "post_id": "insta_17917908064182376",
    "comment_text": 1526533201,
    "comment_date": "안녕하세요 명품정직구입니다 한번구경오세요~",
    "metadata": {
      "id": "17917908064182376",
      "text": "안녕하세요 명품정직구입니다 한번구경오세요~",
      "created_at": 1526533201,
      "owner": {
        "id": "6776494051",
        "profile_pic_url": "https://scontent-icn1-1.cdninstagram.com/vp/8fdac5f8b146357ad553a965d8486cc2/5BC274C8/t51.2885-19/s150x150/30830498_2024127551182634_2045951145108570112_n.jpg",
        "username": "jung.g9"
      }
    }
  },
  {
    "post_id": "insta_17857603384247193",
    "comment_text": 1526595385,
    "comment_date": "좋은하루보내세요😊",
    "metadata": {
      "id": "17857603384247193",
      "text": "좋은하루보내세요😊",
      "created_at": 1526595385,
      "owner": {
        "id": "5424981134",
        "profile_pic_url": "https://scontent-icn1-1.cdninstagram.com/vp/b3ecd6577b4aaa124ddc85000a0b49a9/5B7FDAF4/t51.2885-19/s150x150/27580306_169922776978578_3584675354163281920_n.jpg",
        "username": "refreshmall"
      }
    }
  },
  {
    "post_id": "insta_17856148486251160",
    "comment_text": 1526522097,
    "comment_date": "#대전 #대구 #청주 #오오티디 #데일리 #데일리룩 #셀스타그램 #데이트룩 #커플화 #육아맘 #ootd #selfie #나이키 #에어맥스97 #airmax97 #럽스타그램 #봄신상 #블로그 #스토어팜",
    "metadata": {
      "id": "17856148486251160",
      "text": "#대전 #대구 #청주 #오오티디 #데일리 #데일리룩 #셀스타그램 #데이트룩 #커플화 #육아맘 #ootd #selfie #나이키 #에어맥스97 #airmax97 #럽스타그램 #봄신상 #블로그 #스토어팜",
      "created_at": 1526522097,
      "owner": {
        "id": "5276934307",
        "profile_pic_url": "https://scontent-icn1-1.cdninstagram.com/vp/6bf874af887da4a9da0bc0655cfc633f/5B92B34C/t51.2885-19/s150x150/18380068_814258862067284_5305346064482566144_a.jpg",
        "username": "is_industry"
      }
    }
  },
  {
    "post_id": "insta_17919886912184771",
    "comment_text": 1526526080,
    "comment_date": "내가 사준옷 입고 잘 돌아가니네",
    "metadata": {
      "id": "17919886912184771",
      "text": "내가 사준옷 입고 잘 돌아가니네",
      "created_at": 1526526080,
      "owner": {
        "id": "1903958140",
        "profile_pic_url": "https://scontent-icn1-1.cdninstagram.com/vp/8ff203c73f094c5f2d97a6e8928e9844/5B94CADC/t51.2885-19/s150x150/29402068_186415442086177_8344730661348704256_n.jpg",
        "username": "j_chan24"
      }
    }
  },
  {
    "post_id": "insta_17883918538221516",
    "comment_text": 1526529966,
    "comment_date": "#self#selfie#selstagram#셀스타그램#photooftheday#ootd#outoftheday#tokyo#disneyland#japan#일본여행#디즈니랜드#도쿄디즈니랜드#airmax97#에어맥스97#nike#ain",
    "metadata": {
      "id": "17883918538221516",
      "text": "#self#selfie#selstagram#셀스타그램#photooftheday#ootd#outoftheday#tokyo#disneyland#japan#일본여행#디즈니랜드#도쿄디즈니랜드#airmax97#에어맥스97#nike#ain",
      "created_at": 1526529966,
      "owner": {
        "id": "1121247960",
        "profile_pic_url": "https://scontent-icn1-1.cdninstagram.com/vp/a10214d0ee6941140408bc1daa4257b7/5B8FBF20/t51.2885-19/s150x150/30991704_894820747356480_639016684681691136_n.jpg",
        "username": "silverguuun"
      }
    }
  },
  {
    "post_id": "insta_17854220179262404",
    "comment_text": 1526529974,
    "comment_date": "@j_chan24 ㅇㅇ 나한테 잘 어울리는 듯 ㅎ",
    "metadata": {
      "id": "17854220179262404",
      "text": "@j_chan24 ㅇㅇ 나한테 잘 어울리는 듯 ㅎ",
      "created_at": 1526529974,
      "owner": {
        "id": "1121247960",
        "profile_pic_url": "https://scontent-icn1-1.cdninstagram.com/vp/a10214d0ee6941140408bc1daa4257b7/5B8FBF20/t51.2885-19/s150x150/30991704_894820747356480_639016684681691136_n.jpg",
        "username": "silverguuun"
      }
    }
  },
  {
    "post_id": "insta_17932221610103910",
    "comment_text": 1526595387,
    "comment_date": "좋은하루되세요💛💛",
    "metadata": {
      "id": "17932221610103910",
      "text": "좋은하루되세요💛💛",
      "created_at": 1526595387,
      "owner": {
        "id": "5424981134",
        "profile_pic_url": "https://scontent-icn1-1.cdninstagram.com/vp/b3ecd6577b4aaa124ddc85000a0b49a9/5B7FDAF4/t51.2885-19/s150x150/27580306_169922776978578_3584675354163281920_n.jpg",
        "username": "refreshmall"
      }
    }
  },
  {
    "post_id": "insta_17918311837190065",
    "comment_text": 1526520824,
    "comment_date": "🎂❤️",
    "metadata": {
      "id": "17918311837190065",
      "text": "🎂❤️",
      "created_at": 1526520824,
      "owner": {
        "id": "1123420286",
        "profile_pic_url": "https://scontent-icn1-1.cdninstagram.com/vp/d19a5fd4f5df77f72534a84485081ac0/5BC12920/t51.2885-19/s150x150/29093033_608494129483677_4189823043440214016_n.jpg",
        "username": "s0m5_s0me3"
      }
    }
  },
  {
    "post_id": "insta_17937199765073222",
    "comment_text": 1526521128,
    "comment_date": "달달~~~",
    "metadata": {
      "id": "17937199765073222",
      "text": "달달~~~",
      "created_at": 1526521128,
      "owner": {
        "id": "2524210165",
        "profile_pic_url": "https://scontent-icn1-1.cdninstagram.com/vp/3aca35dba151ae84ae1d21dc46312f38/5B9365C8/t51.2885-19/s150x150/31966787_163890887639988_6909296915364446208_n.jpg",
        "username": "khoya7"
      }
    }
  },
  {
    "post_id": "insta_17946834898052438",
    "comment_text": 1526525470,
    "comment_date": "생축🎂 쏘닉 함 또 달려줘야지 원배야",
    "metadata": {
      "id": "17946834898052438",
      "text": "생축🎂 쏘닉 함 또 달려줘야지 원배야",
      "created_at": 1526525470,
      "owner": {
        "id": "1466409310",
        "profile_pic_url": "https://scontent-icn1-1.cdninstagram.com/vp/345aaa8023da5efe0941dd279d804ee6/5B835C57/t51.2885-19/s150x150/31440728_1519785478131441_7884072664115970048_n.jpg",
        "username": "__yoonah"
      }
    }
  },
  {
    "post_id": "insta_17926218451082299",
    "comment_text": 1526527132,
    "comment_date": "@s0m5_s0me3 ♡.♡",
    "metadata": {
      "id": "17926218451082299",
      "text": "@s0m5_s0me3 ♡.♡",
      "created_at": 1526527132,
      "owner": {
        "id": "2062479298",
        "profile_pic_url": "https://scontent-icn1-1.cdninstagram.com/vp/8660598d1f5e8b7c9ab256720d284017/5B86726B/t51.2885-19/s150x150/32121509_224035111696311_7468453832842805248_n.jpg",
        "username": "wonbae_jun"
      }
    }
  },
  {
    "post_id": "insta_17926207951093725",
    "comment_text": 1526527155,
    "comment_date": "@khoya7 꿀꿀~~",
    "metadata": {
      "id": "17926207951093725",
      "text": "@khoya7 꿀꿀~~",
      "created_at": 1526527155,
      "owner": {
        "id": "2062479298",
        "profile_pic_url": "https://scontent-icn1-1.cdninstagram.com/vp/8660598d1f5e8b7c9ab256720d284017/5B86726B/t51.2885-19/s150x150/32121509_224035111696311_7468453832842805248_n.jpg",
        "username": "wonbae_jun"
      }
    }
  },
  {
    "post_id": "insta_17945325706049315",
    "comment_text": 1526527207,
    "comment_date": "@__yoonah 윤화표 쏘닉이면 쭉쭉들가지~!!",
    "metadata": {
      "id": "17945325706049315",
      "text": "@__yoonah 윤화표 쏘닉이면 쭉쭉들가지~!!",
      "created_at": 1526527207,
      "owner": {
        "id": "2062479298",
        "profile_pic_url": "https://scontent-icn1-1.cdninstagram.com/vp/8660598d1f5e8b7c9ab256720d284017/5B86726B/t51.2885-19/s150x150/32121509_224035111696311_7468453832842805248_n.jpg",
        "username": "wonbae_jun"
      }
    }
  },
  {
    "post_id": "insta_17873535562239526",
    "comment_text": 1526527831,
    "comment_date": "저도 구해주세여..98.....",
    "metadata": {
      "id": "17873535562239526",
      "text": "저도 구해주세여..98.....",
      "created_at": 1526527831,
      "owner": {
        "id": "1454039243",
        "profile_pic_url": "https://scontent-icn1-1.cdninstagram.com/vp/89653e4d19bd09d293cb8771d6ee9d27/5B8ED5FE/t51.2885-19/s150x150/32038011_1677938082320611_8526834302581735424_n.jpg",
        "username": "_nang_kk"
      }
    }
  },
  {
    "post_id": "insta_17905563316197880",
    "comment_text": 1526535115,
    "comment_date": "@_nang_kk 98은.....😫국내에 240 이하가 잘없지..",
    "metadata": {
      "id": "17905563316197880",
      "text": "@_nang_kk 98은.....😫국내에 240 이하가 잘없지..",
      "created_at": 1526535115,
      "owner": {
        "id": "1326363152",
        "profile_pic_url": "https://scontent-icn1-1.cdninstagram.com/vp/cde0105c3af642ce3f9d3d17bb56c7ba/5BBF4949/t51.2885-19/s150x150/29401431_100634507450263_6190442449417011200_n.jpg",
        "username": "harorome"
      }
    }
  },
  {
    "post_id": "insta_17948655739061786",
    "comment_text": 1526529072,
    "comment_date": "비오는날 젖을까봐 못신겟던디 ㅋㅋㅋㅋ",
    "metadata": {
      "id": "17948655739061786",
      "text": "비오는날 젖을까봐 못신겟던디 ㅋㅋㅋㅋ",
      "created_at": 1526529072,
      "owner": {
        "id": "2294935247",
        "profile_pic_url": "https://scontent-icn1-1.cdninstagram.com/vp/1074688e147b7190227e437f55d56f33/5B90DB89/t51.2885-19/s150x150/19425115_1020369444767033_7973097913003802624_a.jpg",
        "username": "jjung2choi"
      }
    }
  },
  {
    "post_id": "insta_17931552745112867",
    "comment_text": 1526541636,
    "comment_date": "@jjung2choi 난 매장에 있으니까...걍 던져 본거여 ㅋㅋㅋ",
    "metadata": {
      "id": "17931552745112867",
      "text": "@jjung2choi 난 매장에 있으니까...걍 던져 본거여 ㅋㅋㅋ",
      "created_at": 1526541636,
      "owner": {
        "id": "6048783400",
        "profile_pic_url": "https://scontent-icn1-1.cdninstagram.com/vp/f6501b88dd3b5233552e1c531f7f7193/5B82156C/t51.2885-19/s150x150/20225679_1947507082191685_6949929341799104512_n.jpg",
        "username": "bbak_ddo"
      }
    }
  },
  {
    "post_id": "insta_17944294780031056",
    "comment_text": 1526516359,
    "comment_date": "#강남 #버버리볼캡 #옷스타그램 #신발스타그램 #선팔 #맞팔 #소통 #반팔티 #발렌시아가트리플s #발렌시아가스피드러너 #구찌볼캡 #오프화이트 #필립플래인 #데일리 #daily #ootd #버버리 #구찌스니커즈 #홍대 #패션 #에어맥스97  #패션피플 #이태원  #커플신발 #부산 #남친룩 #스톤아일랜드 #발렌시아가모자 #스톤아일랜드",
    "metadata": {
      "id": "17944294780031056",
      "text": "#강남 #버버리볼캡 #옷스타그램 #신발스타그램 #선팔 #맞팔 #소통 #반팔티 #발렌시아가트리플s #발렌시아가스피드러너 #구찌볼캡 #오프화이트 #필립플래인 #데일리 #daily #ootd #버버리 #구찌스니커즈 #홍대 #패션 #에어맥스97  #패션피플 #이태원  #커플신발 #부산 #남친룩 #스톤아일랜드 #발렌시아가모자 #스톤아일랜드",
      "created_at": 1526516359,
      "owner": {
        "id": "4401017405",
        "profile_pic_url": "https://scontent-icn1-1.cdninstagram.com/vp/c6f08d11c501b0c2dd6bdaa5de1713d8/5B8C1809/t51.2885-19/s150x150/28766322_1789603731091184_844754019116122112_n.jpg",
        "username": "w_nara_"
      }
    }
  },
  {
    "post_id": "insta_17944224934060976",
    "comment_text": 1526521231,
    "comment_date": "반가워요~ ^^",
    "metadata": {
      "id": "17944224934060976",
      "text": "반가워요~ ^^",
      "created_at": 1526521231,
      "owner": {
        "id": "3508202883",
        "profile_pic_url": "https://scontent-icn1-1.cdninstagram.com/vp/6d1e4a30948359a15bc0cb9d1ed3c6ea/5BBF52F0/t51.2885-19/s150x150/29087562_1078147575656437_2752361497366626304_n.jpg",
        "username": "lan__world"
      }
    }
  },
  {
    "post_id": "insta_17945434405032284",
    "comment_text": 1526720677,
    "comment_date": "🙌🙌 ..",
    "metadata": {
      "id": "17945434405032284",
      "text": "🙌🙌 ..",
      "created_at": 1526720677,
      "owner": {
        "id": "5510949262",
        "profile_pic_url": "https://scontent-icn1-1.cdninstagram.com/vp/e76d1d263c78475abb2f6e0390abae2d/5BC3CCDB/t51.2885-19/s150x150/28751628_192459901357661_3175649710006337536_n.jpg",
        "username": "andronistores"
      }
    }
  },
  {
    "post_id": "insta_17938196488076827",
    "comment_text": 1526516368,
    "comment_date": "#강남 #버버리볼캡 #옷스타그램 #신발스타그램 #선팔 #맞팔 #소통 #반팔티 #발렌시아가트리플s #발렌시아가스피드러너 #구찌볼캡 #오프화이트 #필립플래인 #데일리 #daily #ootd #버버리 #구찌스니커즈 #홍대 #패션 #에어맥스97  #패션피플 #이태원  #커플신발 #부산 #남친룩 #스톤아일랜드 #발렌시아가모자 #스톤아일랜드",
    "metadata": {
      "id": "17938196488076827",
      "text": "#강남 #버버리볼캡 #옷스타그램 #신발스타그램 #선팔 #맞팔 #소통 #반팔티 #발렌시아가트리플s #발렌시아가스피드러너 #구찌볼캡 #오프화이트 #필립플래인 #데일리 #daily #ootd #버버리 #구찌스니커즈 #홍대 #패션 #에어맥스97  #패션피플 #이태원  #커플신발 #부산 #남친룩 #스톤아일랜드 #발렌시아가모자 #스톤아일랜드",
      "created_at": 1526516368,
      "owner": {
        "id": "7306662092",
        "profile_pic_url": "https://scontent-icn1-1.cdninstagram.com/vp/8db7237355ee56d082949b388f1c39b7/5B82F11B/t51.2885-19/s150x150/29417980_2460403247519960_1147614359548067840_n.jpg",
        "username": "zippo_replica_"
      }
    }
  },
  {
    "post_id": "insta_17946082552003425",
    "comment_text": 1526520640,
    "comment_date": "오늘 같은 날에 어울리는 사진이네요^^ 굿~",
    "metadata": {
      "id": "17946082552003425",
      "text": "오늘 같은 날에 어울리는 사진이네요^^ 굿~",
      "created_at": 1526520640,
      "owner": {
        "id": "5400614514",
        "profile_pic_url": "https://scontent-icn1-1.cdninstagram.com/vp/4b4555bb1c70039402177cd2f767f862/5B8CFD49/t51.2885-19/s150x150/27881131_782136811983701_1348066659415359488_n.jpg",
        "username": "filmhaze"
      }
    }
  },
  {
    "post_id": "insta_17917405630176425",
    "comment_text": 1526524299,
    "comment_date": "안녕하세요 인스타그램 및 각종 sns 서비스 실행사 젊은마케팅입니다. 지금 바로 가입 후 포인트 충전 시 보너스 팍팍 드리고 있으며 대행사가 아닌 실행사라서 가능한 금액! 타업체와 비교 환영 자세한 사항은 www.절므니.com을 참고해주세요~~~~~",
    "metadata": {
      "id": "17917405630176425",
      "text": "안녕하세요 인스타그램 및 각종 sns 서비스 실행사 젊은마케팅입니다. 지금 바로 가입 후 포인트 충전 시 보너스 팍팍 드리고 있으며 대행사가 아닌 실행사라서 가능한 금액! 타업체와 비교 환영 자세한 사항은 www.절므니.com을 참고해주세요~~~~~",
      "created_at": 1526524299,
      "owner": {
        "id": "7752393447",
        "profile_pic_url": "https://instagram.fidr1-1.fna.fbcdn.net/vp/856b9478629f7c2f4ae549c4c8cc5dd7/5B94597A/t51.2885-19/11906329_960233084022564_1448528159_a.jpg",
        "username": "caejeongs4"
      }
    }
  },
  {
    "post_id": "insta_17926313104093026",
    "comment_text": 1526516128,
    "comment_date": "#강남 #버버리볼캡 #옷스타그램 #신발스타그램 #선팔 #맞팔 #소통 #반팔티 #발렌시아가트리플s #발렌시아가스피드러너 #구찌볼캡 #오프화이트 #필립플래인 #데일리 #daily #ootd #버버리 #구찌스니커즈 #홍대 #패션 #에어맥스97  #패션피플 #이태원  #커플신발 #부산 #남친룩 #스톤아일랜드 #발렌시아가모자 #스톤아일랜드",
    "metadata": {
      "id": "17926313104093026",
      "text": "#강남 #버버리볼캡 #옷스타그램 #신발스타그램 #선팔 #맞팔 #소통 #반팔티 #발렌시아가트리플s #발렌시아가스피드러너 #구찌볼캡 #오프화이트 #필립플래인 #데일리 #daily #ootd #버버리 #구찌스니커즈 #홍대 #패션 #에어맥스97  #패션피플 #이태원  #커플신발 #부산 #남친룩 #스톤아일랜드 #발렌시아가모자 #스톤아일랜드",
      "created_at": 1526516128,
      "owner": {
        "id": "4401017405",
        "profile_pic_url": "https://scontent-icn1-1.cdninstagram.com/vp/c6f08d11c501b0c2dd6bdaa5de1713d8/5B8C1809/t51.2885-19/s150x150/28766322_1789603731091184_844754019116122112_n.jpg",
        "username": "w_nara_"
      }
    }
  },
  {
    "post_id": "insta_17915228458164324",
    "comment_text": 1526516239,
    "comment_date": "친하게 지내요~ !",
    "metadata": {
      "id": "17915228458164324",
      "text": "친하게 지내요~ !",
      "created_at": 1526516239,
      "owner": {
        "id": "470627072",
        "profile_pic_url": "https://scontent-icn1-1.cdninstagram.com/vp/79ee9ac474195d0b21ac79474afebfae/5B960662/t51.2885-19/s150x150/25013386_188270941728198_251997027020308480_n.jpg",
        "username": "wonny_pom"
      }
    }
  },
  {
    "post_id": "insta_17932721845129705",
    "comment_text": 1526516137,
    "comment_date": "#강남 #버버리볼캡 #옷스타그램 #신발스타그램 #선팔 #맞팔 #소통 #반팔티 #발렌시아가트리플s #발렌시아가스피드러너 #구찌볼캡 #오프화이트 #필립플래인 #데일리 #daily #ootd #버버리 #구찌스니커즈 #홍대 #패션 #에어맥스97  #패션피플 #이태원  #커플신발 #부산 #남친룩 #스톤아일랜드 #발렌시아가모자 #스톤아일랜드",
    "metadata": {
      "id": "17932721845129705",
      "text": "#강남 #버버리볼캡 #옷스타그램 #신발스타그램 #선팔 #맞팔 #소통 #반팔티 #발렌시아가트리플s #발렌시아가스피드러너 #구찌볼캡 #오프화이트 #필립플래인 #데일리 #daily #ootd #버버리 #구찌스니커즈 #홍대 #패션 #에어맥스97  #패션피플 #이태원  #커플신발 #부산 #남친룩 #스톤아일랜드 #발렌시아가모자 #스톤아일랜드",
      "created_at": 1526516137,
      "owner": {
        "id": "7306662092",
        "profile_pic_url": "https://scontent-icn1-1.cdninstagram.com/vp/8db7237355ee56d082949b388f1c39b7/5B82F11B/t51.2885-19/s150x150/29417980_2460403247519960_1147614359548067840_n.jpg",
        "username": "zippo_replica_"
      }
    }
  },
  {
    "post_id": "insta_17873704516231485",
    "comment_text": 1526618828,
    "comment_date": "와우👏🏼!",
    "metadata": {
      "id": "17873704516231485",
      "text": "와우👏🏼!",
      "created_at": 1526618828,
      "owner": {
        "id": "6868761312",
        "profile_pic_url": "https://scontent-icn1-1.cdninstagram.com/vp/d1bceff8dce5deb0429bd857e6c1a127/5B82459C/t51.2885-19/s150x150/30590590_178500472801489_2699211285668560896_n.jpg",
        "username": "tree_and_spring"
      }
    }
  },
  {
    "post_id": "insta_17871324694241506",
    "comment_text": 1526515690,
    "comment_date": "はじめまして",
    "metadata": {
      "id": "17871324694241506",
      "text": "はじめまして",
      "created_at": 1526515690,
      "owner": {
        "id": "7605951497",
        "profile_pic_url": "https://scontent-icn1-1.cdninstagram.com/vp/59df61726beea96c6c5d17c6a8db61ac/5B86A4FD/t51.2885-19/s150x150/30855477_122948555230884_3895648823392862208_n.jpg",
        "username": "trendmatome"
      }
    }
  },
  {
    "post_id": "insta_17919626359184071",
    "comment_text": 1526552854,
    "comment_date": "뉴 뉴",
    "metadata": {
      "id": "17919626359184071",
      "text": "뉴 뉴",
      "created_at": 1526552854,
      "owner": {
        "id": "547655606",
        "profile_pic_url": "https://scontent-icn1-1.cdninstagram.com/vp/6879c078fbe7ede8114166a6d66f1b53/5B8DE335/t51.2885-19/s150x150/15875946_1661561397476923_5731117193421127680_a.jpg",
        "username": "sj_nov20"
      }
    }
  },
  {
    "post_id": "insta_17919250135180115",
    "comment_text": 1527104593,
    "comment_date": "Love it! ❤",
    "metadata": {
      "id": "17919250135180115",
      "text": "Love it! ❤",
      "created_at": 1527104593,
      "owner": {
        "id": "7105674568",
        "profile_pic_url": "https://scontent-icn1-1.cdninstagram.com/vp/cb547aa3ced243d975a5c0c42c066772/5BC503FF/t51.2885-19/s150x150/31060803_994938227328964_1125519389920067584_n.jpg",
        "username": "bestimagesinworld"
      }
    }
  },
  {
    "post_id": "insta_17947341769014048",
    "comment_text": 1526513063,
    "comment_date": "#나이키 #나이키운동화 #트레이닝복 #에어맥스97 #airmax #airmax97 #운동하는남자 #운동하는여자 #training #exercise #헬스타그램 #몸스타그램 #바디 #운동화 #nike #nikeairmax #nikerunning #dailylook #일상 #출근 #mensfashion #패션스타그램 #blogger #instapic #instagood #photooftheday #selfie #셀카",
    "metadata": {
      "id": "17947341769014048",
      "text": "#나이키 #나이키운동화 #트레이닝복 #에어맥스97 #airmax #airmax97 #운동하는남자 #운동하는여자 #training #exercise #헬스타그램 #몸스타그램 #바디 #운동화 #nike #nikeairmax #nikerunning #dailylook #일상 #출근 #mensfashion #패션스타그램 #blogger #instapic #instagood #photooftheday #selfie #셀카",
      "created_at": 1526513063,
      "owner": {
        "id": "5887196748",
        "profile_pic_url": "https://scontent-icn1-1.cdninstagram.com/vp/762eddb6e2d2254595c506b3fafb9393/5BBF273F/t51.2885-19/s150x150/25013821_504907846548617_2496253370600259584_n.jpg",
        "username": "dd_taeyou92"
      }
    }
  },
  {
    "post_id": "insta_17856370390254002",
    "comment_text": 1526513307,
    "comment_date": "맞팔하고 소통해요 ㅎ 너무좋아요~!",
    "metadata": {
      "id": "17856370390254002",
      "text": "맞팔하고 소통해요 ㅎ 너무좋아요~!",
      "created_at": 1526513307,
      "owner": {
        "id": "7078552492",
        "profile_pic_url": "https://scontent-icn1-1.cdninstagram.com/vp/b281c329234eb0ac3591db8d0eeb1488/5B92C261/t51.2885-19/s150x150/29400567_616383845364527_5442401288396472320_n.jpg",
        "username": "saero_tattoo"
      }
    }
  },
  {
    "post_id": "insta_17945462734055386",
    "comment_text": 1526513472,
    "comment_date": "멋져요 :)",
    "metadata": {
      "id": "17945462734055386",
      "text": "멋져요 :)",
      "created_at": 1526513472,
      "owner": {
        "id": "627201761",
        "profile_pic_url": "https://scontent-icn1-1.cdninstagram.com/vp/dea5e13d133c7b9e1ad5bf7c99893ba7/5B87BC58/t51.2885-19/s150x150/30592887_183699515608096_4833373207836753920_n.jpg",
        "username": "originalpeople_official"
      }
    }
  },
  {
    "post_id": "insta_17846290435271482",
    "comment_text": 1526513609,
    "comment_date": "Stare our insta bio immediately! I see you.",
    "metadata": {
      "id": "17846290435271482",
      "text": "Stare our insta bio immediately! I see you.",
      "created_at": 1526513609,
      "owner": {
        "id": "3075939162",
        "profile_pic_url": "https://scontent-icn1-1.cdninstagram.com/vp/4b18a7da6de59ba3fdcdd7b87592f8ef/5BBF81FE/t51.2885-19/25014375_974233209392869_3998403235890069504_n.jpg",
        "username": "bfirst_apparel78"
      }
    }
  },
  {
    "post_id": "insta_17884978723212945",
    "comment_text": 1526513792,
    "comment_date": "구경 잘했습니다",
    "metadata": {
      "id": "17884978723212945",
      "text": "구경 잘했습니다",
      "created_at": 1526513792,
      "owner": {
        "id": "4395916022",
        "profile_pic_url": "https://scontent-icn1-1.cdninstagram.com/vp/d359d80c14a7e2db4d96a3c1a9757e9b/5B891AD8/t51.2885-19/s150x150/21909675_515801205437894_8037903076805312512_n.jpg",
        "username": "dapara2"
      }
    }
  },
  {
    "post_id": "insta_17946135166041217",
    "comment_text": 1526513817,
    "comment_date": "이쁘다",
    "metadata": {
      "id": "17946135166041217",
      "text": "이쁘다",
      "created_at": 1526513817,
      "owner": {
        "id": "681305972",
        "profile_pic_url": "https://scontent-icn1-1.cdninstagram.com/vp/ed38b5984912c770b63cf1492555b3a0/5B815EE1/t51.2885-19/s150x150/29738013_191276208324015_4332132747523915776_n.jpg",
        "username": "ddangc0ng"
      }
    }
  },
  {
    "post_id": "insta_17883849787222809",
    "comment_text": 1526514554,
    "comment_date": "좋은하루되세요 ^^",
    "metadata": {
      "id": "17883849787222809",
      "text": "좋은하루되세요 ^^",
      "created_at": 1526514554,
      "owner": {
        "id": "563834781",
        "profile_pic_url": "https://scontent-icn1-1.cdninstagram.com/vp/c87b81b960f2952d80225721dd427d15/5BA02B5E/t51.2885-19/s150x150/28155911_999072390244775_8627153666190606336_n.jpg",
        "username": "min_hwan_jung"
      }
    }
  },
  {
    "post_id": "insta_17856274306248486",
    "comment_text": 1526517220,
    "comment_date": "반갑습니다 ^^ 소통하고지내요~",
    "metadata": {
      "id": "17856274306248486",
      "text": "반갑습니다 ^^ 소통하고지내요~",
      "created_at": 1526517220,
      "owner": {
        "id": "4831922364",
        "profile_pic_url": "https://scontent-icn1-1.cdninstagram.com/vp/053b283714da254441e7b94aa196b33e/5B877A73/t51.2885-19/s150x150/28753297_397404970720754_4895931476677230592_n.jpg",
        "username": "kim_sung_hwan_enzacta"
      }
    }
  },
  {
    "post_id": "insta_17916282184163350",
    "comment_text": 1526519866,
    "comment_date": "👌 👌 👍",
    "metadata": {
      "id": "17916282184163350",
      "text": "👌 👌 👍",
      "created_at": 1526519866,
      "owner": {
        "id": "3141968836",
        "profile_pic_url": "https://scontent-icn1-1.cdninstagram.com/vp/cda1e09140bd000edef47839faa6678a/5B8B66F8/t51.2885-19/s150x150/24177561_775174296023658_6275656786708004864_n.jpg",
        "username": "kemaldundar_"
      }
    }
  },
  {
    "post_id": "insta_17932164388128345",
    "comment_text": 1526524519,
    "comment_date": "@originalpeople_official 감사합니다",
    "metadata": {
      "id": "17932164388128345",
      "text": "@originalpeople_official 감사합니다",
      "created_at": 1526524519,
      "owner": {
        "id": "5887196748",
        "profile_pic_url": "https://scontent-icn1-1.cdninstagram.com/vp/762eddb6e2d2254595c506b3fafb9393/5BBF273F/t51.2885-19/s150x150/25013821_504907846548617_2496253370600259584_n.jpg",
        "username": "dd_taeyou92"
      }
    }
  },
  {
    "post_id": "insta_17947147615055050",
    "comment_text": 1526524610,
    "comment_date": "@ddangc0ng 상키 오랫만ㅋㅋ 신발이쁘지ㅋㅋ",
    "metadata": {
      "id": "17947147615055050",
      "text": "@ddangc0ng 상키 오랫만ㅋㅋ 신발이쁘지ㅋㅋ",
      "created_at": 1526524610,
      "owner": {
        "id": "5887196748",
        "profile_pic_url": "https://scontent-icn1-1.cdninstagram.com/vp/762eddb6e2d2254595c506b3fafb9393/5BBF273F/t51.2885-19/s150x150/25013821_504907846548617_2496253370600259584_n.jpg",
        "username": "dd_taeyou92"
      }
    }
  },
  {
    "post_id": "insta_17938312507074576",
    "comment_text": 1526524775,
    "comment_date": "@kemaldundar_ 👍",
    "metadata": {
      "id": "17938312507074576",
      "text": "@kemaldundar_ 👍",
      "created_at": 1526524775,
      "owner": {
        "id": "5887196748",
        "profile_pic_url": "https://scontent-icn1-1.cdninstagram.com/vp/762eddb6e2d2254595c506b3fafb9393/5BBF273F/t51.2885-19/s150x150/25013821_504907846548617_2496253370600259584_n.jpg",
        "username": "dd_taeyou92"
      }
    }
  },
  {
    "post_id": "insta_17945893726063831",
    "comment_text": 1526526445,
    "comment_date": "멋찌다..👍",
    "metadata": {
      "id": "17945893726063831",
      "text": "멋찌다..👍",
      "created_at": 1526526445,
      "owner": {
        "id": "1583542539",
        "profile_pic_url": "https://instagram.fsdu7-1.fna.fbcdn.net/vp/856b9478629f7c2f4ae549c4c8cc5dd7/5B94597A/t51.2885-19/11906329_960233084022564_1448528159_a.jpg",
        "username": "gusl_aldel_"
      }
    }
  },
  {
    "post_id": "insta_17937606235072433",
    "comment_text": 1526527523,
    "comment_date": "헐? 이거 징짜 이쁜데요!!!",
    "metadata": {
      "id": "17937606235072433",
      "text": "헐? 이거 징짜 이쁜데요!!!",
      "created_at": 1526527523,
      "owner": {
        "id": "5661136461",
        "profile_pic_url": "https://scontent-icn1-1.cdninstagram.com/vp/14b9a76acea0f218d98f6f77f063ca13/5B7D463A/t51.2885-19/s150x150/29093362_1901839250107175_2747080938155409408_n.jpg",
        "username": "dubu_stagram"
      }
    }
  },
  {
    "post_id": "insta_17886767008201773",
    "comment_text": 1526535571,
    "comment_date": "태유형이 신으면 정말 이쁘겠다",
    "metadata": {
      "id": "17886767008201773",
      "text": "태유형이 신으면 정말 이쁘겠다",
      "created_at": 1526535571,
      "owner": {
        "id": "6643971627",
        "profile_pic_url": "https://scontent-icn1-1.cdninstagram.com/vp/103202db6f404edadf4e8e199b657b6b/5B8457F1/t51.2885-19/s150x150/31920823_167315600628213_5297770369237647360_n.jpg",
        "username": "ogeongyu"
      }
    }
  },
  {
    "post_id": "insta_17931120706118142",
    "comment_text": 1526537642,
    "comment_date": "@dubu_stagram 감사합니다👍",
    "metadata": {
      "id": "17931120706118142",
      "text": "@dubu_stagram 감사합니다👍",
      "created_at": 1526537642,
      "owner": {
        "id": "5887196748",
        "profile_pic_url": "https://scontent-icn1-1.cdninstagram.com/vp/762eddb6e2d2254595c506b3fafb9393/5BBF273F/t51.2885-19/s150x150/25013821_504907846548617_2496253370600259584_n.jpg",
        "username": "dd_taeyou92"
      }
    }
  },
  {
    "post_id": "insta_17947565185047394",
    "comment_text": 1526537662,
    "comment_date": "@ogeongyu 놀리는거아니지?👍ㅋㅋㅋ",
    "metadata": {
      "id": "17947565185047394",
      "text": "@ogeongyu 놀리는거아니지?👍ㅋㅋㅋ",
      "created_at": 1526537662,
      "owner": {
        "id": "5887196748",
        "profile_pic_url": "https://scontent-icn1-1.cdninstagram.com/vp/762eddb6e2d2254595c506b3fafb9393/5BBF273F/t51.2885-19/s150x150/25013821_504907846548617_2496253370600259584_n.jpg",
        "username": "dd_taeyou92"
      }
    }
  },
  {
    "post_id": "insta_17884059760223828",
    "comment_text": 1526538326,
    "comment_date": "@gusl_aldel_ 👍",
    "metadata": {
      "id": "17884059760223828",
      "text": "@gusl_aldel_ 👍",
      "created_at": 1526538326,
      "owner": {
        "id": "5887196748",
        "profile_pic_url": "https://scontent-icn1-1.cdninstagram.com/vp/762eddb6e2d2254595c506b3fafb9393/5BBF273F/t51.2885-19/s150x150/25013821_504907846548617_2496253370600259584_n.jpg",
        "username": "dd_taeyou92"
      }
    }
  },
  {
    "post_id": "insta_17944366048016188",
    "comment_text": 1526544354,
    "comment_date": "아싸 나랑 안겹치고~~~👍",
    "metadata": {
      "id": "17944366048016188",
      "text": "아싸 나랑 안겹치고~~~👍",
      "created_at": 1526544354,
      "owner": {
        "id": "1338767486",
        "profile_pic_url": "https://scontent-icn1-1.cdninstagram.com/vp/723577f1be1029d9285ad1825e8c473c/5B90EFCF/t51.2885-19/10919102_567838113353634_1713317611_a.jpg",
        "username": "gi_rok_shin"
      }
    }
  },
  {
    "post_id": "insta_17945742364038031",
    "comment_text": 1526553194,
    "comment_date": "@gi_rok_shin 어떤거 신으십니깤ㅋㅋㅋ",
    "metadata": {
      "id": "17945742364038031",
      "text": "@gi_rok_shin 어떤거 신으십니깤ㅋㅋㅋ",
      "created_at": 1526553194,
      "owner": {
        "id": "5887196748",
        "profile_pic_url": "https://scontent-icn1-1.cdninstagram.com/vp/762eddb6e2d2254595c506b3fafb9393/5BBF273F/t51.2885-19/s150x150/25013821_504907846548617_2496253370600259584_n.jpg",
        "username": "dd_taeyou92"
      }
    }
  },
  {
    "post_id": "insta_17944508959034811",
    "comment_text": 1526511837,
    "comment_date": ".\n.\n.\n.\n.\n#airmax97 #amx97 #sneakers #맥스97 #에어맥스97 #맥스97실버 #일상 #소통 #출근 #인친 #비오는날 #좋아요 #ootd #outfit #dailylook #fashion #like4like #likeforlike #l4l #셀피",
    "metadata": {
      "id": "17944508959034811",
      "text": ".\n.\n.\n.\n.\n#airmax97 #amx97 #sneakers #맥스97 #에어맥스97 #맥스97실버 #일상 #소통 #출근 #인친 #비오는날 #좋아요 #ootd #outfit #dailylook #fashion #like4like #likeforlike #l4l #셀피",
      "created_at": 1526511837,
      "owner": {
        "id": "1656802485",
        "profile_pic_url": "https://scontent-icn1-1.cdninstagram.com/vp/751206d33b243fd00c225ae326a6c5ed/5B95E077/t51.2885-19/s150x150/31501185_600313333665107_770268437116092416_n.jpg",
        "username": "jcbdh"
      }
    }
  },
  {
    "post_id": "insta_17945967901010236",
    "comment_text": 1526520268,
    "comment_date": "DOPE",
    "metadata": {
      "id": "17945967901010236",
      "text": "DOPE",
      "created_at": 1526520268,
      "owner": {
        "id": "1438290324",
        "profile_pic_url": "https://scontent-icn1-1.cdninstagram.com/vp/45f893196d416cf2de500a1ef829a934/5BA0135C/t51.2885-19/s150x150/13126692_128628104207554_908564737_a.jpg",
        "username": "sneakerboyzny"
      }
    }
  },
  {
    "post_id": "insta_17932378636099631",
    "comment_text": 1526521787,
    "comment_date": "양말이쁘네",
    "metadata": {
      "id": "17932378636099631",
      "text": "양말이쁘네",
      "created_at": 1526521787,
      "owner": {
        "id": "3120611026",
        "profile_pic_url": "https://scontent-sea1-1.cdninstagram.com/vp/856b9478629f7c2f4ae549c4c8cc5dd7/5B94597A/t51.2885-19/11906329_960233084022564_1448528159_a.jpg",
        "username": "guruguru1"
      }
    }
  },
  {
    "post_id": "insta_17932917568104223",
    "comment_text": 1526533795,
    "comment_date": "나도 주워다 주소ㅎㅎ",
    "metadata": {
      "id": "17932917568104223",
      "text": "나도 주워다 주소ㅎㅎ",
      "created_at": 1526533795,
      "owner": {
        "id": "2218756865",
        "profile_pic_url": "https://scontent-icn1-1.cdninstagram.com/vp/af70af7baff6c5d5d408a64fcce2283c/5B924923/t51.2885-19/s150x150/17819162_423036098070666_6268716463155052544_a.jpg",
        "username": "jungsukyim"
      }
    }
  },
  {
    "post_id": "insta_17946288007037411",
    "comment_text": 1526553995,
    "comment_date": "@jungsukyim 호원빠한테 하나 주워가라 해야겠네~~ㅋㅋ",
    "metadata": {
      "id": "17946288007037411",
      "text": "@jungsukyim 호원빠한테 하나 주워가라 해야겠네~~ㅋㅋ",
      "created_at": 1526553995,
      "owner": {
        "id": "3654516421",
        "profile_pic_url": "https://scontent-icn1-1.cdninstagram.com/vp/9c5764560d24c20076632a2eb2d12f95/5B828351/t51.2885-19/s150x150/31440665_450225842090445_5795483677852958720_n.jpg",
        "username": "narangmom"
      }
    }
  },
  {
    "post_id": "insta_17946025465028207",
    "comment_text": 1526564018,
    "comment_date": "나랑 커플신발 오백개 찍어버리자",
    "metadata": {
      "id": "17946025465028207",
      "text": "나랑 커플신발 오백개 찍어버리자",
      "created_at": 1526564018,
      "owner": {
        "id": "2329839240",
        "profile_pic_url": "https://scontent-icn1-1.cdninstagram.com/vp/edca3d449a5e555cfc2e4448056dec93/5B87DF6B/t51.2885-19/s150x150/12345993_1501844313444013_1641398758_a.jpg",
        "username": "ssssongstagram"
      }
    }
  },
  {
    "post_id": "insta_17904818695196672",
    "comment_text": 1526566341,
    "comment_date": "@ssssongstagram 그럴까?ㅋㅋ 트렌드를 읽은거지..따라한거 절대 아님~풉",
    "metadata": {
      "id": "17904818695196672",
      "text": "@ssssongstagram 그럴까?ㅋㅋ 트렌드를 읽은거지..따라한거 절대 아님~풉",
      "created_at": 1526566341,
      "owner": {
        "id": "3654516421",
        "profile_pic_url": "https://scontent-icn1-1.cdninstagram.com/vp/9c5764560d24c20076632a2eb2d12f95/5B828351/t51.2885-19/s150x150/31440665_450225842090445_5795483677852958720_n.jpg",
        "username": "narangmom"
      }
    }
  },
  {
    "post_id": "insta_17871798268243418",
    "comment_text": 1526518336,
    "comment_date": "와 나도 이거삼ㅋㄱㅋㅋ",
    "metadata": {
      "id": "17871798268243418",
      "text": "와 나도 이거삼ㅋㄱㅋㅋ",
      "created_at": 1526518336,
      "owner": {
        "id": "2350426953",
        "profile_pic_url": "https://scontent-icn1-1.cdninstagram.com/vp/2aa28bd40e426b4ac6f7fb010749bdb7/5B8521E8/t51.2885-19/s150x150/14482669_982527738542722_6974526988870483968_a.jpg",
        "username": "0_wwoo"
      }
    }
  },
  {
    "post_id": "insta_17917334161179540",
    "comment_text": 1526518355,
    "comment_date": "@0_wwoo 역시 통하는게 있어 ㅎ",
    "metadata": {
      "id": "17917334161179540",
      "text": "@0_wwoo 역시 통하는게 있어 ㅎ",
      "created_at": 1526518355,
      "owner": {
        "id": "1534335088",
        "profile_pic_url": "https://scontent-icn1-1.cdninstagram.com/vp/d71c576567ae08b702ffc09d014c6a80/5B878E1C/t51.2885-19/s150x150/18645856_1395219880568367_4638732673030815744_a.jpg",
        "username": "alex_s.y_lee"
      }
    }
  },
  {
    "post_id": "insta_17868513331244445",
    "comment_text": 1526531505,
    "comment_date": "야 아가고양이 뭐야 ㅠㅠㅠㅠ귀여워",
    "metadata": {
      "id": "17868513331244445",
      "text": "야 아가고양이 뭐야 ㅠㅠㅠㅠ귀여워",
      "created_at": 1526531505,
      "owner": {
        "id": "6785731085",
        "profile_pic_url": "https://scontent-icn1-1.cdninstagram.com/vp/09cba109ec5f986f41d34b9d34229052/5B8BBE49/t51.2885-19/s150x150/27578605_593077674373416_5333719988534509568_n.jpg",
        "username": "2.yelin_s"
      }
    }
  },
  {
    "post_id": "insta_17931431332122797",
    "comment_text": 1526531552,
    "comment_date": "@2.yelin_s ㅋㅋㅋ 귀엽징?",
    "metadata": {
      "id": "17931431332122797",
      "text": "@2.yelin_s ㅋㅋㅋ 귀엽징?",
      "created_at": 1526531552,
      "owner": {
        "id": "1534335088",
        "profile_pic_url": "https://scontent-icn1-1.cdninstagram.com/vp/d71c576567ae08b702ffc09d014c6a80/5B878E1C/t51.2885-19/s150x150/18645856_1395219880568367_4638732673030815744_a.jpg",
        "username": "alex_s.y_lee"
      }
    }
  },
  {
    "post_id": "insta_17937727774079870",
    "comment_text": 1526537170,
    "comment_date": "@alex_s.y_lee ㅠㅠ 너무귀얍다 ㅠㅠㅠㅠㅠ",
    "metadata": {
      "id": "17937727774079870",
      "text": "@alex_s.y_lee ㅠㅠ 너무귀얍다 ㅠㅠㅠㅠㅠ",
      "created_at": 1526537170,
      "owner": {
        "id": "6785731085",
        "profile_pic_url": "https://scontent-icn1-1.cdninstagram.com/vp/09cba109ec5f986f41d34b9d34229052/5B8BBE49/t51.2885-19/s150x150/27578605_593077674373416_5333719988534509568_n.jpg",
        "username": "2.yelin_s"
      }
    }
  },
  {
    "post_id": "insta_17868379834244127",
    "comment_text": 1526537198,
    "comment_date": "@2.yelin_s 얘보러와 ㅎㅎㅎ",
    "metadata": {
      "id": "17868379834244127",
      "text": "@2.yelin_s 얘보러와 ㅎㅎㅎ",
      "created_at": 1526537198,
      "owner": {
        "id": "1534335088",
        "profile_pic_url": "https://scontent-icn1-1.cdninstagram.com/vp/d71c576567ae08b702ffc09d014c6a80/5B878E1C/t51.2885-19/s150x150/18645856_1395219880568367_4638732673030815744_a.jpg",
        "username": "alex_s.y_lee"
      }
    }
  },
  {
    "post_id": "insta_17885037388212912",
    "comment_text": 1526493772,
    "comment_date": "#커플운동화#신발#운동화#깜짝선물#부부스타그램#일상#소통#공유#육아소통환영#엄마사람#맘스타그램#데일리#오오티디#패션#맞팔#선팔#좋아요#ootd#daily#l4l#like4like#follow#follow4follow#f4f",
    "metadata": {
      "id": "17885037388212912",
      "text": "#커플운동화#신발#운동화#깜짝선물#부부스타그램#일상#소통#공유#육아소통환영#엄마사람#맘스타그램#데일리#오오티디#패션#맞팔#선팔#좋아요#ootd#daily#l4l#like4like#follow#follow4follow#f4f",
      "created_at": 1526493772,
      "owner": {
        "id": "1261399210",
        "profile_pic_url": "https://scontent-icn1-1.cdninstagram.com/vp/ebf4cabbd03c50832b5556624c32f76a/5B852C63/t51.2885-19/s150x150/30995564_1435633763207779_1533341571355770880_n.jpg",
        "username": "symom_15"
      }
    }
  },
  {
    "post_id": "insta_17926442179085097",
    "comment_text": 1526497182,
    "comment_date": "언니랑 찰떡이얏",
    "metadata": {
      "id": "17926442179085097",
      "text": "언니랑 찰떡이얏",
      "created_at": 1526497182,
      "owner": {
        "id": "4243530763",
        "profile_pic_url": "https://scontent-icn1-1.cdninstagram.com/vp/af5591fec0cd617fdf440c11b1980dcf/5B9F2269/t51.2885-19/s150x150/23279996_130178164332619_5558996490703077376_n.jpg",
        "username": "o_ohansol"
      }
    }
  },
  {
    "post_id": "insta_17920124344131313",
    "comment_text": 1526504811,
    "comment_date": "좋네요💕",
    "metadata": {
      "id": "17920124344131313",
      "text": "좋네요💕",
      "created_at": 1526504811,
      "owner": {
        "id": "7131788270",
        "profile_pic_url": "https://scontent-icn1-1.cdninstagram.com/vp/d6d4fcad54280e2749f6d06d59535766/5B96C554/t51.2885-19/s150x150/31174866_232043990900853_5393739961767821312_n.jpg",
        "username": "yajivock_384"
      }
    }
  },
  {
    "post_id": "insta_17945500954018097",
    "comment_text": 1526512835,
    "comment_date": "이뿌다아아아~~~",
    "metadata": {
      "id": "17945500954018097",
      "text": "이뿌다아아아~~~",
      "created_at": 1526512835,
      "owner": {
        "id": "3913578256",
        "profile_pic_url": "https://scontent-icn1-1.cdninstagram.com/vp/ddaf3d263a47f3039f4176f69d0b61fc/5BC0F33E/t51.2885-19/s150x150/20633202_289483278186394_3327176164799152128_a.jpg",
        "username": "yoohyein9084"
      }
    }
  },
  {
    "post_id": "insta_17917157806159736",
    "comment_text": 1526514938,
    "comment_date": "와 너무 이뿌당 👍🏻👍🏻",
    "metadata": {
      "id": "17917157806159736",
      "text": "와 너무 이뿌당 👍🏻👍🏻",
      "created_at": 1526514938,
      "owner": {
        "id": "3900316916",
        "profile_pic_url": "https://scontent-icn1-1.cdninstagram.com/vp/6d8054afce84cde03798de4a75d9300f/5B8D6219/t51.2885-19/s150x150/26866026_913658988801271_7269046331014905856_n.jpg",
        "username": "jh.bs.1213"
      }
    }
  },
  {
    "post_id": "insta_17918664067145294",
    "comment_text": 1526528943,
    "comment_date": "와우👍🏻👍🏻👍🏻✨",
    "metadata": {
      "id": "17918664067145294",
      "text": "와우👍🏻👍🏻👍🏻✨",
      "created_at": 1526528943,
      "owner": {
        "id": "2163919827",
        "profile_pic_url": "https://scontent-icn1-1.cdninstagram.com/vp/98c3774b30c347b38b36096c7064a924/5BC27AAC/t51.2885-19/s150x150/30830731_164912587508753_6610578559788384256_n.jpg",
        "username": "maison_de_bebe"
      }
    }
  },
  {
    "post_id": "insta_17885010598217587",
    "comment_text": 1526535943,
    "comment_date": "핑크 에어맥스💕",
    "metadata": {
      "id": "17885010598217587",
      "text": "핑크 에어맥스💕",
      "created_at": 1526535943,
      "owner": {
        "id": "208873570",
        "profile_pic_url": "https://scontent-icn1-1.cdninstagram.com/vp/f94117990e31adf789001c39140de325/5BC38B13/t51.2885-19/s150x150/21042082_344813232628807_8809109921325907968_a.jpg",
        "username": "hanbimom_ej"
      }
    }
  },
  {
    "post_id": "insta_17946467953055563",
    "comment_text": 1526539420,
    "comment_date": "이뿌닼ㅋㅋㅋ",
    "metadata": {
      "id": "17946467953055563",
      "text": "이뿌닼ㅋㅋㅋ",
      "created_at": 1526539420,
      "owner": {
        "id": "7129146863",
        "profile_pic_url": "https://scontent-icn1-1.cdninstagram.com/vp/96d2565eb837b47be0f3114d86e0b495/5B91218C/t51.2885-19/s150x150/29401782_1849758418650074_6622029062858604544_n.jpg",
        "username": "yoo_z_ae"
      }
    }
  },
  {
    "post_id": "insta_17945369185018953",
    "comment_text": 1526658103,
    "comment_date": "소통해요~!",
    "metadata": {
      "id": "17945369185018953",
      "text": "소통해요~!",
      "created_at": 1526658103,
      "owner": {
        "id": "5646351953",
        "profile_pic_url": "https://scontent-icn1-1.cdninstagram.com/vp/72d6a81b9f195ed1dc0ecb5d47e299c7/5B859659/t51.2885-19/s150x150/19429552_1788676848089512_5472070905297371136_a.jpg",
        "username": "multitude_attitude"
      }
    }
  },
  {
    "post_id": "insta_17936911777075742",
    "comment_text": 1526495092,
    "comment_date": "짱이시네요^^",
    "metadata": {
      "id": "17936911777075742",
      "text": "짱이시네요^^",
      "created_at": 1526495092,
      "owner": {
        "id": "4196844086",
        "profile_pic_url": "https://scontent-icn1-1.cdninstagram.com/vp/8d6d39bb4ea30567e6a2e143716421ae/5BC30012/t51.2885-19/s150x150/32243814_146925439497906_35192923368718336_n.jpg",
        "username": "joisteish"
      }
    }
  },
  {
    "post_id": "insta_17940966619066540",
    "comment_text": 1526507139,
    "comment_date": "사진이 너무 예쁘네요! 소통해요! 우리~",
    "metadata": {
      "id": "17940966619066540",
      "text": "사진이 너무 예쁘네요! 소통해요! 우리~",
      "created_at": 1526507139,
      "owner": {
        "id": "3108330074",
        "profile_pic_url": "https://scontent-icn1-1.cdninstagram.com/vp/130e68d0fb6b11add4bbefc79c493bc6/5B836112/t51.2885-19/s150x150/27892960_1608131642603023_4137607700093599744_n.jpg",
        "username": "taehyun_ian"
      }
    }
  },
  {
    "post_id": "insta_17886701044205460",
    "comment_text": 1526523903,
    "comment_date": "즐거운하루되세요💛",
    "metadata": {
      "id": "17886701044205460",
      "text": "즐거운하루되세요💛",
      "created_at": 1526523903,
      "owner": {
        "id": "2243383569",
        "profile_pic_url": "https://scontent-icn1-1.cdninstagram.com/vp/65f49e980296f7cc439b889508b30bba/5B9FCBB2/t51.2885-19/s150x150/31007014_238135026735914_3846366538982490112_n.jpg",
        "username": "youbin_refresh"
      }
    }
  },
  {
    "post_id": "insta_17917418029180205",
    "comment_text": 1526495554,
    "comment_date": "짱이시네요^^",
    "metadata": {
      "id": "17917418029180205",
      "text": "짱이시네요^^",
      "created_at": 1526495554,
      "owner": {
        "id": "7463190131",
        "profile_pic_url": "https://scontent-icn1-1.cdninstagram.com/vp/5f39cd286aedfac9906d49ac706aaa0f/5B7DF258/t51.2885-19/s150x150/31326645_176315336403098_3998193684435697664_n.jpg",
        "username": "563_twslo"
      }
    }
  },
  {
    "post_id": "insta_17937199600073254",
    "comment_text": 1526503411,
    "comment_date": "느낌이 참 좋아요. 자주 소통하고 싶네요!",
    "metadata": {
      "id": "17937199600073254",
      "text": "느낌이 참 좋아요. 자주 소통하고 싶네요!",
      "created_at": 1526503411,
      "owner": {
        "id": "1618198724",
        "profile_pic_url": "https://scontent-icn1-1.cdninstagram.com/vp/0884870dfe7eda214d955e562ea1c11a/5B90D335/t51.2885-19/11055782_414323908748058_1428830298_a.jpg",
        "username": "shoegather"
      }
    }
  },
  {
    "post_id": "insta_17921089735138148",
    "comment_text": 1526501594,
    "comment_date": "자주 소통해요! 오늘 하루도 즐겁게 보내세요",
    "metadata": {
      "id": "17921089735138148",
      "text": "자주 소통해요! 오늘 하루도 즐겁게 보내세요",
      "created_at": 1526501594,
      "owner": {
        "id": "7115797153",
        "profile_pic_url": "https://scontent-icn1-1.cdninstagram.com/vp/bb8f8bb0baf391e82e22c8b991e737ca/5B910817/t51.2885-19/s150x150/30076713_1479055838890641_201728746967793664_n.jpg",
        "username": "mood_closet"
      }
    }
  },
  {
    "post_id": "insta_17884635766215425",
    "comment_text": 1526507428,
    "comment_date": "사진이 너무 예뻐요! 소통해요!",
    "metadata": {
      "id": "17884635766215425",
      "text": "사진이 너무 예뻐요! 소통해요!",
      "created_at": 1526507428,
      "owner": {
        "id": "7465480719",
        "profile_pic_url": "https://scontent-icn1-1.cdninstagram.com/vp/d55022228640e39dc7d94f4343d01657/5B8FE630/t51.2885-19/s150x150/30842016_2030338853871626_3071797181745725440_n.jpg",
        "username": "sukyungsaem"
      }
    }
  }
]