[
  {
    "post_id": "insta_17942270194064056",
    "comment_text": 1526987964,
    "comment_date": "#도쿄#도쿄여행#여행스타그램#부부스타그램#신혼부부#나이키#에어맥스97#에어맥스98#다오빠꺼🐕",
    "metadata": {
      "id": "17942270194064056",
      "text": "#도쿄#도쿄여행#여행스타그램#부부스타그램#신혼부부#나이키#에어맥스97#에어맥스98#다오빠꺼🐕",
      "created_at": 1526987964,
      "owner": {
        "id": "1757732555",
        "profile_pic_url": "https://scontent-icn1-1.cdninstagram.com/vp/eda2701e199fe9bc37aad2fdabe6f586/5BBEFCA8/t51.2885-19/s150x150/20214154_254845795021092_1962439599141683200_a.jpg",
        "username": "vv_nj"
      }
    }
  },
  {
    "post_id": "insta_17923421329131471",
    "comment_text": 1526990190,
    "comment_date": "넌왜안사쩌",
    "metadata": {
      "id": "17923421329131471",
      "text": "넌왜안사쩌",
      "created_at": 1526990190,
      "owner": {
        "id": "294934261",
        "profile_pic_url": "https://scontent-icn1-1.cdninstagram.com/vp/ad08b7fe562dcb69bdd8e84797550e96/5B959FCC/t51.2885-19/s150x150/30602435_783020141885570_1078165648904814592_n.jpg",
        "username": "zeongeun"
      }
    }
  },
  {
    "post_id": "insta_17847448261270964",
    "comment_text": 1526992322,
    "comment_date": "저검정운동화는뭐인지알수있을까요..??",
    "metadata": {
      "id": "17847448261270964",
      "text": "저검정운동화는뭐인지알수있을까요..??",
      "created_at": 1526992322,
      "owner": {
        "id": "377557809",
        "profile_pic_url": "https://scontent-icn1-1.cdninstagram.com/vp/856b9478629f7c2f4ae549c4c8cc5dd7/5B94597A/t51.2885-19/11906329_960233084022564_1448528159_a.jpg",
        "username": "kookda"
      }
    }
  },
  {
    "post_id": "insta_17947993957045848",
    "comment_text": 1526992388,
    "comment_date": "@zeongeun  하나 사줬는데 사진 같이 안찍어줘😭 ㅋㅋㅋㅋㅋㅋㅋㅋㅋ",
    "metadata": {
      "id": "17947993957045848",
      "text": "@zeongeun  하나 사줬는데 사진 같이 안찍어줘😭 ㅋㅋㅋㅋㅋㅋㅋㅋㅋ",
      "created_at": 1526992388,
      "owner": {
        "id": "1757732555",
        "profile_pic_url": "https://scontent-icn1-1.cdninstagram.com/vp/eda2701e199fe9bc37aad2fdabe6f586/5BBEFCA8/t51.2885-19/s150x150/20214154_254845795021092_1962439599141683200_a.jpg",
        "username": "vv_nj"
      }
    }
  },
  {
    "post_id": "insta_17885702707223939",
    "comment_text": 1526992507,
    "comment_date": "@kookda  나이키 플라이니트 예요:)",
    "metadata": {
      "id": "17885702707223939",
      "text": "@kookda  나이키 플라이니트 예요:)",
      "created_at": 1526992507,
      "owner": {
        "id": "1757732555",
        "profile_pic_url": "https://scontent-icn1-1.cdninstagram.com/vp/eda2701e199fe9bc37aad2fdabe6f586/5BBEFCA8/t51.2885-19/s150x150/20214154_254845795021092_1962439599141683200_a.jpg",
        "username": "vv_nj"
      }
    }
  },
  {
    "post_id": "insta_17947597693026776",
    "comment_text": 1526997046,
    "comment_date": "발사이즈 몇이야.. 나맨도 갖고싶다",
    "metadata": {
      "id": "17947597693026776",
      "text": "발사이즈 몇이야.. 나맨도 갖고싶다",
      "created_at": 1526997046,
      "owner": {
        "id": "1300935860",
        "profile_pic_url": "https://scontent-icn1-1.cdninstagram.com/vp/6e82f88c1726621fb53aa0a7be5413a9/5B9044D5/t51.2885-19/s150x150/31694854_2066162663669722_3174740108947488768_n.jpg",
        "username": "jas_sy_moooon"
      }
    }
  },
  {
    "post_id": "insta_17933744278097464",
    "comment_text": 1527027397,
    "comment_date": "@jas_sy_moooon  260입니다요ㅋㅋㅋ 울집와서 가지구가버려!😏",
    "metadata": {
      "id": "17933744278097464",
      "text": "@jas_sy_moooon  260입니다요ㅋㅋㅋ 울집와서 가지구가버려!😏",
      "created_at": 1527027397,
      "owner": {
        "id": "1757732555",
        "profile_pic_url": "https://scontent-icn1-1.cdninstagram.com/vp/eda2701e199fe9bc37aad2fdabe6f586/5BBEFCA8/t51.2885-19/s150x150/20214154_254845795021092_1962439599141683200_a.jpg",
        "username": "vv_nj"
      }
    }
  },
  {
    "post_id": "insta_17873073475241813",
    "comment_text": 1527067621,
    "comment_date": "즐거운하루되세요💛",
    "metadata": {
      "id": "17873073475241813",
      "text": "즐거운하루되세요💛",
      "created_at": 1527067621,
      "owner": {
        "id": "5424981134",
        "profile_pic_url": "https://scontent-icn1-1.cdninstagram.com/vp/b3ecd6577b4aaa124ddc85000a0b49a9/5B7FDAF4/t51.2885-19/s150x150/27580306_169922776978578_3584675354163281920_n.jpg",
        "username": "refreshmall"
      }
    }
  },
  {
    "post_id": "insta_17914334872171490",
    "comment_text": 1526985748,
    "comment_date": "#여성코디#데일리코디#dailycode",
    "metadata": {
      "id": "17914334872171490",
      "text": "#여성코디#데일리코디#dailycode",
      "created_at": 1526985748,
      "owner": {
        "id": "5922028790",
        "profile_pic_url": "https://scontent-icn1-1.cdninstagram.com/vp/16ef6ec87ae733648b0a1bdb2030aa10/5B8934B6/t51.2885-19/s150x150/21372322_198958817309365_7445478291839909888_a.jpg",
        "username": "ravi__ko"
      }
    }
  },
  {
    "post_id": "insta_17932526275106887",
    "comment_text": 1526996295,
    "comment_date": "블로그 디자인부터 관리까지 한번에~ 큰손컴퍼니과 함께하세요^^광고 댓글 죄송해요😄",
    "metadata": {
      "id": "17932526275106887",
      "text": "블로그 디자인부터 관리까지 한번에~ 큰손컴퍼니과 함께하세요^^광고 댓글 죄송해요😄",
      "created_at": 1526996295,
      "owner": {
        "id": "1483594855",
        "profile_pic_url": "https://scontent-icn1-1.cdninstagram.com/vp/f3eb069ed640c26ba3ec34db0fd0bd81/5B8B1BF9/t51.2885-19/s150x150/30077270_160880094584586_6475607056438001664_n.jpg",
        "username": "keunson_m"
      }
    }
  },
  {
    "post_id": "insta_17927285890089888",
    "comment_text": 1526997601,
    "comment_date": "안녕하세요, 대표님 인스타계정 홍보에 도움드릴 수있을듯해서 직접 댓글 드립니다. 자세한 내용은 제 계정의 영상 참고부탁드립니다.",
    "metadata": {
      "id": "17927285890089888",
      "text": "안녕하세요, 대표님 인스타계정 홍보에 도움드릴 수있을듯해서 직접 댓글 드립니다. 자세한 내용은 제 계정의 영상 참고부탁드립니다.",
      "created_at": 1526997601,
      "owner": {
        "id": "7224555271",
        "profile_pic_url": "https://scontent-icn1-1.cdninstagram.com/vp/7f709d6884dde10a5b2a915a44fa27d3/5B92CE7D/t51.2885-19/s150x150/30605436_241032649970498_6257323667265421312_n.jpg",
        "username": "korea_innovator9"
      }
    }
  },
  {
    "post_id": "insta_17942272972067743",
    "comment_text": 1526978042,
    "comment_date": "#daily #dailylook #ootd \n#f4f #follow \n#instagram #에어맥스97 #98 #21\n#패션 #대학교 #전주 #객사 #신시가지\n#소통 #💕",
    "metadata": {
      "id": "17942272972067743",
      "text": "#daily #dailylook #ootd \n#f4f #follow \n#instagram #에어맥스97 #98 #21\n#패션 #대학교 #전주 #객사 #신시가지\n#소통 #💕",
      "created_at": 1526978042,
      "owner": {
        "id": "6664606345",
        "profile_pic_url": "https://scontent-icn1-1.cdninstagram.com/vp/76685af1a1222d3624a5714081611f44/5B951627/t51.2885-19/s150x150/24327076_136541403716584_3411466731934187520_n.jpg",
        "username": "kimgggggy"
      }
    }
  },
  {
    "post_id": "insta_17918465137151789",
    "comment_text": 1526984556,
    "comment_date": "근데 비오기",
    "metadata": {
      "id": "17918465137151789",
      "text": "근데 비오기",
      "created_at": 1526984556,
      "owner": {
        "id": "1412075998",
        "profile_pic_url": "https://scontent-icn1-1.cdninstagram.com/vp/77b3adc9c44211dad4e8ee8a77a27988/5B871077/t51.2885-19/s150x150/30602116_420638115075173_4713126196701822976_n.jpg",
        "username": "seunghosaeggi"
      }
    }
  },
  {
    "post_id": "insta_17915886064162979",
    "comment_text": 1526984570,
    "comment_date": "#에잇세컨즈들리기",
    "metadata": {
      "id": "17915886064162979",
      "text": "#에잇세컨즈들리기",
      "created_at": 1526984570,
      "owner": {
        "id": "1412075998",
        "profile_pic_url": "https://scontent-icn1-1.cdninstagram.com/vp/77b3adc9c44211dad4e8ee8a77a27988/5B871077/t51.2885-19/s150x150/30602116_420638115075173_4713126196701822976_n.jpg",
        "username": "seunghosaeggi"
      }
    }
  },
  {
    "post_id": "insta_17918223259181971",
    "comment_text": 1526984726,
    "comment_date": "샀네??. ㅋ ㅋ",
    "metadata": {
      "id": "17918223259181971",
      "text": "샀네??. ㅋ ㅋ",
      "created_at": 1526984726,
      "owner": {
        "id": "7601160934",
        "profile_pic_url": "https://scontent-icn1-1.cdninstagram.com/vp/8c6683e5cff5e552e09545a80484246e/5BC29842/t51.2885-19/s150x150/31401142_376279379444575_6893337718835642368_n.jpg",
        "username": "zrozzang_"
      }
    }
  },
  {
    "post_id": "insta_17933401390108793",
    "comment_text": 1526977865,
    "comment_date": "@ziziana0",
    "metadata": {
      "id": "17933401390108793",
      "text": "@ziziana0",
      "created_at": 1526977865,
      "owner": {
        "id": "4592870294",
        "profile_pic_url": "https://scontent-icn1-1.cdninstagram.com/vp/74bffd40efade52b2b084dae7adda5eb/5B84DC53/t51.2885-19/s150x150/28764593_211195172961452_5902701257155411968_n.jpg",
        "username": "jinhee_beatrice_kim"
      }
    }
  },
  {
    "post_id": "insta_17887154569212079",
    "comment_text": 1526986982,
    "comment_date": "@sun_0.o",
    "metadata": {
      "id": "17887154569212079",
      "text": "@sun_0.o",
      "created_at": 1526986982,
      "owner": {
        "id": "4113407330",
        "profile_pic_url": "https://scontent-icn1-1.cdninstagram.com/vp/8a93236c03caf948b6a80c08d546a46b/5B8D9832/t51.2885-19/s150x150/27892804_194325067819532_2657482646141009920_n.jpg",
        "username": "_k.02.23"
      }
    }
  },
  {
    "post_id": "insta_17930361064122657",
    "comment_text": 1526976700,
    "comment_date": ":)",
    "metadata": {
      "id": "17930361064122657",
      "text": ":)",
      "created_at": 1526976700,
      "owner": {
        "id": "5853742851",
        "profile_pic_url": "https://scontent-icn1-1.cdninstagram.com/vp/a93163e75597e443d2a2b918d968a6a0/5B849A09/t51.2885-19/s150x150/20838386_296042797532149_8577953342641143808_a.jpg",
        "username": "indi_mixx"
      }
    }
  },
  {
    "post_id": "insta_17847468379269570",
    "comment_text": 1526998818,
    "comment_date": "색감 미뗬고..,,,",
    "metadata": {
      "id": "17847468379269570",
      "text": "색감 미뗬고..,,,",
      "created_at": 1526998818,
      "owner": {
        "id": "5458264176",
        "profile_pic_url": "https://scontent-icn1-1.cdninstagram.com/vp/af4e74600fb0b8a5d6d754e103b3d8c4/5B957F74/t51.2885-19/s150x150/19436318_220198551823166_6647677503743721472_a.jpg",
        "username": "tlsshin1001"
      }
    }
  },
  {
    "post_id": "insta_17921590822134322",
    "comment_text": 1527014128,
    "comment_date": "@tlsshin1001 아~주 좋앟ㅎㅎㅎ",
    "metadata": {
      "id": "17921590822134322",
      "text": "@tlsshin1001 아~주 좋앟ㅎㅎㅎ",
      "created_at": 1527014128,
      "owner": {
        "id": "1528347244",
        "profile_pic_url": "https://scontent-icn1-1.cdninstagram.com/vp/a70c3efd533bf610bda0a9d7c169ebc3/5BC03E40/t51.2885-19/s150x150/31285886_162705707730346_8707553916373434368_n.jpg",
        "username": "min_ki_ki_ki"
      }
    }
  },
  {
    "post_id": "insta_17885537071222870",
    "comment_text": 1526977123,
    "comment_date": "ضيفني واردها الك واتفاعل بحسابك",
    "metadata": {
      "id": "17885537071222870",
      "text": "ضيفني واردها الك واتفاعل بحسابك",
      "created_at": 1526977123,
      "owner": {
        "id": "3410659733",
        "profile_pic_url": "https://scontent-icn1-1.cdninstagram.com/vp/460921cf43c95ddb3d118d9814904406/5B7FBDE7/t51.2885-19/s150x150/32247682_590742237975879_7085824327542636544_n.jpg",
        "username": "m_01y"
      }
    }
  },
  {
    "post_id": "insta_17919887395176365",
    "comment_text": 1527063978,
    "comment_date": "잘보고 갑니다♡",
    "metadata": {
      "id": "17919887395176365",
      "text": "잘보고 갑니다♡",
      "created_at": 1527063978,
      "owner": {
        "id": "1330545160",
        "profile_pic_url": "https://scontent-icn1-1.cdninstagram.com/vp/a178048aeb432c156b23d7ca9a9d85af/5B9EAF05/t51.2885-19/s150x150/13392881_1780772302138687_2077291322_a.jpg",
        "username": "yamall_"
      }
    }
  },
  {
    "post_id": "insta_17947575301001709",
    "comment_text": 1526974305,
    "comment_date": "#나이키#에어맥스#에어맥스97#에어맥스bw#에어맥스97bw#스켑타#스니커즈#nike#airmax#airmax97#airmax97bw#airmax97bw#skepta#snkrs#niketalkkorea#LeSyndrome",
    "metadata": {
      "id": "17947575301001709",
      "text": "#나이키#에어맥스#에어맥스97#에어맥스bw#에어맥스97bw#스켑타#스니커즈#nike#airmax#airmax97#airmax97bw#airmax97bw#skepta#snkrs#niketalkkorea#LeSyndrome",
      "created_at": 1526974305,
      "owner": {
        "id": "1532979991",
        "profile_pic_url": "https://scontent-icn1-1.cdninstagram.com/vp/2d8839336615eaa0ab3b96f99ba8bc93/5B87D966/t51.2885-19/s150x150/25010931_1876614309335856_2359727484225716224_n.jpg",
        "username": "psycho_1111"
      }
    }
  },
  {
    "post_id": "insta_17873870038237538",
    "comment_text": 1526984681,
    "comment_date": "연예인이 신는 3~4만원대 올리버 커스텀 신발 구경오세요~",
    "metadata": {
      "id": "17873870038237538",
      "text": "연예인이 신는 3~4만원대 올리버 커스텀 신발 구경오세요~",
      "created_at": 1526984681,
      "owner": {
        "id": "7381011085",
        "profile_pic_url": "https://scontent-icn1-1.cdninstagram.com/vp/9c1e530cc8392738450397d523b424d1/5B943CC0/t51.2885-19/s150x150/31163018_198039450811039_442512189903863808_n.jpg",
        "username": "olivercustom_official"
      }
    }
  },
  {
    "post_id": "insta_17887574356204861",
    "comment_text": 1526973288,
    "comment_date": "NICE( b＾ｪ＾)b",
    "metadata": {
      "id": "17887574356204861",
      "text": "NICE( b＾ｪ＾)b",
      "created_at": 1526973288,
      "owner": {
        "id": "1998088694",
        "profile_pic_url": "https://scontent-icn1-1.cdninstagram.com/vp/e5b1ae30620fda8610e137a97cf77995/5B82ECEE/t51.2885-19/s150x150/31905564_171451976886524_4953760758891544576_n.jpg",
        "username": "kou_sing"
      }
    }
  },
  {
    "post_id": "insta_17934330118099532",
    "comment_text": 1526977603,
    "comment_date": "좋은하루되세요💛",
    "metadata": {
      "id": "17934330118099532",
      "text": "좋은하루되세요💛",
      "created_at": 1526977603,
      "owner": {
        "id": "4230831668",
        "profile_pic_url": "https://scontent-icn1-1.cdninstagram.com/vp/82e972e8ffc00333ae412bc40b33eb2f/5B7D2F13/t51.2885-19/s150x150/28435309_210657816347515_3660955936140296192_n.jpg",
        "username": "yong_refresh"
      }
    }
  },
  {
    "post_id": "insta_17886998878209843",
    "comment_text": 1527043872,
    "comment_date": "🙂",
    "metadata": {
      "id": "17886998878209843",
      "text": "🙂",
      "created_at": 1527043872,
      "owner": {
        "id": "643929238",
        "profile_pic_url": "https://scontent-icn1-1.cdninstagram.com/vp/bce4d55d58ad84770062ef41ce924e24/5BC1BF47/t51.2885-19/s150x150/26865499_326560264506617_6838132700293890048_n.jpg",
        "username": "brianclassic"
      }
    }
  },
  {
    "post_id": "insta_17857591366249365",
    "comment_text": 1526973354,
    "comment_date": "#커플신발 #나이키 #nike #nikeairmax #에어맥스 #핑크맥스 #에어맥스97 #에어맥스핑크 #베이퍼맥스 #실버맥스 #취향저격",
    "metadata": {
      "id": "17857591366249365",
      "text": "#커플신발 #나이키 #nike #nikeairmax #에어맥스 #핑크맥스 #에어맥스97 #에어맥스핑크 #베이퍼맥스 #실버맥스 #취향저격",
      "created_at": 1526973354,
      "owner": {
        "id": "7302925612",
        "profile_pic_url": "https://scontent-icn1-1.cdninstagram.com/vp/3ed5c22f6c8f1ef6041e15dc1147c646/5B84F7FF/t51.2885-19/s150x150/29090058_186826071927488_2803160893074964480_n.jpg",
        "username": "luv_romantique"
      }
    }
  },
  {
    "post_id": "insta_17948696227049634",
    "comment_text": 1526974889,
    "comment_date": "예뿌다앙 💕",
    "metadata": {
      "id": "17948696227049634",
      "text": "예뿌다앙 💕",
      "created_at": 1526974889,
      "owner": {
        "id": "1650537943",
        "profile_pic_url": "https://scontent-icn1-1.cdninstagram.com/vp/ac31b2f5e40e1c18a89dd236ade070cc/5BC33517/t51.2885-19/10903680_331775593694067_270977807_a.jpg",
        "username": "markdarcy8708"
      }
    }
  },
  {
    "post_id": "insta_17916152677162579",
    "comment_text": 1526975793,
    "comment_date": "@markdarcy8708 혜인씨가 더💕",
    "metadata": {
      "id": "17916152677162579",
      "text": "@markdarcy8708 혜인씨가 더💕",
      "created_at": 1526975793,
      "owner": {
        "id": "7302925612",
        "profile_pic_url": "https://scontent-icn1-1.cdninstagram.com/vp/3ed5c22f6c8f1ef6041e15dc1147c646/5B84F7FF/t51.2885-19/s150x150/29090058_186826071927488_2803160893074964480_n.jpg",
        "username": "luv_romantique"
      }
    }
  }
]