[
  {
    "post_id": "insta_17885245264223702",
    "comment_text": 1526979530,
    "comment_date": "사장님, 이거 Man은 업나요?ㅋㅋ믓지네요",
    "metadata": {
      "id": "17885245264223702",
      "text": "사장님, 이거 Man은 업나요?ㅋㅋ믓지네요",
      "created_at": 1526979530,
      "owner": {
        "id": "1446516414",
        "profile_pic_url": "https://scontent-icn1-1.cdninstagram.com/vp/61a89f46fe38538cc7a53c817e240f5d/5BBFAD48/t51.2885-19/s150x150/20347740_293576347784847_5054235325438623744_a.jpg",
        "username": "yoonwoo_kim_"
      }
    }
  },
  {
    "post_id": "insta_17927471434084375",
    "comment_text": 1526979600,
    "comment_date": "@yoonwoo_kim_ 네  있었으면 제가 먼저 살꺼애요 ㅋㅋㅋ",
    "metadata": {
      "id": "17927471434084375",
      "text": "@yoonwoo_kim_ 네  있었으면 제가 먼저 살꺼애요 ㅋㅋㅋ",
      "created_at": 1526979600,
      "owner": {
        "id": "5363955886",
        "profile_pic_url": "https://scontent-icn1-1.cdninstagram.com/vp/c40bacf81c6e1c2e6e7f4e340c6640ab/5B81C1DE/t51.2885-19/s150x150/18253010_227614287721988_3964791792494182400_a.jpg",
        "username": "kicks_korea_"
      }
    }
  },
  {
    "post_id": "insta_17946886876013084",
    "comment_text": 1526982474,
    "comment_date": "@taesuuuuu",
    "metadata": {
      "id": "17946886876013084",
      "text": "@taesuuuuu",
      "created_at": 1526982474,
      "owner": {
        "id": "1696496854",
        "profile_pic_url": "https://scontent-icn1-1.cdninstagram.com/vp/00c5c44ae1fcff457f10fc5e01d9f6c4/5B8B7E64/t51.2885-19/s150x150/25008406_346556065812017_3019959662377172992_n.jpg",
        "username": "hye_ju0000"
      }
    }
  },
  {
    "post_id": "insta_17946730588058923",
    "comment_text": 1526982156,
    "comment_date": "어후 깜짝이얔ㅋㅋㅋㅋㅋㅋㅋㅋㅋㅋ",
    "metadata": {
      "id": "17946730588058923",
      "text": "어후 깜짝이얔ㅋㅋㅋㅋㅋㅋㅋㅋㅋㅋ",
      "created_at": 1526982156,
      "owner": {
        "id": "472379084",
        "profile_pic_url": "https://scontent-icn1-1.cdninstagram.com/vp/6e54e70ef871ed24982f8682d6f6b8fd/5B952F2D/t51.2885-19/s150x150/16465740_232817987180417_8861373840752640000_a.jpg",
        "username": "i___nail"
      }
    }
  },
  {
    "post_id": "insta_17874544912231929",
    "comment_text": 1527001566,
    "comment_date": "이 사진 완전 느낌 조하❤️",
    "metadata": {
      "id": "17874544912231929",
      "text": "이 사진 완전 느낌 조하❤️",
      "created_at": 1527001566,
      "owner": {
        "id": "2088131256",
        "profile_pic_url": "https://scontent-icn1-1.cdninstagram.com/vp/425c24f96a93075cd464758d25d35d35/5B824DE9/t51.2885-19/11372303_383131735211304_1368513109_a.jpg",
        "username": "secomi05"
      }
    }
  },
  {
    "post_id": "insta_17927355655090987",
    "comment_text": 1526986943,
    "comment_date": "잘보고 댓글 남기고 갑니다^^",
    "metadata": {
      "id": "17927355655090987",
      "text": "잘보고 댓글 남기고 갑니다^^",
      "created_at": 1526986943,
      "owner": {
        "id": "6776494051",
        "profile_pic_url": "https://scontent-icn1-1.cdninstagram.com/vp/8fdac5f8b146357ad553a965d8486cc2/5BC274C8/t51.2885-19/s150x150/30830498_2024127551182634_2045951145108570112_n.jpg",
        "username": "jung.g9"
      }
    }
  },
  {
    "post_id": "insta_17946130867041163",
    "comment_text": 1526973230,
    "comment_date": "돈많아보여서 그래",
    "metadata": {
      "id": "17946130867041163",
      "text": "돈많아보여서 그래",
      "created_at": 1526973230,
      "owner": {
        "id": "563254280",
        "profile_pic_url": "https://scontent-icn1-1.cdninstagram.com/vp/3acc034c891fa6f0e40b3ea296d663fb/5BC1C87F/t51.2885-19/11820589_988919541128280_1850668121_a.jpg",
        "username": "our_magic_hour"
      }
    }
  },
  {
    "post_id": "insta_17937858994073836",
    "comment_text": 1526973493,
    "comment_date": "@our_magic_hour 진촤?",
    "metadata": {
      "id": "17937858994073836",
      "text": "@our_magic_hour 진촤?",
      "created_at": 1526973493,
      "owner": {
        "id": "1144724072",
        "profile_pic_url": "https://scontent-icn1-1.cdninstagram.com/vp/0ba8d7bae515b755ebdcd95dc2d457af/5B86B104/t51.2885-19/s150x150/22220618_1889829594612045_5203051411054526464_n.jpg",
        "username": "woojung1009"
      }
    }
  },
  {
    "post_id": "insta_17858056276255900",
    "comment_text": 1527043729,
    "comment_date": "저는 중국말로 말을 거네여 근데 한국사람이ㅠㅠ",
    "metadata": {
      "id": "17858056276255900",
      "text": "저는 중국말로 말을 거네여 근데 한국사람이ㅠㅠ",
      "created_at": 1527043729,
      "owner": {
        "id": "2020285865",
        "profile_pic_url": "https://scontent-icn1-1.cdninstagram.com/vp/22d649ab4ed41da65829d2c3db13b3c7/5B7F287E/t51.2885-19/11191287_1474120859565236_1095808318_a.jpg",
        "username": "bongyeol.i"
      }
    }
  },
  {
    "post_id": "insta_17886092203208487",
    "comment_text": 1526999222,
    "comment_date": "행복한하루되세요😀",
    "metadata": {
      "id": "17886092203208487",
      "text": "행복한하루되세요😀",
      "created_at": 1526999222,
      "owner": {
        "id": "2243383569",
        "profile_pic_url": "https://scontent-icn1-1.cdninstagram.com/vp/65f49e980296f7cc439b889508b30bba/5B9FCBB2/t51.2885-19/s150x150/31007014_238135026735914_3846366538982490112_n.jpg",
        "username": "youbin_refresh"
      }
    }
  },
  {
    "post_id": "insta_17857168816254052",
    "comment_text": 1526972331,
    "comment_date": "오늘 하루도 즐겁게 보내세요.꽃같이 이쁜하루 보내세요.",
    "metadata": {
      "id": "17857168816254052",
      "text": "오늘 하루도 즐겁게 보내세요.꽃같이 이쁜하루 보내세요.",
      "created_at": 1526972331,
      "owner": {
        "id": "6064810703",
        "profile_pic_url": "https://scontent-icn1-1.cdninstagram.com/vp/7058dea45a0ecf31aad3cb04daf813cf/5B950938/t51.2885-19/s150x150/31988147_1809710172423845_8891191157283880960_n.jpg",
        "username": "attiranceflower"
      }
    }
  },
  {
    "post_id": "insta_17873857126234387",
    "comment_text": 1526977971,
    "comment_date": "행복한하루되세요😀",
    "metadata": {
      "id": "17873857126234387",
      "text": "행복한하루되세요😀",
      "created_at": 1526977971,
      "owner": {
        "id": "4230831668",
        "profile_pic_url": "https://scontent-icn1-1.cdninstagram.com/vp/82e972e8ffc00333ae412bc40b33eb2f/5B7D2F13/t51.2885-19/s150x150/28435309_210657816347515_3660955936140296192_n.jpg",
        "username": "yong_refresh"
      }
    }
  },
  {
    "post_id": "insta_17946403201031917",
    "comment_text": 1526999538,
    "comment_date": "좋은하루되세요😊💛",
    "metadata": {
      "id": "17946403201031917",
      "text": "좋은하루되세요😊💛",
      "created_at": 1526999538,
      "owner": {
        "id": "2243383569",
        "profile_pic_url": "https://scontent-icn1-1.cdninstagram.com/vp/65f49e980296f7cc439b889508b30bba/5B9FCBB2/t51.2885-19/s150x150/31007014_238135026735914_3846366538982490112_n.jpg",
        "username": "youbin_refresh"
      }
    }
  },
  {
    "post_id": "insta_17919735361130559",
    "comment_text": 1526978285,
    "comment_date": "행복한하루되세요😊",
    "metadata": {
      "id": "17919735361130559",
      "text": "행복한하루되세요😊",
      "created_at": 1526978285,
      "owner": {
        "id": "4230831668",
        "profile_pic_url": "https://scontent-icn1-1.cdninstagram.com/vp/82e972e8ffc00333ae412bc40b33eb2f/5B7D2F13/t51.2885-19/s150x150/28435309_210657816347515_3660955936140296192_n.jpg",
        "username": "yong_refresh"
      }
    }
  },
  {
    "post_id": "insta_17920983283190749",
    "comment_text": 1526976096,
    "comment_date": "아 존예..",
    "metadata": {
      "id": "17920983283190749",
      "text": "아 존예..",
      "created_at": 1526976096,
      "owner": {
        "id": "1697105573",
        "profile_pic_url": "https://scontent-icn1-1.cdninstagram.com/vp/5ededf26d27f1051ed87d5cad01436cc/5B846E16/t51.2885-19/s150x150/32978718_162487214595597_1527083868430008320_n.jpg",
        "username": "yezzyya"
      }
    }
  },
  {
    "post_id": "insta_17930622673122403",
    "comment_text": 1527064051,
    "comment_date": "사진 잘보고 갑니다♡",
    "metadata": {
      "id": "17930622673122403",
      "text": "사진 잘보고 갑니다♡",
      "created_at": 1527064051,
      "owner": {
        "id": "1330545160",
        "profile_pic_url": "https://scontent-icn1-1.cdninstagram.com/vp/a178048aeb432c156b23d7ca9a9d85af/5B9EAF05/t51.2885-19/s150x150/13392881_1780772302138687_2077291322_a.jpg",
        "username": "yamall_"
      }
    }
  },
  {
    "post_id": "insta_17946385738041395",
    "comment_text": 1527064068,
    "comment_date": "맞팔해요♡",
    "metadata": {
      "id": "17946385738041395",
      "text": "맞팔해요♡",
      "created_at": 1527064068,
      "owner": {
        "id": "1330545160",
        "profile_pic_url": "https://scontent-icn1-1.cdninstagram.com/vp/a178048aeb432c156b23d7ca9a9d85af/5B9EAF05/t51.2885-19/s150x150/13392881_1780772302138687_2077291322_a.jpg",
        "username": "yamall_"
      }
    }
  },
  {
    "post_id": "insta_17947256041061804",
    "comment_text": 1526969885,
    "comment_date": "Looks fresh.",
    "metadata": {
      "id": "17947256041061804",
      "text": "Looks fresh.",
      "created_at": 1526969885,
      "owner": {
        "id": "6302875306",
        "profile_pic_url": "https://scontent-icn1-1.cdninstagram.com/vp/3f47742871aeabcdf0c1692743db479b/5BA3D607/t51.2885-19/s150x150/30078808_236178597127065_8524593802827005952_n.jpg",
        "username": "ig_designer_store"
      }
    }
  },
  {
    "post_id": "insta_17945151031012363",
    "comment_text": 1526970160,
    "comment_date": "ㅎㅎ 잘보고 갑니다",
    "metadata": {
      "id": "17945151031012363",
      "text": "ㅎㅎ 잘보고 갑니다",
      "created_at": 1526970160,
      "owner": {
        "id": "4536385037",
        "profile_pic_url": "https://scontent-icn1-1.cdninstagram.com/vp/b840b44cdf0bf37742166f411f844401/5B86B446/t51.2885-19/s150x150/25019125_1804806109815130_1431018553963708416_n.jpg",
        "username": "schamberkr"
      }
    }
  },
  {
    "post_id": "insta_17923607632191935",
    "comment_text": 1526969928,
    "comment_date": "예쁜 딸도 넘 갖고 싶네요",
    "metadata": {
      "id": "17923607632191935",
      "text": "예쁜 딸도 넘 갖고 싶네요",
      "created_at": 1526969928,
      "owner": {
        "id": "3315288972",
        "profile_pic_url": "https://scontent-icn1-1.cdninstagram.com/vp/d6257a0cb44034aa47bfc564b99880bc/5BA3EE4B/t51.2885-19/s150x150/15802484_1726536997674681_4418883922897666048_a.jpg",
        "username": "sukem2"
      }
    }
  },
  {
    "post_id": "insta_17947180714044817",
    "comment_text": 1526969884,
    "comment_date": "Cool. Check out my page, I have some interesting products for great price. If interested, DM me.",
    "metadata": {
      "id": "17947180714044817",
      "text": "Cool. Check out my page, I have some interesting products for great price. If interested, DM me.",
      "created_at": 1526969884,
      "owner": {
        "id": "6302875306",
        "profile_pic_url": "https://scontent-icn1-1.cdninstagram.com/vp/3f47742871aeabcdf0c1692743db479b/5BA3D607/t51.2885-19/s150x150/30078808_236178597127065_8524593802827005952_n.jpg",
        "username": "ig_designer_store"
      }
    }
  },
  {
    "post_id": "insta_17927239024094584",
    "comment_text": 1526983112,
    "comment_date": "오또케 구했옴??????",
    "metadata": {
      "id": "17927239024094584",
      "text": "오또케 구했옴??????",
      "created_at": 1526983112,
      "owner": {
        "id": "863300352",
        "profile_pic_url": "https://scontent-icn1-1.cdninstagram.com/vp/589ab4cf164113818a34c304710f272f/5BA2E8B1/t51.2885-19/s150x150/22071557_149235622345781_4173363762394300416_n.jpg",
        "username": "hyeona8886"
      }
    }
  },
  {
    "post_id": "insta_17939052124076250",
    "comment_text": 1526999751,
    "comment_date": "@hyeona8886 광주에 수입제품 취급하는데가 있어서ㅋㅋㅋ 천국이야 그곳은ㅋㅋㅋ",
    "metadata": {
      "id": "17939052124076250",
      "text": "@hyeona8886 광주에 수입제품 취급하는데가 있어서ㅋㅋㅋ 천국이야 그곳은ㅋㅋㅋ",
      "created_at": 1526999751,
      "owner": {
        "id": "691260446",
        "profile_pic_url": "https://scontent-icn1-1.cdninstagram.com/vp/0c774c54a5bc6b5801b873d6f030c548/5B7FF742/t51.2885-19/s150x150/29740232_174270386561905_818951384610111488_n.jpg",
        "username": "eunvovzz"
      }
    }
  },
  {
    "post_id": "insta_17945363515057407",
    "comment_text": 1527001599,
    "comment_date": "내꺼두구해와",
    "metadata": {
      "id": "17945363515057407",
      "text": "내꺼두구해와",
      "created_at": 1527001599,
      "owner": {
        "id": "6946836999",
        "profile_pic_url": "https://scontent-icn1-1.cdninstagram.com/vp/8f41e5c769430a63386d432dc31a83fc/5B9F6473/t51.2885-19/s150x150/28152833_1656028554512159_7100864409660030976_n.jpg",
        "username": "imgyeonghyi9958"
      }
    }
  },
  {
    "post_id": "insta_17874561187237271",
    "comment_text": 1527043765,
    "comment_date": "@imgyeonghyi9958 갠톡하셔ㅋㅋ",
    "metadata": {
      "id": "17874561187237271",
      "text": "@imgyeonghyi9958 갠톡하셔ㅋㅋ",
      "created_at": 1527043765,
      "owner": {
        "id": "691260446",
        "profile_pic_url": "https://scontent-icn1-1.cdninstagram.com/vp/0c774c54a5bc6b5801b873d6f030c548/5B7FF742/t51.2885-19/s150x150/29740232_174270386561905_818951384610111488_n.jpg",
        "username": "eunvovzz"
      }
    }
  },
  {
    "post_id": "insta_17947031761007023",
    "comment_text": 1526964421,
    "comment_date": "#AF1 #AIRJORDAN #나이키듀브레 #나이키레이스팁 #나이키커스텀 #AIRMAX95 #AIRMAX97 #NIKESB #AIRVAPORMAX #베이퍼맥스 #에어포스원 #airforce1 #나이키커스터마이제이션 #나이키허라치 #육아맘 #육아스타그램 #코르테즈 #블레이저 #나이키리액트 #에어맥스97 #airmax98",
    "metadata": {
      "id": "17947031761007023",
      "text": "#AF1 #AIRJORDAN #나이키듀브레 #나이키레이스팁 #나이키커스텀 #AIRMAX95 #AIRMAX97 #NIKESB #AIRVAPORMAX #베이퍼맥스 #에어포스원 #airforce1 #나이키커스터마이제이션 #나이키허라치 #육아맘 #육아스타그램 #코르테즈 #블레이저 #나이키리액트 #에어맥스97 #airmax98",
      "created_at": 1526964421,
      "owner": {
        "id": "328760026",
        "profile_pic_url": "https://scontent-icn1-1.cdninstagram.com/vp/ce04d01198e899655aa03dcd23593e30/5BC133C6/t51.2885-19/s150x150/25009965_332096373937150_5260711239629144064_n.jpg",
        "username": "timesqnike"
      }
    }
  },
  {
    "post_id": "insta_17946731356062836",
    "comment_text": 1526969461,
    "comment_date": "오늘 날씨가 너무 좋아서 산책하기 딱 좋은 것 같아요 💙💙",
    "metadata": {
      "id": "17946731356062836",
      "text": "오늘 날씨가 너무 좋아서 산책하기 딱 좋은 것 같아요 💙💙",
      "created_at": 1526969461,
      "owner": {
        "id": "5013435",
        "profile_pic_url": "https://scontent-icn1-1.cdninstagram.com/vp/872b52a6ddfa3405e58b665bacbd2864/5BA00FD5/t51.2885-19/s150x150/30867811_952158511632349_8143088535281336320_n.jpg",
        "username": "merci_yoon"
      }
    }
  },
  {
    "post_id": "insta_17927733142084593",
    "comment_text": 1526974174,
    "comment_date": "@merci_yoon 그춍 산책하기 딱인 날씨💕💕이제 구두보단 운동화를 꺼내신게되네요🤣🤣 즐거운 연휴 보내규계신가용💛💛",
    "metadata": {
      "id": "17927733142084593",
      "text": "@merci_yoon 그춍 산책하기 딱인 날씨💕💕이제 구두보단 운동화를 꺼내신게되네요🤣🤣 즐거운 연휴 보내규계신가용💛💛",
      "created_at": 1526974174,
      "owner": {
        "id": "1384970444",
        "profile_pic_url": "https://scontent-icn1-1.cdninstagram.com/vp/1a61f2c56cce4866067e546244ab6a2e/5B8552CC/t51.2885-19/s150x150/21296104_316299212175597_5874051776591691776_a.jpg",
        "username": "semina00"
      }
    }
  },
  {
    "post_id": "insta_17886472834214002",
    "comment_text": 1526990749,
    "comment_date": "Holey moley!🙃☺",
    "metadata": {
      "id": "17886472834214002",
      "text": "Holey moley!🙃☺",
      "created_at": 1526990749,
      "owner": {
        "id": "4161418",
        "profile_pic_url": "https://scontent-icn1-1.cdninstagram.com/vp/8b27eed665799fa9c7032e4f6c93b995/5B8CCB2F/t51.2885-19/s150x150/30829830_2013503112222869_8635860320813842432_n.jpg",
        "username": "__estherwong"
      }
    }
  },
  {
    "post_id": "insta_17946451279042398",
    "comment_text": 1526962140,
    "comment_date": "졸멋😍",
    "metadata": {
      "id": "17946451279042398",
      "text": "졸멋😍",
      "created_at": 1526962140,
      "owner": {
        "id": "7471212528",
        "profile_pic_url": "https://scontent-icn1-1.cdninstagram.com/vp/b92a644efa08014830cf057bc7f2bb46/5B7D22C7/t51.2885-19/s150x150/32025749_730844993972576_5419917615638249472_n.jpg",
        "username": "george.n.u"
      }
    }
  },
  {
    "post_id": "insta_17942346160068356",
    "comment_text": 1526963475,
    "comment_date": "오늘도 좋은하루 되세요♥",
    "metadata": {
      "id": "17942346160068356",
      "text": "오늘도 좋은하루 되세요♥",
      "created_at": 1526963475,
      "owner": {
        "id": "4690403860",
        "profile_pic_url": "https://scontent-icn1-1.cdninstagram.com/vp/cb0a9fb8179cfd54f8e0fa95be93f8a4/5BC0B64F/t51.2885-19/s150x150/17077580_1776570655994909_3794453879161094144_a.jpg",
        "username": "kikida_com"
      }
    }
  },
  {
    "post_id": "insta_17847917005263130",
    "comment_text": 1526963628,
    "comment_date": "@george.n.u 잘다녀왔냐~",
    "metadata": {
      "id": "17847917005263130",
      "text": "@george.n.u 잘다녀왔냐~",
      "created_at": 1526963628,
      "owner": {
        "id": "3604072566",
        "profile_pic_url": "https://scontent-icn1-1.cdninstagram.com/vp/c23684bdee570d1a42de4752ef55b322/5BBF89D4/t51.2885-19/s150x150/22221471_146096322670401_2408770968454430720_n.jpg",
        "username": "jujongwoon"
      }
    }
  },
  {
    "post_id": "insta_17942765488071272",
    "comment_text": 1527073884,
    "comment_date": "소통해요~:)😻",
    "metadata": {
      "id": "17942765488071272",
      "text": "소통해요~:)😻",
      "created_at": 1527073884,
      "owner": {
        "id": "1547587639",
        "profile_pic_url": "https://scontent-icn1-1.cdninstagram.com/vp/26ebc204e46a221cef8b3672e9e1d2c0/5B7EE8C8/t51.2885-19/s150x150/927001_1726679250880681_1468454972_a.jpg",
        "username": "owl91_official"
      }
    }
  },
  {
    "post_id": "insta_17922572308142777",
    "comment_text": 1526958438,
    "comment_date": "#대전 #대구 #청주 #오오티디 #데일리 #데일리룩 #셀스타그램 #데이트룩 #커플화 #육아맘 #ootd #selfie #나이키 #에어맥스97 #airmax97#럽스타그램 #봄신상 #블로그 #맥스97",
    "metadata": {
      "id": "17922572308142777",
      "text": "#대전 #대구 #청주 #오오티디 #데일리 #데일리룩 #셀스타그램 #데이트룩 #커플화 #육아맘 #ootd #selfie #나이키 #에어맥스97 #airmax97#럽스타그램 #봄신상 #블로그 #맥스97",
      "created_at": 1526958438,
      "owner": {
        "id": "5276934307",
        "profile_pic_url": "https://scontent-icn1-1.cdninstagram.com/vp/6bf874af887da4a9da0bc0655cfc633f/5B92B34C/t51.2885-19/s150x150/18380068_814258862067284_5305346064482566144_a.jpg",
        "username": "is_industry"
      }
    }
  },
  {
    "post_id": "insta_17946401806053892",
    "comment_text": 1526959917,
    "comment_date": "#잔망터짐",
    "metadata": {
      "id": "17946401806053892",
      "text": "#잔망터짐",
      "created_at": 1526959917,
      "owner": {
        "id": "1713228420",
        "profile_pic_url": "https://scontent-icn1-1.cdninstagram.com/vp/2e061b0b29475a27360f32fe9c0160ae/5B893EC7/t51.2885-19/s150x150/10387882_841669592627639_1773183444_a.jpg",
        "username": "520_oh_"
      }
    }
  },
  {
    "post_id": "insta_17886448528209243",
    "comment_text": 1526978920,
    "comment_date": "240 사이즈 구매하고싶은데 금액이 어떻게되죠?",
    "metadata": {
      "id": "17886448528209243",
      "text": "240 사이즈 구매하고싶은데 금액이 어떻게되죠?",
      "created_at": 1526978920,
      "owner": {
        "id": "1942642334",
        "profile_pic_url": "https://scontent-icn1-1.cdninstagram.com/vp/61a8c306e2eb868b978554563fa34933/5BBFB9C6/t51.2885-19/s150x150/11385162_860863484008695_1882596647_a.jpg",
        "username": "kim.min.jun"
      }
    }
  },
  {
    "post_id": "insta_17946292540009710",
    "comment_text": 1526979324,
    "comment_date": "@kim.min.jun 문의 플러스친구로 주시겠어요?",
    "metadata": {
      "id": "17946292540009710",
      "text": "@kim.min.jun 문의 플러스친구로 주시겠어요?",
      "created_at": 1526979324,
      "owner": {
        "id": "1387636730",
        "profile_pic_url": "https://scontent-icn1-1.cdninstagram.com/vp/39e1eefe9c2b1ff9cdfc5693828273df/5B9467C0/t51.2885-19/s150x150/31849685_2054793424789966_7678997617933549568_n.jpg",
        "username": "livein.u"
      }
    }
  },
  {
    "post_id": "insta_17857637092255787",
    "comment_text": 1526979368,
    "comment_date": "@livein.u 넵^^",
    "metadata": {
      "id": "17857637092255787",
      "text": "@livein.u 넵^^",
      "created_at": 1526979368,
      "owner": {
        "id": "1942642334",
        "profile_pic_url": "https://scontent-icn1-1.cdninstagram.com/vp/61a8c306e2eb868b978554563fa34933/5BBFB9C6/t51.2885-19/s150x150/11385162_860863484008695_1882596647_a.jpg",
        "username": "kim.min.jun"
      }
    }
  },
  {
    "post_id": "insta_17885785909208367",
    "comment_text": 1526957112,
    "comment_date": "좋아요!",
    "metadata": {
      "id": "17885785909208367",
      "text": "좋아요!",
      "created_at": 1526957112,
      "owner": {
        "id": "5773057724",
        "profile_pic_url": "https://scontent-icn1-1.cdninstagram.com/vp/60f2fe13dfc57e2664b95a3a1bcb69c6/5B86824C/t51.2885-19/s150x150/31384610_2034843533422801_3858355832815091712_n.jpg",
        "username": "chae_kyung_seok"
      }
    }
  },
  {
    "post_id": "insta_17886086851215715",
    "comment_text": 1526957134,
    "comment_date": "오~~~~ 이쁘다 아스크림같애",
    "metadata": {
      "id": "17886086851215715",
      "text": "오~~~~ 이쁘다 아스크림같애",
      "created_at": 1526957134,
      "owner": {
        "id": "1674336165",
        "profile_pic_url": "https://scontent-icn1-1.cdninstagram.com/vp/01d6088846ca864f97bac9f7fa7281ea/5B871278/t51.2885-19/s150x150/28429612_358710684628740_6236464273829134336_n.jpg",
        "username": "dachcov"
      }
    }
  },
  {
    "post_id": "insta_17921867701143312",
    "comment_text": 1526957243,
    "comment_date": "Peep my page with no delay! Wassup wit it.",
    "metadata": {
      "id": "17921867701143312",
      "text": "Peep my page with no delay! Wassup wit it.",
      "created_at": 1526957243,
      "owner": {
        "id": "3310782033",
        "profile_pic_url": "https://scontent-icn1-1.cdninstagram.com/vp/989a47f2e737927938cda0a930265a87/5B866083/t51.2885-19/s150x150/25015596_133692700656311_2196080627428622336_n.jpg",
        "username": "bfirst_supply_co_024"
      }
    }
  },
  {
    "post_id": "insta_17913935854174347",
    "comment_text": 1526976278,
    "comment_date": "좋아보여용~ 선팔하고가요! ^^",
    "metadata": {
      "id": "17913935854174347",
      "text": "좋아보여용~ 선팔하고가요! ^^",
      "created_at": 1526976278,
      "owner": {
        "id": "5387758346",
        "profile_pic_url": "https://scontent-icn1-1.cdninstagram.com/vp/793147fa3c3b768cc14b042ed60d79a1/5B8A3FF2/t51.2885-19/s150x150/25005092_1902089460120929_4831528235915280384_n.jpg",
        "username": "na_kate0"
      }
    }
  },
  {
    "post_id": "insta_17914527310172360",
    "comment_text": 1526976337,
    "comment_date": "처음 뵙겠습니다.~~! 팔로잉 하고가용.. 팔로우해주세요!@",
    "metadata": {
      "id": "17914527310172360",
      "text": "처음 뵙겠습니다.~~! 팔로잉 하고가용.. 팔로우해주세요!@",
      "created_at": 1526976337,
      "owner": {
        "id": "5387758346",
        "profile_pic_url": "https://scontent-icn1-1.cdninstagram.com/vp/793147fa3c3b768cc14b042ed60d79a1/5B8A3FF2/t51.2885-19/s150x150/25005092_1902089460120929_4831528235915280384_n.jpg",
        "username": "na_kate0"
      }
    }
  },
  {
    "post_id": "insta_17933629852104175",
    "comment_text": 1527005583,
    "comment_date": "헐 신발이뻐",
    "metadata": {
      "id": "17933629852104175",
      "text": "헐 신발이뻐",
      "created_at": 1527005583,
      "owner": {
        "id": "477438958",
        "profile_pic_url": "https://scontent-icn1-1.cdninstagram.com/vp/9fd257db4ac667fa447010be0dad1046/5B80823E/t51.2885-19/s150x150/16464786_402283096772433_5967021493379399680_a.jpg",
        "username": "ys_22222"
      }
    }
  },
  {
    "post_id": "insta_17857706551251304",
    "comment_text": 1527027925,
    "comment_date": "@ys_22222 언니 이거 산지 꽤 된건데.. 처음봤어?",
    "metadata": {
      "id": "17857706551251304",
      "text": "@ys_22222 언니 이거 산지 꽤 된건데.. 처음봤어?",
      "created_at": 1527027925,
      "owner": {
        "id": "4258347394",
        "profile_pic_url": "https://scontent-icn1-1.cdninstagram.com/vp/0064760b441566e83bdd7c696cbeac38/5B8DD1C7/t51.2885-19/s150x150/14473979_1789954297932230_7065459847482834944_a.jpg",
        "username": "flashhooo"
      }
    }
  },
  {
    "post_id": "insta_17930372416127134",
    "comment_text": 1526931222,
    "comment_date": "글과 사진들이 참 좋아요. 자주 소통하고 싶네요!",
    "metadata": {
      "id": "17930372416127134",
      "text": "글과 사진들이 참 좋아요. 자주 소통하고 싶네요!",
      "created_at": 1526931222,
      "owner": {
        "id": "1490428765",
        "profile_pic_url": "https://scontent-icn1-1.cdninstagram.com/vp/c99f0129ed2d157f631a277f1d7dd55a/5B943E97/t51.2885-19/s150x150/31672992_308690582998980_7763244217488375808_n.jpg",
        "username": "seungjunstar"
      }
    }
  },
  {
    "post_id": "insta_17918173405157192",
    "comment_text": 1527000867,
    "comment_date": "좋은하루보내세요😊",
    "metadata": {
      "id": "17918173405157192",
      "text": "좋은하루보내세요😊",
      "created_at": 1527000867,
      "owner": {
        "id": "2243383569",
        "profile_pic_url": "https://scontent-icn1-1.cdninstagram.com/vp/65f49e980296f7cc439b889508b30bba/5B9FCBB2/t51.2885-19/s150x150/31007014_238135026735914_3846366538982490112_n.jpg",
        "username": "youbin_refresh"
      }
    }
  },
  {
    "post_id": "insta_17946219679021198",
    "comment_text": 1526932004,
    "comment_date": "오늘 하루도 즐겁게 보내세요.꽃같이 이쁜하루 보내세요.",
    "metadata": {
      "id": "17946219679021198",
      "text": "오늘 하루도 즐겁게 보내세요.꽃같이 이쁜하루 보내세요.",
      "created_at": 1526932004,
      "owner": {
        "id": "6064810703",
        "profile_pic_url": "https://scontent-icn1-1.cdninstagram.com/vp/7058dea45a0ecf31aad3cb04daf813cf/5B950938/t51.2885-19/s150x150/31988147_1809710172423845_8891191157283880960_n.jpg",
        "username": "attiranceflower"
      }
    }
  },
  {
    "post_id": "insta_17931126841121471",
    "comment_text": 1526979360,
    "comment_date": "즐거운하루되세요💛",
    "metadata": {
      "id": "17931126841121471",
      "text": "즐거운하루되세요💛",
      "created_at": 1526979360,
      "owner": {
        "id": "4230831668",
        "profile_pic_url": "https://scontent-icn1-1.cdninstagram.com/vp/82e972e8ffc00333ae412bc40b33eb2f/5B7D2F13/t51.2885-19/s150x150/28435309_210657816347515_3660955936140296192_n.jpg",
        "username": "yong_refresh"
      }
    }
  },
  {
    "post_id": "insta_17917308139161627",
    "comment_text": 1526994124,
    "comment_date": "루니꺼 아님?ㅎㅎ",
    "metadata": {
      "id": "17917308139161627",
      "text": "루니꺼 아님?ㅎㅎ",
      "created_at": 1526994124,
      "owner": {
        "id": "2116890074",
        "profile_pic_url": "https://scontent-icn1-1.cdninstagram.com/vp/b2bae307512846e8757e446bc4fc0b16/5B8D41E7/t51.2885-19/11259283_718621431599724_227991843_a.jpg",
        "username": "1004sshym"
      }
    }
  },
  {
    "post_id": "insta_17886010969209738",
    "comment_text": 1526994287,
    "comment_date": "@1004sshym ㅋㅋㅋ맞아요",
    "metadata": {
      "id": "17886010969209738",
      "text": "@1004sshym ㅋㅋㅋ맞아요",
      "created_at": 1526994287,
      "owner": {
        "id": "7044514645",
        "profile_pic_url": "https://scontent-icn1-1.cdninstagram.com/vp/fc7b7ce4314299a1a2d624f71eff78aa/5B7DCE49/t51.2885-19/s150x150/32324047_227537508020064_8852588536688279552_n.jpg",
        "username": "yugwoong2hyung"
      }
    }
  },
  {
    "post_id": "insta_17928106036088484",
    "comment_text": 1526994589,
    "comment_date": "즐건 시간 보냈남?",
    "metadata": {
      "id": "17928106036088484",
      "text": "즐건 시간 보냈남?",
      "created_at": 1526994589,
      "owner": {
        "id": "2116890074",
        "profile_pic_url": "https://scontent-icn1-1.cdninstagram.com/vp/b2bae307512846e8757e446bc4fc0b16/5B8D41E7/t51.2885-19/11259283_718621431599724_227991843_a.jpg",
        "username": "1004sshym"
      }
    }
  },
  {
    "post_id": "insta_17887318495200478",
    "comment_text": 1526954899,
    "comment_date": "혹시250사이즈있나요? 남자인제가신을껀데 너무이뻐서 사이즈문의드려요",
    "metadata": {
      "id": "17887318495200478",
      "text": "혹시250사이즈있나요? 남자인제가신을껀데 너무이뻐서 사이즈문의드려요",
      "created_at": 1526954899,
      "owner": {
        "id": "1329892245",
        "profile_pic_url": "https://scontent-icn1-1.cdninstagram.com/vp/b344443ca65b7e909de7de8e329e0684/5B8EBC25/t51.2885-19/s150x150/26381344_1287257311418684_7423975383453663232_n.jpg",
        "username": "vcall0034"
      }
    }
  },
  {
    "post_id": "insta_17888786416200459",
    "comment_text": 1526955164,
    "comment_date": "@vcall0034 사이즈 문의 플러스친구로 톡주세요 ^^",
    "metadata": {
      "id": "17888786416200459",
      "text": "@vcall0034 사이즈 문의 플러스친구로 톡주세요 ^^",
      "created_at": 1526955164,
      "owner": {
        "id": "1387636730",
        "profile_pic_url": "https://scontent-icn1-1.cdninstagram.com/vp/39e1eefe9c2b1ff9cdfc5693828273df/5B9467C0/t51.2885-19/s150x150/31849685_2054793424789966_7678997617933549568_n.jpg",
        "username": "livein.u"
      }
    }
  },
  {
    "post_id": "insta_17927330584092708",
    "comment_text": 1526962179,
    "comment_date": "금액 궁금합니다.",
    "metadata": {
      "id": "17927330584092708",
      "text": "금액 궁금합니다.",
      "created_at": 1526962179,
      "owner": {
        "id": "5571288",
        "profile_pic_url": "https://scontent-icn1-1.cdninstagram.com/vp/1a65dbf723cc913e48718b1f8b66af38/5B8B8DD9/t51.2885-19/s150x150/23594422_500315443686545_6377657844761624576_n.jpg",
        "username": "ardian_and_bark"
      }
    }
  },
  {
    "post_id": "insta_17918566477153580",
    "comment_text": 1526963608,
    "comment_date": "@ardian_and_bark 문의는 플러스친구 리브인으로 톡주세요~",
    "metadata": {
      "id": "17918566477153580",
      "text": "@ardian_and_bark 문의는 플러스친구 리브인으로 톡주세요~",
      "created_at": 1526963608,
      "owner": {
        "id": "1387636730",
        "profile_pic_url": "https://scontent-icn1-1.cdninstagram.com/vp/39e1eefe9c2b1ff9cdfc5693828273df/5B9467C0/t51.2885-19/s150x150/31849685_2054793424789966_7678997617933549568_n.jpg",
        "username": "livein.u"
      }
    }
  }
]