[
  {
    "type": "reply",
    "metadata": "",
    "comment_text": "@SVT_0526_17_13 나 디스럽ㅂ터2 삿어 히히히히",
    "comment_date": "Tue May 22 15:05:43 +0000 2018",
    "comment_id": "twi_998942992403648512",
    "post_id": "twi_998942361840336896"
  },
  {
    "type": "reply",
    "metadata": "",
    "comment_text": "@KongMingly 헛그롬 더더욱 저 신발추천!-! 휠라 디스럽터2 가격도 육만구천원정도해욤( 커플신발신을려구 영업중)^o^(",
    "comment_date": "Sun May 20 13:41:47 +0000 2018",
    "comment_id": "twi_998197095885516801",
    "post_id": "twi_998196706305961984"
  },
  {
    "type": "reply",
    "metadata": "",
    "comment_text": "@sweet_rain_1120 필라 디스럽터2 인가 구럴 거예요!!!",
    "comment_date": "Sun May 20 10:46:13 +0000 2018",
    "comment_id": "twi_998152911401070592",
    "post_id": "twi_998149949446488064"
  },
  {
    "type": "retweet",
    "comment_text": "RT @HSW_dressroom: 🌟 신발정보 -화이트 재입고\n브랜드 : FILA\n이름 : 디스럽터 2\n가격 : 69,000원\n컬러 : White\n🔗 https://t.co/FKS60Shdrh\n#하성운 #워너원 https://t.co/fhTSkQwU…",
    "comment_date": "Tue May 15 16:47:43 +0000 2018",
    "comment_id": "twi_996431945952149504",
    "post_id": "twi_953978649996279808",
    "metadata": {
      "created_at": "Thu Jan 18 13:13:28 +0000 2018",
      "id": 953978649996279808,
      "id_str": "953978649996279808",
      "text": "🌟 신발정보 -화이트 재입고\n브랜드 : FILA\n이름 : 디스럽터 2\n가격 : 69,000원\n컬러 : White\n🔗 https://t.co/FKS60Shdrh\n#하성운 #워너원 https://t.co/fhTSkQwUk0",
      "truncated": false,
      "entities": {
        "hashtags": [
          {
            "text": "하성운",
            "indices": [
              89,
              93
            ]
          },
          {
            "text": "워너원",
            "indices": [
              94,
              98
            ]
          }
        ],
        "symbols": [],
        "user_mentions": [],
        "urls": [
          {
            "url": "https://t.co/FKS60Shdrh",
            "expanded_url": "http://www.abcmart.co.kr/mobile/product/detail?prdtCode=0060266&ctgrId=000002",
            "display_url": "abcmart.co.kr/mobile/product…",
            "indices": [
              65,
              88
            ]
          }
        ],
        "media": [
          {
            "id": 953978642513641476,
            "id_str": "953978642513641476",
            "indices": [
              99,
              122
            ],
            "media_url": "http://pbs.twimg.com/media/DT02hV5VwAQ1nrz.jpg",
            "media_url_https": "https://pbs.twimg.com/media/DT02hV5VwAQ1nrz.jpg",
            "url": "https://t.co/fhTSkQwUk0",
            "display_url": "pic.twitter.com/fhTSkQwUk0",
            "expanded_url": "https://twitter.com/HSW_dressroom/status/953978649996279808/photo/1",
            "type": "photo",
            "sizes": {
              "thumb": {
                "w": 150,
                "h": 150,
                "resize": "crop"
              },
              "large": {
                "w": 358,
                "h": 788,
                "resize": "fit"
              },
              "small": {
                "w": 309,
                "h": 680,
                "resize": "fit"
              },
              "medium": {
                "w": 358,
                "h": 788,
                "resize": "fit"
              }
            }
          }
        ]
      },
      "extended_entities": {
        "media": [
          {
            "id": 953978642513641476,
            "id_str": "953978642513641476",
            "indices": [
              99,
              122
            ],
            "media_url": "http://pbs.twimg.com/media/DT02hV5VwAQ1nrz.jpg",
            "media_url_https": "https://pbs.twimg.com/media/DT02hV5VwAQ1nrz.jpg",
            "url": "https://t.co/fhTSkQwUk0",
            "display_url": "pic.twitter.com/fhTSkQwUk0",
            "expanded_url": "https://twitter.com/HSW_dressroom/status/953978649996279808/photo/1",
            "type": "photo",
            "sizes": {
              "thumb": {
                "w": 150,
                "h": 150,
                "resize": "crop"
              },
              "large": {
                "w": 358,
                "h": 788,
                "resize": "fit"
              },
              "small": {
                "w": 309,
                "h": 680,
                "resize": "fit"
              },
              "medium": {
                "w": 358,
                "h": 788,
                "resize": "fit"
              }
            }
          },
          {
            "id": 953978642387759104,
            "id_str": "953978642387759104",
            "indices": [
              99,
              122
            ],
            "media_url": "http://pbs.twimg.com/media/DT02hVbU8AAibnV.jpg",
            "media_url_https": "https://pbs.twimg.com/media/DT02hVbU8AAibnV.jpg",
            "url": "https://t.co/fhTSkQwUk0",
            "display_url": "pic.twitter.com/fhTSkQwUk0",
            "expanded_url": "https://twitter.com/HSW_dressroom/status/953978649996279808/photo/1",
            "type": "photo",
            "sizes": {
              "small": {
                "w": 400,
                "h": 400,
                "resize": "fit"
              },
              "thumb": {
                "w": 150,
                "h": 150,
                "resize": "crop"
              },
              "large": {
                "w": 400,
                "h": 400,
                "resize": "fit"
              },
              "medium": {
                "w": 400,
                "h": 400,
                "resize": "fit"
              }
            }
          }
        ]
      },
      "metadata": {
        "result_type": "recent",
        "iso_language_code": "ko"
      },
      "source": "<a href=\"http://twitter.com/download/iphone\" rel=\"nofollow\">Twitter for iPhone</a>",
      "in_reply_to_status_id": 942088209923633152,
      "in_reply_to_status_id_str": "942088209923633152",
      "in_reply_to_user_id": 923204615658553344,
      "in_reply_to_user_id_str": "923204615658553344",
      "in_reply_to_screen_name": "HSW_dressroom",
      "user": {
        "id": 923204615658553344,
        "id_str": "923204615658553344",
        "name": "성운이네 드레스룸🌹",
        "screen_name": "HSW_dressroom",
        "location": "옷 정보는 모멘트에서 확인하실 수 있습니다!",
        "description": "내가 보려고 정리하는 성운이 옷들 👔👖 #언제나_하성운편 ☁️☁️당분간 옷 질문 디엠은 받지 않겠습니다.",
        "url": "https://t.co/zjHqqzPDLk",
        "entities": {
          "url": {
            "urls": [
              {
                "url": "https://t.co/zjHqqzPDLk",
                "expanded_url": "https://blog.naver.com/hsw_dressroom",
                "display_url": "blog.naver.com/hsw_dressroom",
                "indices": [
                  0,
                  23
                ]
              }
            ]
          },
          "description": {
            "urls": []
          }
        },
        "protected": false,
        "followers_count": 8363,
        "friends_count": 84,
        "listed_count": 25,
        "created_at": "Wed Oct 25 15:08:27 +0000 2017",
        "favourites_count": 1108,
        "utc_offset": null,
        "time_zone": null,
        "geo_enabled": false,
        "verified": false,
        "statuses_count": 467,
        "lang": "ko",
        "contributors_enabled": false,
        "is_translator": false,
        "is_translation_enabled": false,
        "profile_background_color": "F5F8FA",
        "profile_background_image_url": null,
        "profile_background_image_url_https": null,
        "profile_background_tile": false,
        "profile_image_url": "http://pbs.twimg.com/profile_images/998216176499998721/iiBtE_Ru_normal.jpg",
        "profile_image_url_https": "https://pbs.twimg.com/profile_images/998216176499998721/iiBtE_Ru_normal.jpg",
        "profile_banner_url": "https://pbs.twimg.com/profile_banners/923204615658553344/1527084410",
        "profile_link_color": "1DA1F2",
        "profile_sidebar_border_color": "C0DEED",
        "profile_sidebar_fill_color": "DDEEF6",
        "profile_text_color": "333333",
        "profile_use_background_image": true,
        "has_extended_profile": true,
        "default_profile": true,
        "default_profile_image": false,
        "following": false,
        "follow_request_sent": false,
        "notifications": false,
        "translator_type": "none"
      },
      "geo": null,
      "coordinates": null,
      "place": null,
      "contributors": null,
      "is_quote_status": false,
      "retweet_count": 80,
      "favorite_count": 143,
      "favorited": false,
      "retweeted": false,
      "possibly_sensitive": false,
      "lang": "ko"
    }
  },
  {
    "type": "retweet",
    "comment_text": "RT @apink_fashion: 170810 #은지 #정은지\n휠라 디스럽터 2 화이트\nFS1HTZ3071X - 69,000\n\nhttps://t.co/ytdMymvcmV https://t.co/UHDQ93b4te",
    "comment_date": "Mon May 14 13:58:54 +0000 2018",
    "comment_id": "twi_996027074644066305",
    "post_id": "twi_895557434856529921",
    "metadata": {
      "created_at": "Thu Aug 10 08:08:25 +0000 2017",
      "id": 895557434856529921,
      "id_str": "895557434856529921",
      "text": "170810 #은지 #정은지\n휠라 디스럽터 2 화이트\nFS1HTZ3071X - 69,000\n\nhttps://t.co/ytdMymvcmV https://t.co/UHDQ93b4te",
      "truncated": false,
      "entities": {
        "hashtags": [
          {
            "text": "은지",
            "indices": [
              7,
              10
            ]
          },
          {
            "text": "정은지",
            "indices": [
              11,
              15
            ]
          }
        ],
        "symbols": [],
        "user_mentions": [],
        "urls": [
          {
            "url": "https://t.co/ytdMymvcmV",
            "expanded_url": "http://www.fila.co.kr/product/view_heritage.asp?ProductNo=26926",
            "display_url": "fila.co.kr/product/view_h…",
            "indices": [
              52,
              75
            ]
          }
        ],
        "media": [
          {
            "id": 895557424521723904,
            "id_str": "895557424521723904",
            "indices": [
              76,
              99
            ],
            "media_url": "http://pbs.twimg.com/media/DG2ou5SUwAABbKu.jpg",
            "media_url_https": "https://pbs.twimg.com/media/DG2ou5SUwAABbKu.jpg",
            "url": "https://t.co/UHDQ93b4te",
            "display_url": "pic.twitter.com/UHDQ93b4te",
            "expanded_url": "https://twitter.com/apink_fashion/status/895557434856529921/photo/1",
            "type": "photo",
            "sizes": {
              "thumb": {
                "w": 150,
                "h": 150,
                "resize": "crop"
              },
              "large": {
                "w": 530,
                "h": 859,
                "resize": "fit"
              },
              "small": {
                "w": 420,
                "h": 680,
                "resize": "fit"
              },
              "medium": {
                "w": 530,
                "h": 859,
                "resize": "fit"
              }
            }
          }
        ]
      },
      "extended_entities": {
        "media": [
          {
            "id": 895557424521723904,
            "id_str": "895557424521723904",
            "indices": [
              76,
              99
            ],
            "media_url": "http://pbs.twimg.com/media/DG2ou5SUwAABbKu.jpg",
            "media_url_https": "https://pbs.twimg.com/media/DG2ou5SUwAABbKu.jpg",
            "url": "https://t.co/UHDQ93b4te",
            "display_url": "pic.twitter.com/UHDQ93b4te",
            "expanded_url": "https://twitter.com/apink_fashion/status/895557434856529921/photo/1",
            "type": "photo",
            "sizes": {
              "thumb": {
                "w": 150,
                "h": 150,
                "resize": "crop"
              },
              "large": {
                "w": 530,
                "h": 859,
                "resize": "fit"
              },
              "small": {
                "w": 420,
                "h": 680,
                "resize": "fit"
              },
              "medium": {
                "w": 530,
                "h": 859,
                "resize": "fit"
              }
            }
          },
          {
            "id": 895557424525881344,
            "id_str": "895557424525881344",
            "indices": [
              76,
              99
            ],
            "media_url": "http://pbs.twimg.com/media/DG2ou5TUMAAXIkN.jpg",
            "media_url_https": "https://pbs.twimg.com/media/DG2ou5TUMAAXIkN.jpg",
            "url": "https://t.co/UHDQ93b4te",
            "display_url": "pic.twitter.com/UHDQ93b4te",
            "expanded_url": "https://twitter.com/apink_fashion/status/895557434856529921/photo/1",
            "type": "photo",
            "sizes": {
              "thumb": {
                "w": 150,
                "h": 150,
                "resize": "crop"
              },
              "small": {
                "w": 550,
                "h": 550,
                "resize": "fit"
              },
              "medium": {
                "w": 550,
                "h": 550,
                "resize": "fit"
              },
              "large": {
                "w": 550,
                "h": 550,
                "resize": "fit"
              }
            }
          }
        ]
      },
      "metadata": {
        "result_type": "recent",
        "iso_language_code": "ko"
      },
      "source": "<a href=\"http://twitter.com/download/iphone\" rel=\"nofollow\">Twitter for iPhone</a>",
      "in_reply_to_status_id": null,
      "in_reply_to_status_id_str": null,
      "in_reply_to_user_id": null,
      "in_reply_to_user_id_str": null,
      "in_reply_to_screen_name": null,
      "user": {
        "id": 339567665,
        "id_str": "339567665",
        "name": "에이핑크 패션봇",
        "screen_name": "apink_fashion",
        "location": "천천히 굴러갑니다 :)",
        "description": "영앤리치프리티 에이핑크의 패션정보를 업로드합니다✨",
        "url": null,
        "entities": {
          "description": {
            "urls": []
          }
        },
        "protected": false,
        "followers_count": 7297,
        "friends_count": 27,
        "listed_count": 40,
        "created_at": "Thu Jul 21 09:25:21 +0000 2011",
        "favourites_count": 0,
        "utc_offset": null,
        "time_zone": null,
        "geo_enabled": true,
        "verified": false,
        "statuses_count": 358,
        "lang": "ko",
        "contributors_enabled": false,
        "is_translator": false,
        "is_translation_enabled": false,
        "profile_background_color": "C0DEED",
        "profile_background_image_url": "http://abs.twimg.com/images/themes/theme1/bg.png",
        "profile_background_image_url_https": "https://abs.twimg.com/images/themes/theme1/bg.png",
        "profile_background_tile": false,
        "profile_image_url": "http://pbs.twimg.com/profile_images/997142523201052673/cTN1TK9-_normal.jpg",
        "profile_image_url_https": "https://pbs.twimg.com/profile_images/997142523201052673/cTN1TK9-_normal.jpg",
        "profile_banner_url": "https://pbs.twimg.com/profile_banners/339567665/1524146026",
        "profile_link_color": "1DA1F2",
        "profile_sidebar_border_color": "C0DEED",
        "profile_sidebar_fill_color": "DDEEF6",
        "profile_text_color": "333333",
        "profile_use_background_image": true,
        "has_extended_profile": false,
        "default_profile": true,
        "default_profile_image": false,
        "following": false,
        "follow_request_sent": false,
        "notifications": false,
        "translator_type": "none"
      },
      "geo": null,
      "coordinates": null,
      "place": null,
      "contributors": null,
      "is_quote_status": false,
      "retweet_count": 94,
      "favorite_count": 127,
      "favorited": false,
      "retweeted": false,
      "possibly_sensitive": false,
      "lang": "ko"
    }
  }
]