[
  {
    "post_id": "insta_17995930867003619",
    "comment_text": 1526623162,
    "comment_date": "맞팔해요~!",
    "metadata": {
      "id": "17995930867003619",
      "text": "맞팔해요~!",
      "created_at": 1526623162,
      "owner": {
        "id": "1661712236",
        "profile_pic_url": "https://scontent-icn1-1.cdninstagram.com/vp/9d0756afbd6b12041c621b4ae69d6acd/5B80DE7F/t51.2885-19/s150x150/29737527_1578056362313436_9001422356224147456_n.jpg",
        "username": "96.shl"
      }
    }
  },
  {
    "post_id": "insta_17947105333045040",
    "comment_text": 1526816824,
    "comment_date": "탐난다요",
    "metadata": {
      "id": "17947105333045040",
      "text": "탐난다요",
      "created_at": 1526816824,
      "owner": {
        "id": "7244091410",
        "profile_pic_url": "https://scontent-icn1-1.cdninstagram.com/vp/ca70a1d92caa5aba4818740381a565ed/5BBFCB05/t51.2885-19/s150x150/28427549_192731424824268_6962520463629090816_n.jpg",
        "username": "kjhwa0351"
      }
    }
  },
  {
    "post_id": "insta_17946408301057735",
    "comment_text": 1527059661,
    "comment_date": "285 사이즈 가져와라",
    "metadata": {
      "id": "17946408301057735",
      "text": "285 사이즈 가져와라",
      "created_at": 1527059661,
      "owner": {
        "id": "1091699947",
        "profile_pic_url": "https://scontent-icn1-1.cdninstagram.com/vp/9f6dfaa8e9fc4483ca685aff3365c6fb/5B90B3B2/t51.2885-19/s150x150/18095815_156059628258756_5167632679780220928_a.jpg",
        "username": "an_anger"
      }
    }
  },
  {
    "post_id": "insta_17855897239258510",
    "comment_text": 1527061167,
    "comment_date": "@an_anger 발이무슨 세숫대야냐",
    "metadata": {
      "id": "17855897239258510",
      "text": "@an_anger 발이무슨 세숫대야냐",
      "created_at": 1527061167,
      "owner": {
        "id": "274180070",
        "profile_pic_url": "https://scontent-icn1-1.cdninstagram.com/vp/5ed572a442b5c6872cfdfc0c7f00ed00/5BC0FE0E/t51.2885-19/s150x150/17882680_451141228559765_1410545441296089088_a.jpg",
        "username": "sung_won_choi"
      }
    }
  },
  {
    "post_id": "insta_17920375396141472",
    "comment_text": 1526621581,
    "comment_date": "#AF1 #AIRJORDAN #나이키듀브레 #나이키레이스팁 #나이키커스텀 #AIRMAX95 #AIRMAX97 #NIKESB #AIRVAPORMAX #베이퍼맥스 #에어포스원 #airforce1 #나이키커스터마이제이션 #나이키허라치 #육아맘 #육아스타그램 #코르테즈 #블레이저 #나이키리액트 #에어맥스97 #airmax98",
    "metadata": {
      "id": "17920375396141472",
      "text": "#AF1 #AIRJORDAN #나이키듀브레 #나이키레이스팁 #나이키커스텀 #AIRMAX95 #AIRMAX97 #NIKESB #AIRVAPORMAX #베이퍼맥스 #에어포스원 #airforce1 #나이키커스터마이제이션 #나이키허라치 #육아맘 #육아스타그램 #코르테즈 #블레이저 #나이키리액트 #에어맥스97 #airmax98",
      "created_at": 1526621581,
      "owner": {
        "id": "328760026",
        "profile_pic_url": "https://scontent-icn1-1.cdninstagram.com/vp/ce04d01198e899655aa03dcd23593e30/5BC133C6/t51.2885-19/s150x150/25009965_332096373937150_5260711239629144064_n.jpg",
        "username": "timesqnike"
      }
    }
  },
  {
    "post_id": "insta_17873189803227431",
    "comment_text": 1526628451,
    "comment_date": "엄마아빠 응원합니다!☺",
    "metadata": {
      "id": "17873189803227431",
      "text": "엄마아빠 응원합니다!☺",
      "created_at": 1526628451,
      "owner": {
        "id": "4869581533",
        "profile_pic_url": "https://scontent-icn1-1.cdninstagram.com/vp/1139984e464f8ae23236835797f152bb/5BC04424/t51.2885-19/s150x150/18812029_1410298279069478_2941965594607484928_a.jpg",
        "username": "laolao_lab"
      }
    }
  },
  {
    "post_id": "insta_17884473175218267",
    "comment_text": 1526676204,
    "comment_date": "좋은 인스타에요. 소통하고 싶어요!",
    "metadata": {
      "id": "17884473175218267",
      "text": "좋은 인스타에요. 소통하고 싶어요!",
      "created_at": 1526676204,
      "owner": {
        "id": "1618198724",
        "profile_pic_url": "https://scontent-icn1-1.cdninstagram.com/vp/0884870dfe7eda214d955e562ea1c11a/5B90D335/t51.2885-19/11055782_414323908748058_1428830298_a.jpg",
        "username": "shoegather"
      }
    }
  },
  {
    "post_id": "insta_17884662991216378",
    "comment_text": 1526624907,
    "comment_date": "220!!!!있어요?",
    "metadata": {
      "id": "17884662991216378",
      "text": "220!!!!있어요?",
      "created_at": 1526624907,
      "owner": {
        "id": "1381653422",
        "profile_pic_url": "https://scontent-icn1-1.cdninstagram.com/vp/c54ea0570bee69eea9480e1f455b68de/5BA31855/t51.2885-19/s150x150/23735452_1551270511608504_5269344592045539328_n.jpg",
        "username": "8707ss"
      }
    }
  },
  {
    "post_id": "insta_17884221970219619",
    "comment_text": 1526625799,
    "comment_date": "@8707ss 하나있어요근데아직가격이비싸요ㅠㅠㅠ미국에나온다는데언제나올지..",
    "metadata": {
      "id": "17884221970219619",
      "text": "@8707ss 하나있어요근데아직가격이비싸요ㅠㅠㅠ미국에나온다는데언제나올지..",
      "created_at": 1526625799,
      "owner": {
        "id": "1563134566",
        "profile_pic_url": "https://scontent-icn1-1.cdninstagram.com/vp/c3f4098bf888cfd52f270c22fef362bf/5B813D0A/t51.2885-19/s150x150/27581316_793654617485051_795317313451589632_n.jpg",
        "username": "dtshoe"
      }
    }
  },
  {
    "post_id": "insta_17917215160146745",
    "comment_text": 1526623224,
    "comment_date": "소통하고지내요~!",
    "metadata": {
      "id": "17917215160146745",
      "text": "소통하고지내요~!",
      "created_at": 1526623224,
      "owner": {
        "id": "7485616459",
        "profile_pic_url": "https://scontent-icn1-1.cdninstagram.com/vp/6e2f31f6b6d3273db46347934685fcc0/5B92EB14/t51.2885-19/s150x150/31709195_234656183753267_2600012577811464192_n.jpg",
        "username": "salpog_577"
      }
    }
  },
  {
    "post_id": "insta_17917847008150856",
    "comment_text": 1526636050,
    "comment_date": "İstiyorum",
    "metadata": {
      "id": "17917847008150856",
      "text": "İstiyorum",
      "created_at": 1526636050,
      "owner": {
        "id": "2031821902",
        "profile_pic_url": "https://scontent-icn1-1.cdninstagram.com/vp/48457dde9105f4de47068e608ff0475d/5B921D34/t51.2885-19/s150x150/26070787_333066250505742_8749648796352249856_n.jpg",
        "username": "sayim_ulas_"
      }
    }
  },
  {
    "post_id": "insta_17949126442011000",
    "comment_text": 1526620350,
    "comment_date": "안녕하세요 명품정직구입니다 한번구경오세요~",
    "metadata": {
      "id": "17949126442011000",
      "text": "안녕하세요 명품정직구입니다 한번구경오세요~",
      "created_at": 1526620350,
      "owner": {
        "id": "6776494051",
        "profile_pic_url": "https://scontent-icn1-1.cdninstagram.com/vp/8fdac5f8b146357ad553a965d8486cc2/5BC274C8/t51.2885-19/s150x150/30830498_2024127551182634_2045951145108570112_n.jpg",
        "username": "jung.g9"
      }
    }
  },
  {
    "post_id": "insta_17846536777266745",
    "comment_text": 1526621874,
    "comment_date": "대박쓰..",
    "metadata": {
      "id": "17846536777266745",
      "text": "대박쓰..",
      "created_at": 1526621874,
      "owner": {
        "id": "320510742",
        "profile_pic_url": "https://scontent-icn1-1.cdninstagram.com/vp/2e53bc81e8c7a47ba1423808747fea36/5BC3BE7D/t51.2885-19/s150x150/30592541_369441426876847_4613782022597378048_n.jpg",
        "username": "ssimpact"
      }
    }
  },
  {
    "post_id": "insta_17937735247074993",
    "comment_text": 1526620032,
    "comment_date": "오늘하루도 기분좋은 하루 되세요~",
    "metadata": {
      "id": "17937735247074993",
      "text": "오늘하루도 기분좋은 하루 되세요~",
      "created_at": 1526620032,
      "owner": {
        "id": "7562227654",
        "profile_pic_url": "https://scontent-icn1-1.cdninstagram.com/vp/1a0f86bee270854e6664a05874441788/5B895B36/t51.2885-19/s150x150/30085555_163469987630793_5841279947762565120_n.jpg",
        "username": "_by_vely"
      }
    }
  },
  {
    "post_id": "insta_17945690860005412",
    "comment_text": 1526618758,
    "comment_date": "#대전 #대구 #청주 #오오티디 #데일리 #데일리룩 #셀스타그램 #데이트룩 #커플화 #육아맘 #ootd #selfie #나이키 #에어맥스97 #airmax97 #럽스타그램 #봄신상 #블로그 #여름신상",
    "metadata": {
      "id": "17945690860005412",
      "text": "#대전 #대구 #청주 #오오티디 #데일리 #데일리룩 #셀스타그램 #데이트룩 #커플화 #육아맘 #ootd #selfie #나이키 #에어맥스97 #airmax97 #럽스타그램 #봄신상 #블로그 #여름신상",
      "created_at": 1526618758,
      "owner": {
        "id": "5276934307",
        "profile_pic_url": "https://scontent-icn1-1.cdninstagram.com/vp/6bf874af887da4a9da0bc0655cfc633f/5B92B34C/t51.2885-19/s150x150/18380068_814258862067284_5305346064482566144_a.jpg",
        "username": "is_industry"
      }
    }
  },
  {
    "post_id": "insta_17944419229024976",
    "comment_text": 1526618002,
    "comment_date": "선팔하고가요~ 맞팔해주세요😁",
    "metadata": {
      "id": "17944419229024976",
      "text": "선팔하고가요~ 맞팔해주세요😁",
      "created_at": 1526618002,
      "owner": {
        "id": "3668725218",
        "profile_pic_url": "https://scontent-icn1-1.cdninstagram.com/vp/00f04c39c7568ad158ebb65e0529ce96/5BA1556B/t51.2885-19/14063365_1735968939986695_1179224793_a.jpg",
        "username": "speech_lab"
      }
    }
  },
  {
    "post_id": "insta_17945950336000627",
    "comment_text": 1526618487,
    "comment_date": "이거 210 없어요? 아미쳤다 넘이뻐요...다른색이라두...",
    "metadata": {
      "id": "17945950336000627",
      "text": "이거 210 없어요? 아미쳤다 넘이뻐요...다른색이라두...",
      "created_at": 1526618487,
      "owner": {
        "id": "632339968",
        "profile_pic_url": "https://scontent-icn1-1.cdninstagram.com/vp/c0847e58b3408fd8cab2d9a3138d79c8/5BA3F0C8/t51.2885-19/s150x150/30829510_235435143673461_7540169169526849536_n.jpg",
        "username": "1993.06.04"
      }
    }
  },
  {
    "post_id": "insta_17915897011166506",
    "comment_text": 1526618651,
    "comment_date": "@1993.06.04 엄떠용 225부터 나왓썽ㅠㅠ",
    "metadata": {
      "id": "17915897011166506",
      "text": "@1993.06.04 엄떠용 225부터 나왓썽ㅠㅠ",
      "created_at": 1526618651,
      "owner": {
        "id": "3460266501",
        "profile_pic_url": "https://scontent-icn1-1.cdninstagram.com/vp/c3219caba532247a3b24d7b652280dee/5B91D2B5/t51.2885-19/s150x150/16464464_1359681230765874_1582267309056065536_a.jpg",
        "username": "mia_nike_kids"
      }
    }
  },
  {
    "post_id": "insta_17945829367004205",
    "comment_text": 1526619023,
    "comment_date": "245있나용",
    "metadata": {
      "id": "17945829367004205",
      "text": "245있나용",
      "created_at": 1526619023,
      "owner": {
        "id": "1335583317",
        "profile_pic_url": "https://scontent-icn1-1.cdninstagram.com/vp/bbbc65a24360c958c26bf7fd94d2247a/5B8A471C/t51.2885-19/s150x150/32308025_576795009356481_8946796724475658240_n.jpg",
        "username": "sett._.chord"
      }
    }
  },
  {
    "post_id": "insta_17846521087268211",
    "comment_text": 1526619381,
    "comment_date": "@sett._.chord 한족 남아있습니다 :)",
    "metadata": {
      "id": "17846521087268211",
      "text": "@sett._.chord 한족 남아있습니다 :)",
      "created_at": 1526619381,
      "owner": {
        "id": "3460266501",
        "profile_pic_url": "https://scontent-icn1-1.cdninstagram.com/vp/c3219caba532247a3b24d7b652280dee/5B91D2B5/t51.2885-19/s150x150/16464464_1359681230765874_1582267309056065536_a.jpg",
        "username": "mia_nike_kids"
      }
    }
  },
  {
    "post_id": "insta_17920712134185985",
    "comment_text": 1526619394,
    "comment_date": "구경하고 가요",
    "metadata": {
      "id": "17920712134185985",
      "text": "구경하고 가요",
      "created_at": 1526619394,
      "owner": {
        "id": "2594355812",
        "profile_pic_url": "https://scontent-icn1-1.cdninstagram.com/vp/4a06094575544e2e85d30a7b8ee750e3/5B86316C/t51.2885-19/s150x150/14701285_1703645193286743_24844538971422720_a.jpg",
        "username": "lmood_daily"
      }
    }
  },
  {
    "post_id": "insta_17941190218064962",
    "comment_text": 1526620761,
    "comment_date": "240잇나요",
    "metadata": {
      "id": "17941190218064962",
      "text": "240잇나요",
      "created_at": 1526620761,
      "owner": {
        "id": "1579312555",
        "profile_pic_url": "https://scontent-icn1-1.cdninstagram.com/vp/caa7de806f016f760d0c4a5229ba79b0/5B960B9A/t51.2885-19/s150x150/28766403_2024096551200647_1005025091748102144_n.jpg",
        "username": "b_t_lll"
      }
    }
  },
  {
    "post_id": "insta_17929476037122123",
    "comment_text": 1526622236,
    "comment_date": "235있나여?",
    "metadata": {
      "id": "17929476037122123",
      "text": "235있나여?",
      "created_at": 1526622236,
      "owner": {
        "id": "1124331789",
        "profile_pic_url": "https://scontent-icn1-1.cdninstagram.com/vp/0c1c7e00291e303dd6e0ab1e02fc30cb/5B9DFD23/t51.2885-19/s150x150/18888860_269233016879547_1089070570869358592_a.jpg",
        "username": "wodud8210"
      }
    }
  },
  {
    "post_id": "insta_17945306386049857",
    "comment_text": 1526622471,
    "comment_date": "@wodud8210 품절되었습니다 :)",
    "metadata": {
      "id": "17945306386049857",
      "text": "@wodud8210 품절되었습니다 :)",
      "created_at": 1526622471,
      "owner": {
        "id": "3460266501",
        "profile_pic_url": "https://scontent-icn1-1.cdninstagram.com/vp/c3219caba532247a3b24d7b652280dee/5B91D2B5/t51.2885-19/s150x150/16464464_1359681230765874_1582267309056065536_a.jpg",
        "username": "mia_nike_kids"
      }
    }
  },
  {
    "post_id": "insta_17947242364031591",
    "comment_text": 1526622511,
    "comment_date": "@mia_nike_kids 오쓋 ㅠㅠㅠ안대유😰😰😰",
    "metadata": {
      "id": "17947242364031591",
      "text": "@mia_nike_kids 오쓋 ㅠㅠㅠ안대유😰😰😰",
      "created_at": 1526622511,
      "owner": {
        "id": "632339968",
        "profile_pic_url": "https://scontent-icn1-1.cdninstagram.com/vp/c0847e58b3408fd8cab2d9a3138d79c8/5BA3F0C8/t51.2885-19/s150x150/30829510_235435143673461_7540169169526849536_n.jpg",
        "username": "1993.06.04"
      }
    }
  },
  {
    "post_id": "insta_17947226839060835",
    "comment_text": 1526758687,
    "comment_date": "좋아요~♡",
    "metadata": {
      "id": "17947226839060835",
      "text": "좋아요~♡",
      "created_at": 1526758687,
      "owner": {
        "id": "1330545160",
        "profile_pic_url": "https://scontent-icn1-1.cdninstagram.com/vp/a178048aeb432c156b23d7ca9a9d85af/5B9EAF05/t51.2885-19/s150x150/13392881_1780772302138687_2077291322_a.jpg",
        "username": "yamall_"
      }
    }
  },
  {
    "post_id": "insta_17917722421179532",
    "comment_text": 1526619163,
    "comment_date": "금방 누래지니 관리 잘 하셔용!",
    "metadata": {
      "id": "17917722421179532",
      "text": "금방 누래지니 관리 잘 하셔용!",
      "created_at": 1526619163,
      "owner": {
        "id": "242360",
        "profile_pic_url": "https://scontent-icn1-1.cdninstagram.com/vp/0c995815c43986aa461de03a0c394730/5B8EC08D/t51.2885-19/s150x150/18723322_218412932010366_2789474253936787456_a.jpg",
        "username": "wonizz"
      }
    }
  },
  {
    "post_id": "insta_17937074770079835",
    "comment_text": 1526620645,
    "comment_date": "@wonizz 윽... 네 얼른 많이 신고다녀야겠네요 ㅋㅋ",
    "metadata": {
      "id": "17937074770079835",
      "text": "@wonizz 윽... 네 얼른 많이 신고다녀야겠네요 ㅋㅋ",
      "created_at": 1526620645,
      "owner": {
        "id": "1328299105",
        "profile_pic_url": "https://scontent-icn1-1.cdninstagram.com/vp/bc4b2d79db3b5586504e986dbdeaa7f4/5B7F2B60/t51.2885-19/s150x150/18011217_292029421226333_4509955676457402368_a.jpg",
        "username": "kim_hakwon"
      }
    }
  },
  {
    "post_id": "insta_17921239861188898",
    "comment_text": 1526620983,
    "comment_date": "모야 신발덕후!",
    "metadata": {
      "id": "17921239861188898",
      "text": "모야 신발덕후!",
      "created_at": 1526620983,
      "owner": {
        "id": "2107240140",
        "profile_pic_url": "https://scontent-icn1-1.cdninstagram.com/vp/7c88ab989991716e1bff659f414284a8/5B912441/t51.2885-19/s150x150/17662683_732338930273862_1115864015675850752_a.jpg",
        "username": "soboko_story"
      }
    }
  },
  {
    "post_id": "insta_17873100568225525",
    "comment_text": 1526624512,
    "comment_date": "@soboko_story 그냥 소소한 취미생활이자 일상의 낙이지 뭐 ㅎㅎ",
    "metadata": {
      "id": "17873100568225525",
      "text": "@soboko_story 그냥 소소한 취미생활이자 일상의 낙이지 뭐 ㅎㅎ",
      "created_at": 1526624512,
      "owner": {
        "id": "1328299105",
        "profile_pic_url": "https://scontent-icn1-1.cdninstagram.com/vp/bc4b2d79db3b5586504e986dbdeaa7f4/5B7F2B60/t51.2885-19/s150x150/18011217_292029421226333_4509955676457402368_a.jpg",
        "username": "kim_hakwon"
      }
    }
  },
  {
    "post_id": "insta_17854989529260632",
    "comment_text": 1526801330,
    "comment_date": "이오빠보게ㅋㅋㅋㅋㅋㅋㅋㅋㅋ",
    "metadata": {
      "id": "17854989529260632",
      "text": "이오빠보게ㅋㅋㅋㅋㅋㅋㅋㅋㅋ",
      "created_at": 1526801330,
      "owner": {
        "id": "1700248206",
        "profile_pic_url": "https://scontent-icn1-1.cdninstagram.com/vp/80c495f3271981f5f338a8f9b85dc9c7/5BA45443/t51.2885-19/s150x150/30846745_1727063074045314_2863922873448267776_n.jpg",
        "username": "sonhye_123"
      }
    }
  },
  {
    "post_id": "insta_17913834496169838",
    "comment_text": 1526875689,
    "comment_date": "@sonhye_123 새신발 살때 엄청 행복함 ㅋㅋㅋㅋㅋ",
    "metadata": {
      "id": "17913834496169838",
      "text": "@sonhye_123 새신발 살때 엄청 행복함 ㅋㅋㅋㅋㅋ",
      "created_at": 1526875689,
      "owner": {
        "id": "1328299105",
        "profile_pic_url": "https://scontent-icn1-1.cdninstagram.com/vp/bc4b2d79db3b5586504e986dbdeaa7f4/5B7F2B60/t51.2885-19/s150x150/18011217_292029421226333_4509955676457402368_a.jpg",
        "username": "kim_hakwon"
      }
    }
  },
  {
    "post_id": "insta_17887625278202435",
    "comment_text": 1526624632,
    "comment_date": "👍🏻👍🏻👍🏻👍🏻🔥",
    "metadata": {
      "id": "17887625278202435",
      "text": "👍🏻👍🏻👍🏻👍🏻🔥",
      "created_at": 1526624632,
      "owner": {
        "id": "241343177",
        "profile_pic_url": "https://scontent-icn1-1.cdninstagram.com/vp/728e90d1636b89dbaf71c04fc1da6085/5BC04DF3/t51.2885-19/s150x150/29715329_1807935102845460_8763903831462379520_n.jpg",
        "username": "oiot_ilot"
      }
    }
  },
  {
    "post_id": "insta_17945932228056297",
    "comment_text": 1526696561,
    "comment_date": "🔥🔥",
    "metadata": {
      "id": "17945932228056297",
      "text": "🔥🔥",
      "created_at": 1526696561,
      "owner": {
        "id": "1040314399",
        "profile_pic_url": "https://scontent-icn1-1.cdninstagram.com/vp/ec7939a7be479e38456b235d9a65f7e9/5BA416C8/t51.2885-19/11248186_118057788543641_1762046299_a.jpg",
        "username": "carloparguelles"
      }
    }
  },
  {
    "post_id": "insta_17944940899061977",
    "comment_text": 1526614881,
    "comment_date": "#대전 #대구 #청주 #오오티디 #데일리 #데일리룩 #셀스타그램 #데이트룩 #커플화 #육아맘 #ootd #selfie #나이키 #에어맥스97 #airmax97 #럽스타그램 #봄신상 #블로그 #맥스97",
    "metadata": {
      "id": "17944940899061977",
      "text": "#대전 #대구 #청주 #오오티디 #데일리 #데일리룩 #셀스타그램 #데이트룩 #커플화 #육아맘 #ootd #selfie #나이키 #에어맥스97 #airmax97 #럽스타그램 #봄신상 #블로그 #맥스97",
      "created_at": 1526614881,
      "owner": {
        "id": "5276934307",
        "profile_pic_url": "https://scontent-icn1-1.cdninstagram.com/vp/6bf874af887da4a9da0bc0655cfc633f/5B92B34C/t51.2885-19/s150x150/18380068_814258862067284_5305346064482566144_a.jpg",
        "username": "is_industry"
      }
    }
  },
  {
    "post_id": "insta_17856518152249610",
    "comment_text": 1526615264,
    "comment_date": "좋은거질럿네",
    "metadata": {
      "id": "17856518152249610",
      "text": "좋은거질럿네",
      "created_at": 1526615264,
      "owner": {
        "id": "3654342561",
        "profile_pic_url": "https://scontent-icn1-1.cdninstagram.com/vp/3b55133689605b4d392530d55994e69a/5B8B61C2/t51.2885-19/s150x150/30949072_570031403376862_7381615615661834240_n.jpg",
        "username": "kimhozz_i"
      }
    }
  },
  {
    "post_id": "insta_17927141557080897",
    "comment_text": 1526621889,
    "comment_date": "@kimhozz_i 선물받음ㅎ",
    "metadata": {
      "id": "17927141557080897",
      "text": "@kimhozz_i 선물받음ㅎ",
      "created_at": 1526621889,
      "owner": {
        "id": "3260439145",
        "profile_pic_url": "https://scontent-icn1-1.cdninstagram.com/vp/9e11890c81d00b4382d6014fbbaa354a/5B864771/t51.2885-19/s150x150/32041292_175467063162927_8840864431316402176_n.jpg",
        "username": "k_kibeom22"
      }
    }
  },
  {
    "post_id": "insta_17917601695181056",
    "comment_text": 1526614950,
    "comment_date": "반가워요 또 뵈요^^",
    "metadata": {
      "id": "17917601695181056",
      "text": "반가워요 또 뵈요^^",
      "created_at": 1526614950,
      "owner": {
        "id": "4278760035",
        "profile_pic_url": "https://scontent-icn1-1.cdninstagram.com/vp/f870854387220c588e2fea7188778e04/5B81DEAD/t51.2885-19/s150x150/32203387_429772024153238_6400461947849932800_n.jpg",
        "username": "explorer_jy"
      }
    }
  },
  {
    "post_id": "insta_17945967223005147",
    "comment_text": 1526614582,
    "comment_date": "오늘 하루도 으쌰! 으쌰! 화이팅입니다!! ᕙ(•̀‸•́‶)ᕗᕙ(•̀‸•́‶)ᕗ",
    "metadata": {
      "id": "17945967223005147",
      "text": "오늘 하루도 으쌰! 으쌰! 화이팅입니다!! ᕙ(•̀‸•́‶)ᕗᕙ(•̀‸•́‶)ᕗ",
      "created_at": 1526614582,
      "owner": {
        "id": "1528145681",
        "profile_pic_url": "https://scontent-icn1-1.cdninstagram.com/vp/ed1ca1311fc69db35a60434f44927191/5B933912/t51.2885-19/s150x150/18947809_345197102562514_8679108352266993664_a.jpg",
        "username": "myheart_art"
      }
    }
  },
  {
    "post_id": "insta_17888134921206386",
    "comment_text": 1526614689,
    "comment_date": "오늘도 즐거운 하루 보내세요",
    "metadata": {
      "id": "17888134921206386",
      "text": "오늘도 즐거운 하루 보내세요",
      "created_at": 1526614689,
      "owner": {
        "id": "5779539212",
        "profile_pic_url": "https://scontent-icn1-1.cdninstagram.com/vp/fa6b1c484080d8cfd1ed822d32ba53d5/5B7F4FD5/t51.2885-19/s150x150/31941406_1518093401649571_8740061596123922432_n.jpg",
        "username": "maoma__o"
      }
    }
  },
  {
    "post_id": "insta_17922784009138992",
    "comment_text": 1526621726,
    "comment_date": "잘보고 댓글 남기고 갑니다^^",
    "metadata": {
      "id": "17922784009138992",
      "text": "잘보고 댓글 남기고 갑니다^^",
      "created_at": 1526621726,
      "owner": {
        "id": "6776494051",
        "profile_pic_url": "https://scontent-icn1-1.cdninstagram.com/vp/8fdac5f8b146357ad553a965d8486cc2/5BC274C8/t51.2885-19/s150x150/30830498_2024127551182634_2045951145108570112_n.jpg",
        "username": "jung.g9"
      }
    }
  },
  {
    "post_id": "insta_17945653534053153",
    "comment_text": 1526614609,
    "comment_date": "글로벌스타가 되기 위한 첫걸음 글빨과 함께해요~~",
    "metadata": {
      "id": "17945653534053153",
      "text": "글로벌스타가 되기 위한 첫걸음 글빨과 함께해요~~",
      "created_at": 1526614609,
      "owner": {
        "id": "4196103709",
        "profile_pic_url": "https://scontent-icn1-1.cdninstagram.com/vp/98a02d584888fe78dfd0ee29b0c64b55/5B87560E/t51.2885-19/s150x150/32070004_594086060976317_2148866988246564864_n.jpg",
        "username": "adlhs_iv2578"
      }
    }
  },
  {
    "post_id": "insta_17944944940010501",
    "comment_text": 1526613779,
    "comment_date": "사진 잘 보고 갑니당ㅎㅎ 좋은 하루 되세요~^^",
    "metadata": {
      "id": "17944944940010501",
      "text": "사진 잘 보고 갑니당ㅎㅎ 좋은 하루 되세요~^^",
      "created_at": 1526613779,
      "owner": {
        "id": "2140837966",
        "profile_pic_url": "https://scontent-icn1-1.cdninstagram.com/vp/a20793b4925c79c4fdeb2f85815fa3e5/5B8E7B02/t51.2885-19/s150x150/28150819_210083546237972_8802348113793646592_n.jpg",
        "username": "u_eimi"
      }
    }
  },
  {
    "post_id": "insta_17948464522012842",
    "comment_text": 1526656041,
    "comment_date": "👏👏",
    "metadata": {
      "id": "17948464522012842",
      "text": "👏👏",
      "created_at": 1526656041,
      "owner": {
        "id": "252135970",
        "profile_pic_url": "https://scontent-icn1-1.cdninstagram.com/vp/7bbea034a546ae35acaa42a62579e49b/5BC1B2C9/t51.2885-19/s150x150/15538921_1759701521015417_4199363514424360960_a.jpg",
        "username": "petehydaym"
      }
    }
  },
  {
    "post_id": "insta_17947907926006051",
    "comment_text": 1526614653,
    "comment_date": "이거 진짜 예뿜!",
    "metadata": {
      "id": "17947907926006051",
      "text": "이거 진짜 예뿜!",
      "created_at": 1526614653,
      "owner": {
        "id": "1325346238",
        "profile_pic_url": "https://scontent-icn1-1.cdninstagram.com/vp/967d6d48d3187d60ef214306fba979e2/5B8905CD/t51.2885-19/s150x150/12383432_1563443393965760_474953710_a.jpg",
        "username": "ming_9021"
      }
    }
  },
  {
    "post_id": "insta_17912840284168060",
    "comment_text": 1526614946,
    "comment_date": "@ming_9021 엌ㅋㅋㅋ 좋습니다",
    "metadata": {
      "id": "17912840284168060",
      "text": "@ming_9021 엌ㅋㅋㅋ 좋습니다",
      "created_at": 1526614946,
      "owner": {
        "id": "531281276",
        "profile_pic_url": "https://scontent-icn1-1.cdninstagram.com/vp/3ebf177669044116b0e8f4666722f328/5B8BCF2C/t51.2885-19/s150x150/18879341_673118149546425_1466386218076864512_a.jpg",
        "username": "lightbworld"
      }
    }
  },
  {
    "post_id": "insta_17932208362100463",
    "comment_text": 1526612884,
    "comment_date": "좋은하루되세요😺",
    "metadata": {
      "id": "17932208362100463",
      "text": "좋은하루되세요😺",
      "created_at": 1526612884,
      "owner": {
        "id": "4230831668",
        "profile_pic_url": "https://scontent-icn1-1.cdninstagram.com/vp/82e972e8ffc00333ae412bc40b33eb2f/5B7D2F13/t51.2885-19/s150x150/28435309_210657816347515_3660955936140296192_n.jpg",
        "username": "yong_refresh"
      }
    }
  },
  {
    "post_id": "insta_17945839171018177",
    "comment_text": 1526615963,
    "comment_date": "저두요~~~✋",
    "metadata": {
      "id": "17945839171018177",
      "text": "저두요~~~✋",
      "created_at": 1526615963,
      "owner": {
        "id": "1522647016",
        "profile_pic_url": "https://scontent-icn1-1.cdninstagram.com/vp/e73bd5492b0bd168dd0a7b104e68648f/5B87C202/t51.2885-19/s150x150/11374076_401933880007800_2035898131_a.jpg",
        "username": "younjoo.park"
      }
    }
  },
  {
    "post_id": "insta_17872138969240059",
    "comment_text": 1526616461,
    "comment_date": "@younjoo.park 시어머니드리자~~~~~",
    "metadata": {
      "id": "17872138969240059",
      "text": "@younjoo.park 시어머니드리자~~~~~",
      "created_at": 1526616461,
      "owner": {
        "id": "1300914913",
        "profile_pic_url": "https://scontent-icn1-1.cdninstagram.com/vp/09fc78dae2c161a068691656429d437a/5BC45F86/t51.2885-19/s150x150/14240875_164018360705647_714773374_a.jpg",
        "username": "choi_sj"
      }
    }
  },
  {
    "post_id": "insta_17920274734132540",
    "comment_text": 1526637417,
    "comment_date": "오빠 기특하네 ㅋㅋㅋ👌👍",
    "metadata": {
      "id": "17920274734132540",
      "text": "오빠 기특하네 ㅋㅋㅋ👌👍",
      "created_at": 1526637417,
      "owner": {
        "id": "1556125957",
        "profile_pic_url": "https://scontent-icn1-1.cdninstagram.com/vp/5c68744bfc7ce3c9e6b8596d49a70384/5BC183D3/t51.2885-19/s150x150/31168420_1951993608464033_2871806273035173888_n.jpg",
        "username": "julie.j.h"
      }
    }
  },
  {
    "post_id": "insta_17912761096173920",
    "comment_text": 1526612003,
    "comment_date": "#데일리룩 #데일리패션 #dailylook #dailyfashion #carhartt #에어맥스97 #에어맥스97tt",
    "metadata": {
      "id": "17912761096173920",
      "text": "#데일리룩 #데일리패션 #dailylook #dailyfashion #carhartt #에어맥스97 #에어맥스97tt",
      "created_at": 1526612003,
      "owner": {
        "id": "7223990474",
        "profile_pic_url": "https://scontent-icn1-1.cdninstagram.com/vp/cd5312a4514c0467bc08812109d18d78/5B907C22/t51.2885-19/s150x150/31043029_825426701001541_8990852248435163136_n.jpg",
        "username": "0wook25"
      }
    }
  },
  {
    "post_id": "insta_17917040776157674",
    "comment_text": 1526639781,
    "comment_date": "멋..있다",
    "metadata": {
      "id": "17917040776157674",
      "text": "멋..있다",
      "created_at": 1526639781,
      "owner": {
        "id": "4586080501",
        "profile_pic_url": "https://scontent-icn1-1.cdninstagram.com/vp/86b1b0df061a4b28dd833a341deaea02/5B9090F4/t51.2885-19/s150x150/16465035_710527082440305_1632689593750913024_a.jpg",
        "username": "hsm427"
      }
    }
  },
  {
    "post_id": "insta_17846588146270752",
    "comment_text": 1526652573,
    "comment_date": "쩝. 패피노",
    "metadata": {
      "id": "17846588146270752",
      "text": "쩝. 패피노",
      "created_at": 1526652573,
      "owner": {
        "id": "7662986468",
        "profile_pic_url": "https://instagram.fmex11-2.fna.fbcdn.net/vp/7fb264c2f9127960f65022f591169b90/5B94597A/t51.2885-19/11906329_960233084022564_1448528159_a.jpg?_nc_eui2=AeE8VbZdpZZzk3GZWgS4xAp2MGdGRqVwEcJmmI_pbO9iHt8fDGXpOqraZHHINS0qTKF3SUda4DiMN0NkXzcIdorLdYj4P1-oW-HiFNHd2rxwl_ayoIA8ag2slAUrKd4NY7I",
        "username": "hojinee0_0"
      }
    }
  },
  {
    "post_id": "insta_17918508640157913",
    "comment_text": 1526791972,
    "comment_date": "눈갱",
    "metadata": {
      "id": "17918508640157913",
      "text": "눈갱",
      "created_at": 1526791972,
      "owner": {
        "id": "4617489758",
        "profile_pic_url": "https://instagram.fmex11-2.fna.fbcdn.net/vp/7fb264c2f9127960f65022f591169b90/5B94597A/t51.2885-19/11906329_960233084022564_1448528159_a.jpg?_nc_eui2=AeE8VbZdpZZzk3GZWgS4xAp2MGdGRqVwEcJmmI_pbO9iHt8fDGXpOqraZHHINS0qTKF3SUda4DiMN0NkXzcIdorLdYj4P1-oW-HiFNHd2rxwl_ayoIA8ag2slAUrKd4NY7I",
        "username": "kapex98"
      }
    }
  },
  {
    "post_id": "insta_17946091516030571",
    "comment_text": 1526616597,
    "comment_date": "그만사",
    "metadata": {
      "id": "17946091516030571",
      "text": "그만사",
      "created_at": 1526616597,
      "owner": {
        "id": "1232118572",
        "profile_pic_url": "https://scontent-icn1-1.cdninstagram.com/vp/8672a242c5a28fc6bd2809571d194963/5B8C609F/t51.2885-19/s150x150/14549906_665502173631415_126702050628075520_a.jpg",
        "username": "mmmaenggg"
      }
    }
  },
  {
    "post_id": "insta_17926672321093260",
    "comment_text": 1526625163,
    "comment_date": "몇개를 사신겁니까 ㄷㄷ",
    "metadata": {
      "id": "17926672321093260",
      "text": "몇개를 사신겁니까 ㄷㄷ",
      "created_at": 1526625163,
      "owner": {
        "id": "1648750952",
        "profile_pic_url": "https://scontent-icn1-1.cdninstagram.com/vp/8bdc142152f5a949917ce8046c72a52a/5BBFEF4A/t51.2885-19/s150x150/17265460_779257942224867_1247429120334233600_a.jpg",
        "username": "sung0142"
      }
    }
  },
  {
    "post_id": "insta_17920248688187515",
    "comment_text": 1526697106,
    "comment_date": "@sung0142 원래 있던건데 사진을 늦게 올렸습니다 ㅋㅋㅋ..",
    "metadata": {
      "id": "17920248688187515",
      "text": "@sung0142 원래 있던건데 사진을 늦게 올렸습니다 ㅋㅋㅋ..",
      "created_at": 1526697106,
      "owner": {
        "id": "1108798040",
        "profile_pic_url": "https://scontent-icn1-1.cdninstagram.com/vp/680067fff5b6a8c8f255d517580c8b56/5B8226FD/t51.2885-19/s150x150/28435149_175502433237744_3936945045613051904_n.jpg",
        "username": "sic2__"
      }
    }
  },
  {
    "post_id": "insta_17854791832258525",
    "comment_text": 1526697114,
    "comment_date": "@mmmaenggg 나올 때 산겨..",
    "metadata": {
      "id": "17854791832258525",
      "text": "@mmmaenggg 나올 때 산겨..",
      "created_at": 1526697114,
      "owner": {
        "id": "1108798040",
        "profile_pic_url": "https://scontent-icn1-1.cdninstagram.com/vp/680067fff5b6a8c8f255d517580c8b56/5B8226FD/t51.2885-19/s150x150/28435149_175502433237744_3936945045613051904_n.jpg",
        "username": "sic2__"
      }
    }
  },
  {
    "post_id": "insta_17926799023081210",
    "comment_text": 1526610000,
    "comment_date": "이야(ღ'ᴗ'ღ )",
    "metadata": {
      "id": "17926799023081210",
      "text": "이야(ღ'ᴗ'ღ )",
      "created_at": 1526610000,
      "owner": {
        "id": "2336185741",
        "profile_pic_url": "https://scontent-icn1-1.cdninstagram.com/vp/171b96327f96779b36fc79e5c928603d/5B885B3C/t51.2885-19/s150x150/31356168_1810609902579338_1923755880973598720_n.jpg",
        "username": "a_0807_h"
      }
    }
  },
  {
    "post_id": "insta_17946194008011486",
    "comment_text": 1526616949,
    "comment_date": "즐거운하루되세요💛",
    "metadata": {
      "id": "17946194008011486",
      "text": "즐거운하루되세요💛",
      "created_at": 1526616949,
      "owner": {
        "id": "4230831668",
        "profile_pic_url": "https://scontent-icn1-1.cdninstagram.com/vp/82e972e8ffc00333ae412bc40b33eb2f/5B7D2F13/t51.2885-19/s150x150/28435309_210657816347515_3660955936140296192_n.jpg",
        "username": "yong_refresh"
      }
    }
  },
  {
    "post_id": "insta_17856345346252474",
    "comment_text": 1526609962,
    "comment_date": "좋은하루보내세요😊💛💛",
    "metadata": {
      "id": "17856345346252474",
      "text": "좋은하루보내세요😊💛💛",
      "created_at": 1526609962,
      "owner": {
        "id": "2243383569",
        "profile_pic_url": "https://scontent-icn1-1.cdninstagram.com/vp/65f49e980296f7cc439b889508b30bba/5B9FCBB2/t51.2885-19/s150x150/31007014_238135026735914_3846366538982490112_n.jpg",
        "username": "youbin_refresh"
      }
    }
  },
  {
    "post_id": "insta_17944535494022382",
    "comment_text": 1526609911,
    "comment_date": "Peep this bio soon! Lets keep going.",
    "metadata": {
      "id": "17944535494022382",
      "text": "Peep this bio soon! Lets keep going.",
      "created_at": 1526609911,
      "owner": {
        "id": "2989792414",
        "profile_pic_url": "https://scontent-icn1-1.cdninstagram.com/vp/1ba27c67c231646714ab7396eb39d78e/5BC286EE/t51.2885-19/s150x150/15251787_381674822166886_4764497248262291456_a.jpg",
        "username": "bfirst_apparel412"
      }
    }
  },
  {
    "post_id": "insta_17946824749062155",
    "comment_text": 1526610923,
    "comment_date": "@v_juhee_v 세상에나",
    "metadata": {
      "id": "17946824749062155",
      "text": "@v_juhee_v 세상에나",
      "created_at": 1526610923,
      "owner": {
        "id": "3853111855",
        "profile_pic_url": "https://scontent-icn1-1.cdninstagram.com/vp/69d6cd41c9c596556c7f5eee30521665/5B8A3B66/t51.2885-19/s150x150/14134757_221087984960936_2017264676_a.jpg",
        "username": "seonje_p"
      }
    }
  },
  {
    "post_id": "insta_17932388221096218",
    "comment_text": 1526612165,
    "comment_date": "@seonje_p 이미 삿잖아..",
    "metadata": {
      "id": "17932388221096218",
      "text": "@seonje_p 이미 삿잖아..",
      "created_at": 1526612165,
      "owner": {
        "id": "1221966554",
        "profile_pic_url": "https://scontent-icn1-1.cdninstagram.com/vp/42cc6a9116266d27aa66b5b164efb877/5BC01BD8/t51.2885-19/s150x150/14099849_718536144951492_1880923364_a.jpg",
        "username": "v_juhee_v"
      }
    }
  },
  {
    "post_id": "insta_17887912660203677",
    "comment_text": 1526606788,
    "comment_date": "#대전 #대구 #청주 #오오티디 #데일리 #데일리룩 #셀스타그램 #데이트룩 #커플화 #육아맘 #ootd #selfie #나이키 #에어맥스97 #airmax97 #럽스타그램 #봄신상 #블로그 #여름신상",
    "metadata": {
      "id": "17887912660203677",
      "text": "#대전 #대구 #청주 #오오티디 #데일리 #데일리룩 #셀스타그램 #데이트룩 #커플화 #육아맘 #ootd #selfie #나이키 #에어맥스97 #airmax97 #럽스타그램 #봄신상 #블로그 #여름신상",
      "created_at": 1526606788,
      "owner": {
        "id": "5276934307",
        "profile_pic_url": "https://scontent-icn1-1.cdninstagram.com/vp/6bf874af887da4a9da0bc0655cfc633f/5B92B34C/t51.2885-19/s150x150/18380068_814258862067284_5305346064482566144_a.jpg",
        "username": "is_industry"
      }
    }
  },
  {
    "post_id": "insta_17932203574097075",
    "comment_text": 1526605037,
    "comment_date": "💜🦄",
    "metadata": {
      "id": "17932203574097075",
      "text": "💜🦄",
      "created_at": 1526605037,
      "owner": {
        "id": "348601702",
        "profile_pic_url": "https://scontent-icn1-1.cdninstagram.com/vp/43f4d38bb710bc82ece84e11117de006/5B8B2DF5/t51.2885-19/s150x150/31326412_588477434854468_7699254801120362496_n.jpg",
        "username": "chuheeyayo"
      }
    }
  },
  {
    "post_id": "insta_17946484336058364",
    "comment_text": 1526605202,
    "comment_date": "들렸다 가요!!! 언제든 놀러와주세요 ~",
    "metadata": {
      "id": "17946484336058364",
      "text": "들렸다 가요!!! 언제든 놀러와주세요 ~",
      "created_at": 1526605202,
      "owner": {
        "id": "5943013304",
        "profile_pic_url": "https://scontent-icn1-1.cdninstagram.com/vp/d5eec2916eee151d3191ff2191e190f1/5B8D4BAE/t51.2885-19/s150x150/29716017_256510038225352_6571934213585502208_n.jpg",
        "username": "t.h_lee91"
      }
    }
  },
  {
    "post_id": "insta_17873559961232289",
    "comment_text": 1526604939,
    "comment_date": "오 97맥스 ㅋ",
    "metadata": {
      "id": "17873559961232289",
      "text": "오 97맥스 ㅋ",
      "created_at": 1526604939,
      "owner": {
        "id": "2996863430",
        "profile_pic_url": "https://scontent-icn1-1.cdninstagram.com/vp/e4da1fc74f019afcca7fe1898515a6d2/5B91481C/t51.2885-19/s150x150/12784038_485843888267199_170235125_a.jpg",
        "username": "niceguyhyo"
      }
    }
  },
  {
    "post_id": "insta_17932242775108830",
    "comment_text": 1526608442,
    "comment_date": "이뿌다~~탐난다아~~~😍😍😍",
    "metadata": {
      "id": "17932242775108830",
      "text": "이뿌다~~탐난다아~~~😍😍😍",
      "created_at": 1526608442,
      "owner": {
        "id": "3185691431",
        "profile_pic_url": "https://scontent-icn1-1.cdninstagram.com/vp/27778c278ccac1339db88f69f52b3ba5/5B87408A/t51.2885-19/s150x150/28753082_804966039692677_232374352237035520_n.jpg",
        "username": "dainmom0919"
      }
    }
  },
  {
    "post_id": "insta_17932500550099880",
    "comment_text": 1526609998,
    "comment_date": "안녕하세요 명품정직구입니다 한번구경오세요~",
    "metadata": {
      "id": "17932500550099880",
      "text": "안녕하세요 명품정직구입니다 한번구경오세요~",
      "created_at": 1526609998,
      "owner": {
        "id": "6776494051",
        "profile_pic_url": "https://scontent-icn1-1.cdninstagram.com/vp/8fdac5f8b146357ad553a965d8486cc2/5BC274C8/t51.2885-19/s150x150/30830498_2024127551182634_2045951145108570112_n.jpg",
        "username": "jung.g9"
      }
    }
  },
  {
    "post_id": "insta_17920537930141015",
    "comment_text": 1526605333,
    "comment_date": "#나매#디매#나이키매니아#디젤매니아#인계동#상남동#부대#둔산동#여친선물#남친선물#기념일선물#디매인#나매인#커플옷#커플티",
    "metadata": {
      "id": "17920537930141015",
      "text": "#나매#디매#나이키매니아#디젤매니아#인계동#상남동#부대#둔산동#여친선물#남친선물#기념일선물#디매인#나매인#커플옷#커플티",
      "created_at": 1526605333,
      "owner": {
        "id": "3180830061",
        "profile_pic_url": "https://scontent-icn1-1.cdninstagram.com/vp/598ef32175694dbb539631a75c62a74f/5B7EB506/t51.2885-19/s150x150/27579057_526309897751425_9173646219761680384_n.jpg",
        "username": "h___ahn"
      }
    }
  },
  {
    "post_id": "insta_17933064835128355",
    "comment_text": 1526656873,
    "comment_date": "@minjuuu._",
    "metadata": {
      "id": "17933064835128355",
      "text": "@minjuuu._",
      "created_at": 1526656873,
      "owner": {
        "id": "1110140968",
        "profile_pic_url": "https://instagram.fscl8-1.fna.fbcdn.net/vp/856b9478629f7c2f4ae549c4c8cc5dd7/5B94597A/t51.2885-19/11906329_960233084022564_1448528159_a.jpg",
        "username": "ju_joooo0"
      }
    }
  },
  {
    "post_id": "insta_17885140303212965",
    "comment_text": 1526710328,
    "comment_date": "핑크는없나요",
    "metadata": {
      "id": "17885140303212965",
      "text": "핑크는없나요",
      "created_at": 1526710328,
      "owner": {
        "id": "1586802565",
        "profile_pic_url": "https://scontent-icn1-1.cdninstagram.com/vp/e8f62a896c370d3b28942c986d176c67/5B94A74C/t51.2885-19/s150x150/30855319_144216489752583_4343784718920056832_n.jpg",
        "username": "l_o_v_e1288"
      }
    }
  },
  {
    "post_id": "insta_17926957477080259",
    "comment_text": 1526710347,
    "comment_date": "@l_o_v_e1288 핑크도 올려놨습니다.~",
    "metadata": {
      "id": "17926957477080259",
      "text": "@l_o_v_e1288 핑크도 올려놨습니다.~",
      "created_at": 1526710347,
      "owner": {
        "id": "3180830061",
        "profile_pic_url": "https://scontent-icn1-1.cdninstagram.com/vp/598ef32175694dbb539631a75c62a74f/5B7EB506/t51.2885-19/s150x150/27579057_526309897751425_9173646219761680384_n.jpg",
        "username": "h___ahn"
      }
    }
  },
  {
    "post_id": "insta_17872217506241165",
    "comment_text": 1526710404,
    "comment_date": "@h___ahn 얼마에요",
    "metadata": {
      "id": "17872217506241165",
      "text": "@h___ahn 얼마에요",
      "created_at": 1526710404,
      "owner": {
        "id": "1586802565",
        "profile_pic_url": "https://scontent-icn1-1.cdninstagram.com/vp/e8f62a896c370d3b28942c986d176c67/5B94A74C/t51.2885-19/s150x150/30855319_144216489752583_4343784718920056832_n.jpg",
        "username": "l_o_v_e1288"
      }
    }
  },
  {
    "post_id": "insta_17927405599080078",
    "comment_text": 1526711367,
    "comment_date": "@l_o_v_e1288 디엠드릴게요~",
    "metadata": {
      "id": "17927405599080078",
      "text": "@l_o_v_e1288 디엠드릴게요~",
      "created_at": 1526711367,
      "owner": {
        "id": "3180830061",
        "profile_pic_url": "https://scontent-icn1-1.cdninstagram.com/vp/598ef32175694dbb539631a75c62a74f/5B7EB506/t51.2885-19/s150x150/27579057_526309897751425_9173646219761680384_n.jpg",
        "username": "h___ahn"
      }
    }
  },
  {
    "post_id": "insta_17932405951108617",
    "comment_text": 1526592167,
    "comment_date": "헐 어디서 구하신거니.....나도 애타게 찾고 있었거든 ㅜㅜ",
    "metadata": {
      "id": "17932405951108617",
      "text": "헐 어디서 구하신거니.....나도 애타게 찾고 있었거든 ㅜㅜ",
      "created_at": 1526592167,
      "owner": {
        "id": "2922027362",
        "profile_pic_url": "https://scontent-icn1-1.cdninstagram.com/vp/9faada29447aeeedd7cabe8d639f900d/5B90C6E9/t51.2885-19/s150x150/32287517_172148396786127_2283102690684698624_n.jpg",
        "username": "yeanakiiiiim"
      }
    }
  },
  {
    "post_id": "insta_17872561492237386",
    "comment_text": 1526592327,
    "comment_date": "@yeanakiiiiim 아마 나이키매니아에서 리셀로 샀을거얌...!! 해외사이트는 짭이 많대ㅜㅜ",
    "metadata": {
      "id": "17872561492237386",
      "text": "@yeanakiiiiim 아마 나이키매니아에서 리셀로 샀을거얌...!! 해외사이트는 짭이 많대ㅜㅜ",
      "created_at": 1526592327,
      "owner": {
        "id": "5686662780",
        "profile_pic_url": "https://scontent-icn1-1.cdninstagram.com/vp/5835b395fc45620a16241d4c6093b2c3/5BC2D7B5/t51.2885-19/s150x150/31218737_171672713542794_539493792693092352_n.jpg",
        "username": "charmsojuu"
      }
    }
  },
  {
    "post_id": "insta_17945807404053459",
    "comment_text": 1526595646,
    "comment_date": "@charmsojuu ㅜㅜㅜ땡큐!! 바로 사야겠당",
    "metadata": {
      "id": "17945807404053459",
      "text": "@charmsojuu ㅜㅜㅜ땡큐!! 바로 사야겠당",
      "created_at": 1526595646,
      "owner": {
        "id": "2922027362",
        "profile_pic_url": "https://scontent-icn1-1.cdninstagram.com/vp/9faada29447aeeedd7cabe8d639f900d/5B90C6E9/t51.2885-19/s150x150/32287517_172148396786127_2283102690684698624_n.jpg",
        "username": "yeanakiiiiim"
      }
    }
  },
  {
    "post_id": "insta_17871707962243288",
    "comment_text": 1526601666,
    "comment_date": "피드잘보고가요~⚘",
    "metadata": {
      "id": "17871707962243288",
      "text": "피드잘보고가요~⚘",
      "created_at": 1526601666,
      "owner": {
        "id": "1797384042",
        "profile_pic_url": "https://scontent-icn1-1.cdninstagram.com/vp/aa0de1ebd24e2c436605614be30cd856/5BC262AE/t51.2885-19/s150x150/12716775_527936644047885_803265817_a.jpg",
        "username": "guccl537216"
      }
    }
  },
  {
    "post_id": "insta_17937230017074707",
    "comment_text": 1526579863,
    "comment_date": "제 인스타도 구경오세요 ^^",
    "metadata": {
      "id": "17937230017074707",
      "text": "제 인스타도 구경오세요 ^^",
      "created_at": 1526579863,
      "owner": {
        "id": "7637770520",
        "profile_pic_url": "https://scontent-icn1-1.cdninstagram.com/vp/31994b1fd61daee8def903e9b3514761/5BC4C794/t51.2885-19/s150x150/30923421_147452282768130_1152401817858998272_n.jpg",
        "username": "yunamgil9900"
      }
    }
  },
  {
    "post_id": "insta_17933060548129531",
    "comment_text": 1526580161,
    "comment_date": "정말 좋은 하루되실거같아요 !",
    "metadata": {
      "id": "17933060548129531",
      "text": "정말 좋은 하루되실거같아요 !",
      "created_at": 1526580161,
      "owner": {
        "id": "7637770520",
        "profile_pic_url": "https://scontent-icn1-1.cdninstagram.com/vp/31994b1fd61daee8def903e9b3514761/5BC4C794/t51.2885-19/s150x150/30923421_147452282768130_1152401817858998272_n.jpg",
        "username": "yunamgil9900"
      }
    }
  },
  {
    "post_id": "insta_17944639939043730",
    "comment_text": 1526581847,
    "comment_date": "좋은하루 보내세요",
    "metadata": {
      "id": "17944639939043730",
      "text": "좋은하루 보내세요",
      "created_at": 1526581847,
      "owner": {
        "id": "7633965480",
        "profile_pic_url": "https://scontent-icn1-1.cdninstagram.com/vp/72567b80315f4e018ec44b8e92294a8f/5B92E900/t51.2885-19/s150x150/31729796_2060995227504356_5347978682956775424_n.jpg",
        "username": "faojzazd"
      }
    }
  },
  {
    "post_id": "insta_17916876592156462",
    "comment_text": 1526580346,
    "comment_date": "넘이쁘다 생축",
    "metadata": {
      "id": "17916876592156462",
      "text": "넘이쁘다 생축",
      "created_at": 1526580346,
      "owner": {
        "id": "6930364050",
        "profile_pic_url": "https://scontent-icn1-1.cdninstagram.com/vp/844f11e58e714a2c8d1c3b8523025620/5BA06FBF/t51.2885-19/s150x150/29715387_2057136227635996_7236092541601316864_n.jpg",
        "username": "h12300110"
      }
    }
  },
  {
    "post_id": "insta_17884426012221188",
    "comment_text": 1526597355,
    "comment_date": "오우 옛날감성",
    "metadata": {
      "id": "17884426012221188",
      "text": "오우 옛날감성",
      "created_at": 1526597355,
      "owner": {
        "id": "1494290040",
        "profile_pic_url": "https://scontent-icn1-1.cdninstagram.com/vp/4654f9035edd0ab453d05bb78e371f7d/5B8845AA/t51.2885-19/s150x150/27891418_190556535044979_5811658623473942528_n.jpg",
        "username": "crow_8027"
      }
    }
  },
  {
    "post_id": "insta_17931665398113623",
    "comment_text": 1526656537,
    "comment_date": "굿~!!😸",
    "metadata": {
      "id": "17931665398113623",
      "text": "굿~!!😸",
      "created_at": 1526656537,
      "owner": {
        "id": "1778263051",
        "profile_pic_url": "https://scontent-icn1-1.cdninstagram.com/vp/22e1a1a74d8717815ecfb41f38570808/5BBED6FF/t51.2885-19/s150x150/22429981_1882729982043839_881337313592868864_n.jpg",
        "username": "79hokim"
      }
    }
  },
  {
    "post_id": "insta_17945741089037742",
    "comment_text": 1526571835,
    "comment_date": "하루하루 행복하세요",
    "metadata": {
      "id": "17945741089037742",
      "text": "하루하루 행복하세요",
      "created_at": 1526571835,
      "owner": {
        "id": "7423025829",
        "profile_pic_url": "https://scontent-icn1-1.cdninstagram.com/vp/e07807c604981fbc92160015605a78e7/5B813D81/t51.2885-19/s150x150/30084734_384098348730221_2200402244996694016_n.jpg",
        "username": "in_star_follower"
      }
    }
  },
  {
    "post_id": "insta_17856401890249424",
    "comment_text": 1526572561,
    "comment_date": "말투 왜그래 ..?",
    "metadata": {
      "id": "17856401890249424",
      "text": "말투 왜그래 ..?",
      "created_at": 1526572561,
      "owner": {
        "id": "429234404",
        "profile_pic_url": "https://scontent-icn1-1.cdninstagram.com/vp/e664f58ec3a1c20b372fa49d6a976720/5B8E427E/t51.2885-19/s150x150/32145111_166823667329634_1285149520287498240_n.jpg",
        "username": "pm06___45"
      }
    }
  },
  {
    "post_id": "insta_17941250164065613",
    "comment_text": 1526573004,
    "comment_date": "@pm06___45 너가 협박했잖아.....",
    "metadata": {
      "id": "17941250164065613",
      "text": "@pm06___45 너가 협박했잖아.....",
      "created_at": 1526573004,
      "owner": {
        "id": "1782294431",
        "profile_pic_url": "https://scontent-icn1-1.cdninstagram.com/vp/9032149285700e3d95312bb34ec7458b/5B7E9841/t51.2885-19/s150x150/25037759_334750603595563_8862938020597202944_n.jpg",
        "username": "an10__02"
      }
    }
  },
  {
    "post_id": "insta_17945305159062644",
    "comment_text": 1526574813,
    "comment_date": "오호호호라... 새신발 밟는디",
    "metadata": {
      "id": "17945305159062644",
      "text": "오호호호라... 새신발 밟는디",
      "created_at": 1526574813,
      "owner": {
        "id": "4643524131",
        "profile_pic_url": "https://scontent-icn1-1.cdninstagram.com/vp/704219ad382836989f9d75d1be7d090a/5B84A671/t51.2885-19/s150x150/16465677_271337819945743_5096480761201033216_a.jpg",
        "username": "youth_1994"
      }
    }
  },
  {
    "post_id": "insta_17921369395137873",
    "comment_text": 1526569749,
    "comment_date": "자주 소통해요! 오늘 하루도 즐겁게 보내세요",
    "metadata": {
      "id": "17921369395137873",
      "text": "자주 소통해요! 오늘 하루도 즐겁게 보내세요",
      "created_at": 1526569749,
      "owner": {
        "id": "5891745233",
        "profile_pic_url": "https://scontent-icn1-1.cdninstagram.com/vp/0d6e74f77e16442f10a41d655f7f9d65/5BBF3A3A/t51.2885-19/s150x150/27880241_1792940287678628_6574859923832700928_n.jpg",
        "username": "seoms0409"
      }
    }
  },
  {
    "post_id": "insta_17926646947080877",
    "comment_text": 1526570044,
    "comment_date": "맞팔부탁드려요♡",
    "metadata": {
      "id": "17926646947080877",
      "text": "맞팔부탁드려요♡",
      "created_at": 1526570044,
      "owner": {
        "id": "5812981454",
        "profile_pic_url": "https://scontent-icn1-1.cdninstagram.com/vp/ae6e6e7c1bce3d0f941e43439a6fd2dd/5B7FE365/t51.2885-19/s150x150/20759105_1606736849400356_9027770314137796608_a.jpg",
        "username": "kingkong_sports"
      }
    }
  },
  {
    "post_id": "insta_17917880359149491",
    "comment_text": 1526568121,
    "comment_date": "나는 95 97 두 개 씩 있는데 아직도 여한 마늠...",
    "metadata": {
      "id": "17917880359149491",
      "text": "나는 95 97 두 개 씩 있는데 아직도 여한 마늠...",
      "created_at": 1526568121,
      "owner": {
        "id": "583548268",
        "profile_pic_url": "https://scontent-icn1-1.cdninstagram.com/vp/c2c377e0c0595b71e60f804e7582aeea/5B8B3B03/t51.2885-19/s150x150/22351756_1953590948227237_536735788033900544_n.jpg",
        "username": "hhh.khee"
      }
    }
  },
  {
    "post_id": "insta_17873023315225245",
    "comment_text": 1526583595,
    "comment_date": "와우~사진잘보고 갑니다~",
    "metadata": {
      "id": "17873023315225245",
      "text": "와우~사진잘보고 갑니다~",
      "created_at": 1526583595,
      "owner": {
        "id": "6776494051",
        "profile_pic_url": "https://scontent-icn1-1.cdninstagram.com/vp/8fdac5f8b146357ad553a965d8486cc2/5BC274C8/t51.2885-19/s150x150/30830498_2024127551182634_2045951145108570112_n.jpg",
        "username": "jung.g9"
      }
    }
  },
  {
    "post_id": "insta_17926553857082499",
    "comment_text": 1526598272,
    "comment_date": "@hhh.khee 98도 이쁜듯,,,",
    "metadata": {
      "id": "17926553857082499",
      "text": "@hhh.khee 98도 이쁜듯,,,",
      "created_at": 1526598272,
      "owner": {
        "id": "3172678451",
        "profile_pic_url": "https://scontent-icn1-1.cdninstagram.com/vp/d3507d4023f7ee59850ab6dfe3b46225/5BC201BB/t51.2885-19/s150x150/31752521_220811335174981_4602006343258210304_n.jpg",
        "username": "xxnxxung"
      }
    }
  },
  {
    "post_id": "insta_17937323554076550",
    "comment_text": 1526599683,
    "comment_date": "@xxnxxung 나 돈 벌면 일년 동안 운동화만 살끄야",
    "metadata": {
      "id": "17937323554076550",
      "text": "@xxnxxung 나 돈 벌면 일년 동안 운동화만 살끄야",
      "created_at": 1526599683,
      "owner": {
        "id": "583548268",
        "profile_pic_url": "https://scontent-icn1-1.cdninstagram.com/vp/c2c377e0c0595b71e60f804e7582aeea/5B8B3B03/t51.2885-19/s150x150/22351756_1953590948227237_536735788033900544_n.jpg",
        "username": "hhh.khee"
      }
    }
  },
  {
    "post_id": "insta_17945444185028586",
    "comment_text": 1526626856,
    "comment_date": "맥스 사이즈 정싸 가면되냐 민경아",
    "metadata": {
      "id": "17945444185028586",
      "text": "맥스 사이즈 정싸 가면되냐 민경아",
      "created_at": 1526626856,
      "owner": {
        "id": "1508813543",
        "profile_pic_url": "https://scontent-icn1-1.cdninstagram.com/vp/88fb6b2ec60473e7df4cd41213d0d083/5BBFAFEA/t51.2885-19/s150x150/22221380_170344553542852_8769509562647576576_n.jpg",
        "username": "donghyuk_k"
      }
    }
  },
  {
    "post_id": "insta_17921467315138563",
    "comment_text": 1526633128,
    "comment_date": "@donghyuk_k 평소에 나이키 신는 사쥬 하면 될걸?? 5업하는 사람도 있는거같은데 나는 베이퍼맥스 사쥬랑 똑같이삼!",
    "metadata": {
      "id": "17921467315138563",
      "text": "@donghyuk_k 평소에 나이키 신는 사쥬 하면 될걸?? 5업하는 사람도 있는거같은데 나는 베이퍼맥스 사쥬랑 똑같이삼!",
      "created_at": 1526633128,
      "owner": {
        "id": "3172678451",
        "profile_pic_url": "https://scontent-icn1-1.cdninstagram.com/vp/d3507d4023f7ee59850ab6dfe3b46225/5BC201BB/t51.2885-19/s150x150/31752521_220811335174981_4602006343258210304_n.jpg",
        "username": "xxnxxung"
      }
    }
  },
  {
    "post_id": "insta_17856090511252423",
    "comment_text": 1526633204,
    "comment_date": "@hhh.khee 오빠 돈벌면 취미로 신발사고 할부로 옷사고,,,그럴걸?",
    "metadata": {
      "id": "17856090511252423",
      "text": "@hhh.khee 오빠 돈벌면 취미로 신발사고 할부로 옷사고,,,그럴걸?",
      "created_at": 1526633204,
      "owner": {
        "id": "3172678451",
        "profile_pic_url": "https://scontent-icn1-1.cdninstagram.com/vp/d3507d4023f7ee59850ab6dfe3b46225/5BC201BB/t51.2885-19/s150x150/31752521_220811335174981_4602006343258210304_n.jpg",
        "username": "xxnxxung"
      }
    }
  },
  {
    "post_id": "insta_17918594026158587",
    "comment_text": 1526565835,
    "comment_date": "💕💕😁",
    "metadata": {
      "id": "17918594026158587",
      "text": "💕💕😁",
      "created_at": 1526565835,
      "owner": {
        "id": "261134823",
        "profile_pic_url": "https://scontent-icn1-1.cdninstagram.com/vp/2cbef0d2b1f6cde753efa78a7fb68792/5B8D8385/t51.2885-19/s150x150/29736977_159218798076891_815666731061084160_n.jpg",
        "username": "yunastyle"
      }
    }
  },
  {
    "post_id": "insta_17926277566089244",
    "comment_text": 1526583651,
    "comment_date": "반가워요 ;D",
    "metadata": {
      "id": "17926277566089244",
      "text": "반가워요 ;D",
      "created_at": 1526583651,
      "owner": {
        "id": "4729776400",
        "profile_pic_url": "https://scontent-icn1-1.cdninstagram.com/vp/01a783b6b5fee22f4dc6e1fb5bc97a21/5BA12B59/t51.2885-19/s150x150/29415033_1483192191809202_2694532180792573952_n.jpg",
        "username": "loverozy_"
      }
    }
  },
  {
    "post_id": "insta_17932073074117952",
    "comment_text": 1526584151,
    "comment_date": "사진 잘보고갑니다^^",
    "metadata": {
      "id": "17932073074117952",
      "text": "사진 잘보고갑니다^^",
      "created_at": 1526584151,
      "owner": {
        "id": "6776494051",
        "profile_pic_url": "https://scontent-icn1-1.cdninstagram.com/vp/8fdac5f8b146357ad553a965d8486cc2/5BC274C8/t51.2885-19/s150x150/30830498_2024127551182634_2045951145108570112_n.jpg",
        "username": "jung.g9"
      }
    }
  },
  {
    "post_id": "insta_17904271666198887",
    "comment_text": 1526619607,
    "comment_date": "@abcmart_jangsan 사진이너무예쁘네요♥",
    "metadata": {
      "id": "17904271666198887",
      "text": "@abcmart_jangsan 사진이너무예쁘네요♥",
      "created_at": 1526619607,
      "owner": {
        "id": "4104239711",
        "profile_pic_url": "https://scontent-icn1-1.cdninstagram.com/vp/a2a9ff345433d5ddc5a6e471b1181ab8/5B7EDFF5/t51.2885-19/s150x150/18299067_1881768855430995_5584360432954507264_a.jpg",
        "username": "gangnam_babymong"
      }
    }
  },
  {
    "post_id": "insta_17934166333097952",
    "comment_text": 1527110600,
    "comment_date": "🙌!!!!",
    "metadata": {
      "id": "17934166333097952",
      "text": "🙌!!!!",
      "created_at": 1527110600,
      "owner": {
        "id": "672250515",
        "profile_pic_url": "https://scontent-icn1-1.cdninstagram.com/vp/a9d8607c8df7f375b9ca2f2383ca9e9b/5B84E5CB/t51.2885-19/s150x150/21878932_134320777198381_3983963212243533824_n.jpg",
        "username": "reedom_tattoo"
      }
    }
  },
  {
    "post_id": "insta_17883754603217630",
    "comment_text": 1526377037,
    "comment_date": "사이즈만 작았어도.....",
    "metadata": {
      "id": "17883754603217630",
      "text": "사이즈만 작았어도.....",
      "created_at": 1526377037,
      "owner": {
        "id": "2535492440",
        "profile_pic_url": "https://scontent-icn1-1.cdninstagram.com/vp/db004c8e6e10f7fdbf3aa41f2a6d857c/5B81F6B9/t51.2885-19/s150x150/20688434_108863616479535_1407921422436663296_a.jpg",
        "username": "yjcung04"
      }
    }
  },
  {
    "post_id": "insta_17904061921197130",
    "comment_text": 1526384214,
    "comment_date": "@yjcung04 그라게ㅋ",
    "metadata": {
      "id": "17904061921197130",
      "text": "@yjcung04 그라게ㅋ",
      "created_at": 1526384214,
      "owner": {
        "id": "3262086338",
        "profile_pic_url": "https://scontent-icn1-1.cdninstagram.com/vp/7632d24b9eaeb118adf63c52c056459f/5B8716F6/t51.2885-19/s150x150/26872536_2061125234144332_2303550643433897984_n.jpg",
        "username": "kim.jihyoun"
      }
    }
  },
  {
    "post_id": "insta_17883746167216685",
    "comment_text": 1526386706,
    "comment_date": "10사이즈 삽니다.",
    "metadata": {
      "id": "17883746167216685",
      "text": "10사이즈 삽니다.",
      "created_at": 1526386706,
      "owner": {
        "id": "4424417586",
        "profile_pic_url": "https://scontent-icn1-1.cdninstagram.com/vp/d36b6adfa46d48aad6072da34e837121/5B8F93A2/t51.2885-19/s150x150/15875826_1480587798637679_957422186795106304_a.jpg",
        "username": "jihun3377"
      }
    }
  },
  {
    "post_id": "insta_17926258762082917",
    "comment_text": 1526390934,
    "comment_date": "@jihun3377 ㅋ8사이즈 한개뿐",
    "metadata": {
      "id": "17926258762082917",
      "text": "@jihun3377 ㅋ8사이즈 한개뿐",
      "created_at": 1526390934,
      "owner": {
        "id": "3262086338",
        "profile_pic_url": "https://scontent-icn1-1.cdninstagram.com/vp/7632d24b9eaeb118adf63c52c056459f/5B8716F6/t51.2885-19/s150x150/26872536_2061125234144332_2303550643433897984_n.jpg",
        "username": "kim.jihyoun"
      }
    }
  },
  {
    "post_id": "insta_17937747115078730",
    "comment_text": 1526391399,
    "comment_date": "@jihun3377 엄지를 접을께.. ㅋ",
    "metadata": {
      "id": "17937747115078730",
      "text": "@jihun3377 엄지를 접을께.. ㅋ",
      "created_at": 1526391399,
      "owner": {
        "id": "4424417586",
        "profile_pic_url": "https://scontent-icn1-1.cdninstagram.com/vp/d36b6adfa46d48aad6072da34e837121/5B8F93A2/t51.2885-19/s150x150/15875826_1480587798637679_957422186795106304_a.jpg",
        "username": "jihun3377"
      }
    }
  },
  {
    "post_id": "insta_17919552469177608",
    "comment_text": 1526391859,
    "comment_date": "@kim.jihyoun 발볼을 좀 뜯고신어야할꺼같은데ㅋ",
    "metadata": {
      "id": "17919552469177608",
      "text": "@kim.jihyoun 발볼을 좀 뜯고신어야할꺼같은데ㅋ",
      "created_at": 1526391859,
      "owner": {
        "id": "3262086338",
        "profile_pic_url": "https://scontent-icn1-1.cdninstagram.com/vp/7632d24b9eaeb118adf63c52c056459f/5B8716F6/t51.2885-19/s150x150/26872536_2061125234144332_2303550643433897984_n.jpg",
        "username": "kim.jihyoun"
      }
    }
  },
  {
    "post_id": "insta_17884008280216246",
    "comment_text": 1526460231,
    "comment_date": "작아?",
    "metadata": {
      "id": "17884008280216246",
      "text": "작아?",
      "created_at": 1526460231,
      "owner": {
        "id": "2993094827",
        "profile_pic_url": "https://scontent-icn1-1.cdninstagram.com/vp/2972f376560737a6eb9018530f3a6e29/5B87C0E7/t51.2885-19/s150x150/12724808_1512492112393169_810973516_a.jpg",
        "username": "tooya72603"
      }
    }
  },
  {
    "post_id": "insta_17946059671001017",
    "comment_text": 1526460918,
    "comment_date": "@tooya72603아니 커서ㅋ",
    "metadata": {
      "id": "17946059671001017",
      "text": "@tooya72603아니 커서ㅋ",
      "created_at": 1526460918,
      "owner": {
        "id": "3262086338",
        "profile_pic_url": "https://scontent-icn1-1.cdninstagram.com/vp/7632d24b9eaeb118adf63c52c056459f/5B8716F6/t51.2885-19/s150x150/26872536_2061125234144332_2303550643433897984_n.jpg",
        "username": "kim.jihyoun"
      }
    }
  },
  {
    "post_id": "insta_17916378625148867",
    "comment_text": 1526222560,
    "comment_date": "운동화개이쁨저거 얼마주고삿으",
    "metadata": {
      "id": "17916378625148867",
      "text": "운동화개이쁨저거 얼마주고삿으",
      "created_at": 1526222560,
      "owner": {
        "id": "6815980229",
        "profile_pic_url": "https://scontent-frx5-1.cdninstagram.com/vp/856b9478629f7c2f4ae549c4c8cc5dd7/5B94597A/t51.2885-19/11906329_960233084022564_1448528159_a.jpg",
        "username": "0g_9988"
      }
    }
  },
  {
    "post_id": "insta_17925826267080824",
    "comment_text": 1526224352,
    "comment_date": "@0g_9988 이뿌지😆내가 엄청 탐내던 운동화,,선물받아서 얼만지는 몰겟당ㅠ",
    "metadata": {
      "id": "17925826267080824",
      "text": "@0g_9988 이뿌지😆내가 엄청 탐내던 운동화,,선물받아서 얼만지는 몰겟당ㅠ",
      "created_at": 1526224352,
      "owner": {
        "id": "1568266436",
        "profile_pic_url": "https://scontent-icn1-1.cdninstagram.com/vp/d95905ac9fc795c63dcf00037a44da40/5B92CA43/t51.2885-19/s150x150/30603995_1768981463161841_6940651233187201024_n.jpg",
        "username": "eunoia_som23"
      }
    }
  },
  {
    "post_id": "insta_17940021790067019",
    "comment_text": 1526360927,
    "comment_date": "연극 재밌으?",
    "metadata": {
      "id": "17940021790067019",
      "text": "연극 재밌으?",
      "created_at": 1526360927,
      "owner": {
        "id": "5346024578",
        "profile_pic_url": "https://scontent-icn1-1.cdninstagram.com/vp/7c57805462e7522d01f14a8a2e394a0b/5B8FD5ED/t51.2885-19/s150x150/28158024_217206555495335_8646767141153931264_n.jpg",
        "username": "o.winss"
      }
    }
  },
  {
    "post_id": "insta_17916879436150575",
    "comment_text": 1526381378,
    "comment_date": "@o.winss 잉?연극안밧어욤ㅋㅋㅋㅋㅋㅋ",
    "metadata": {
      "id": "17916879436150575",
      "text": "@o.winss 잉?연극안밧어욤ㅋㅋㅋㅋㅋㅋ",
      "created_at": 1526381378,
      "owner": {
        "id": "1568266436",
        "profile_pic_url": "https://scontent-icn1-1.cdninstagram.com/vp/d95905ac9fc795c63dcf00037a44da40/5B92CA43/t51.2885-19/s150x150/30603995_1768981463161841_6940651233187201024_n.jpg",
        "username": "eunoia_som23"
      }
    }
  }
]